CODIGO,PRODUTO, PREÇO,IPI,CAS,NCM,ST,EXERCITO,CIVIL,FEDERAL,IBAMA,ONU,CLASSE RISCO,VALIDADE,CONCENTRACAO,DENSIDADE,CATEGORIA,SUBCATEGORIA
C04542RA,"1-CLORONAFTALENO 84,5% (GC) 100ML"," R$  869,15 ","0,00%",90-13-1,2903.99.15,NAO,N,N,N,N,3082,9,6 - ANO,"84,5","1,18",Compostos Orgânicos,Diversos
D03204RA,1-DECANOL 98% PA 100ML," R$  46,20 ","0,00%",112-30-1,2905.19.11,NAO,N,N,N,N,-,-,6 - ANO,98,"0,86",Compostos Orgânicos,Diversos
D03203RA,1-DECANOL 98% PA 1L," R$  434,00 ","0,00%",112-30-1,2905.19.11,NAO,N,N,N,N,-,-,6 - ANO,98,"0,82",Compostos Orgânicos,Diversos
T04473RA,"1,1,3,3 TETRAMETILUREIA 99% PA 100ML"," R$  141,60 ","0,00%",632-22-4,2924.19.99,NAO,N,N,N,N,-,-,6 - ANO,99,"0,96",Compostos Orgânicos,Diversos
T04472RA,"1,1,3,3 TETRAMETILUREIA 99% PA 250ML"," R$  295,42 ","0,00%",632-22-4,2924.19.99,NAO,N,N,N,N,-,-,6 - ANO,99,"0,96",Compostos Orgânicos,Diversos
T04471RA,"1,1,3,3 TETRAMETILUREIA 99% PA 500ML"," R$  580,36 ","0,00%",632-22-4,2924.19.99,NAO,N,N,N,N,-,-,6 - ANO,99,"0,96",Compostos Orgânicos,Diversos
D04556RA,"1,2 DICLOROBENZENO 98,5% HPLC PLUS 1L"," R$  245,18 ","0,00%",95-50-1,2903.91.20,NAO,N,N,N,N,1591,6.1,6 - ANO,"98,5","1,31",Solventes e Água,Solventes
D04979RA,"2,3-DIAMONINAFTALENO PA 1G"," R$  849,96 ","0,00%",771-97-1,2921.59.90,NAO,N,N,N,N,-,-,6 - ANO,95,"1,1",Compostos Orgânicos,Diversos
A06105RA,4-AMINOANTIPIRINA 25G," R$  136,91 ","0,00%",83-07-8,2933.11.90,NAO,N,N,N,N,-,-,6 - ANO,98,"1,21",Compostos Orgânicos,Diversos
A04065RA,4-AMINOANTIPIRINA PA 100G," R$  495,58 ","0,00%",83-07-8,2933.11.90,NAO,N,N,N,N,-,-,6 - ANO,98,"1,21",Compostos Orgânicos,Diversos
M03909RA,"4,4'-METILENO-BIS(2-CLOROANILINA) 99%  1KG"," R$  1.710,23 ","0,00%",101-14-4,2921.59.90,NAO,N,N,N,N,3077,9,6 - ANO,99,"1,44",Compostos Orgânicos,Cloridratos e Aminas
M03910RA,"4,4'-METILENO-BIS(2-CLOROANILINA) 99% 250G"," R$  685,26 ","0,00%",101-14-4,2921.59.90,NAO,N,N,N,N,3077,9,6 - ANO,99,"1,44",Compostos Orgânicos,Cloridratos e Aminas
AD04605RA,ACETAL (DIETILACETAL) 98% PA 500ML," R$  485,46 ","0,00%",105-57-7,2912.12.00,NAO,N,N,N,N,1088,3,6 - ANO,98,"0,83",Compostos Orgânicos,Diversos
AP06404RA,ACETAMIDA PURISSIMO 100G," R$  43,08 ","0,00%",60-35-5,2924.29.19,NAO,N,N,N,N,-,-,6 - ANO,"98,5","1,16",Compostos Orgânicos,Ésteres e Amidas
A04721RA,ACETAMIDA PURISSIMO 500G," R$  196,71 ","0,00%",60-35-5,2924.29.19,NAO,N,N,N,N,-,-,6 - ANO,"98,5","1,16",Compostos Orgânicos,Ésteres e Amidas
A07239RA,ACETANILIDA PURISSIMO 500G," R$  113,40 ","0,00%",103-84-4,2915.39.39,NAO,N,N,N,N,-,-,6 - ANO,"98,5","1,22",Compostos Orgânicos,Ésteres e Amidas
AA03777RA,ACETATO DE ALUMINIO BASICO PA 1KG," R$  324,87 ","0,00%",142-03-0,2936.21.12,NAO,N,N,N,N,3077,9,6 - ANO,97,"1,04",Sais Inorgânicos,Acetatos
AA03778RA,ACETATO DE ALUMINIO BASICO PA 250G," R$  82,12 ","0,00%",142-03-0,2936.21.12,NAO,N,N,N,N,3077,9,6 - ANO,97,"1,04",Sais Inorgânicos,Acetatos
AA04017RA,ACETATO DE AMONIO PA 1KG," R$  44,15 ","0,00%",631-61-8,2915.29.90,NAO,N,N,N,N,,,6 - ANO,97,"1,17",Sais Inorgânicos,Acetatos
AA04018RA,ACETATO DE AMONIO PA 500G," R$  24,56 ","0,00%",631-61-8,2915.29.90,NAO,N,N,N,N,-,-,6 - ANO,97,"1,07",Sais Inorgânicos,Acetatos
AA09778RA,ACETATO DE AMONIO PA ACS 1KG," R$  48,83 ","0,00%",631-61-8,2915.29.90,NAO,N,N,N,N,-,-,6 - ANO,97,"1,17",Sais Inorgânicos,Acetatos
AA09562RA,ACETATO DE AMONIO PA ACS 500G," R$  27,72 ","0,00%",631-61-8,2915.29.90,NAO,N,N,N,N,-,-,6 - ANO,97,"1,17",Sais Inorgânicos,Acetatos
AA05407SO,ACETATO DE AMONIO SOL.1M AQUOSO 1L," R$  70,15 ","0,00%",631-61-8,2915.29.90,NAO,N,N,N,N,-,-,2 - ANO,"7,66","1,02",Sais Inorgânicos,Acetatos
AB08472RA,ACETATO DE BARIO PA 500G," R$  46,36 ","0,00%",543-80-6,2915.33.00,NAO,N,N,N,N,-,-,6 - ANO,99,"2,47",Sais Inorgânicos,Acetatos
AB05770RA,ACETATO DE BUTIL GLICOL PA 1L," R$  111,41 ","0,00%",112-07-2,2915.39.99,NAO,N,N,N,N,-,-,6 - ANO,99,"0,94",Sais Inorgânicos,Acetatos
AC05740RA,ACETATO DE CADMIO DIHIDRATADO PA 100G," R$  27,05 ","0,00%",5743-04-4,2915.29.90,NAO,N,N,N,N,2570,6.1,6 - ANO,98,"2,01",Sais Inorgânicos,Acetatos
AC05498RA,ACETATO DE CADMIO DIHIDRATADO PA 1KG," R$  155,80 ","0,00%",5743-04-4,2915.29.90,NAO,N,N,N,N,2570,6.1,6 - ANO,98,"2,01",Sais Inorgânicos,Acetatos
AC05739RA,ACETATO DE CADMIO DIHIDRATADO PA 500G," R$  83,70 ","0,00%",5743-04-4,2915.29.90,NAO,N,N,N,N,2570,6.1,6 - ANO,98,"2,01",Sais Inorgânicos,Acetatos
AC08547RA,ACETATO DE CALCIO H2O PA 1KG," R$  65,22 ","0,00%",5743-26-0,2915.39.29,NAO,N,N,N,N,-,-,6 - ANO,99,"1,5",Sais Inorgânicos,Acetatos
AC07630RA,ACETATO DE CALCIO H2O PA 500G," R$  29,47 ","0,00%",5743-26-0,2915.39.29,NAO,N,N,N,N,-,-,6 - ANO,99,"1,5",Sais Inorgânicos,Acetatos
AC06611RA,ACETATO DE CALCIO P/ANALISE SOLOS 1KG," R$  79,90 ","0,00%",5743-26-0,2915.39.29,NAO,N,N,N,N,-,-,6 - ANO,95,"1,5",Sais Inorgânicos,Acetatos
AC06438RA,ACETATO DE CALCIO P/ANALISE SOLOS 500G," R$  45,13 ","0,00%",5743-26-0,2915.39.29,NAO,N,N,N,N,-,-,6 - ANO,95,"1,5",Sais Inorgânicos,Acetatos
AC06263SO,ACETATO DE CHUMBO BASICO 5% P/V AQ. 1L," R$  41,08 ","0,00%",301-04-2,2915.29.90,NAO,N,N,N,N,2810,6.1,4 - ANO,5,1,Sais Inorgânicos,Acetatos
AC06095RA,ACETATO DE CHUMBO BASICO(SUB-ACETATO) PA 1KG," R$  161,25 ","0,00%",1335-32-6,2833.29.50,NAO,N,N,N,N,1616,6.1,6 - ANO,0,"3,25",Sais Inorgânicos,Acetatos
AC09235RA,ACETATO DE CHUMBO BASICO(SUB-ACETATO) PA 250G," R$  51,78 ","0,00%",1335-32-6,2833.29.50,NAO,N,N,N,N,1616,6.1,6 - ANO,0,"3,25",Sais Inorgânicos,Acetatos
AC06096RA,ACETATO DE CHUMBO BASICO(SUB-ACETATO) PA 500G," R$  86,49 ","0,00%",1335-32-6,2833.29.50,NAO,N,N,N,N,1616,6.1,6 - ANO,0,"3,25",Sais Inorgânicos,Acetatos
SC08636SO,ACETATO DE CHUMBO BASICO(SUB-ACETATO) SOL. 500ML," R$  34,65 ","0,00%",1335-32-6,2833.29.50,NAO,N,N,N,N,2810,6.1,2 - ANO,25,"1,24",Sais Inorgânicos,Acetatos
AC06797RA,ACETATO DE CHUMBO II ANIDRO PA 500G," R$  246,82 ","0,00%",301-04-2,2915.29.90,NAO,N,N,N,N,1616,6.1,6 - ANO,"95,5","3,25",Sais Inorgânicos,Acetatos
AC04982RA,ACETATO DE CHUMBO IV PA 100G," R$  349,82 ","0,00%",546-67-8,2915.29.90,NAO,N,N,N,N,1616,6.1,6 - ANO,99,"2,23",Sais Inorgânicos,Acetatos
AC03601RA,ACETATO DE CHUMBO NEUTRO 3H2O PA 1KG," R$  166,25 ","0,00%",6080-56-4,2915.29.90,NAO,N,N,N,N,1616,6.1,6 - ANO,99,"2,55",Sais Inorgânicos,Acetatos
AC03602RA,ACETATO DE CHUMBO NEUTRO 3H2O PA 500G," R$  86,88 ","0,00%",6080-56-4,2915.29.90,NAO,N,N,N,N,1616,6.1,6 - ANO,99,"2,55",Sais Inorgânicos,Acetatos
AC05347RA,ACETATO DE CHUMBO NEUTRO 3H2O PA ACS ISO 250G," R$  295,26 ","0,00%",114460-21-8,2915.29.90,NAO,N,N,N,N,1616,6.1,6 - ANO,"99,5","2,55",Sais Inorgânicos,Acetatos
AC06464SO,ACETATO DE CHUMBO NEUTRO SOL.1% AQUOSO 1L," R$  26,10 ","0,00%",301-04-2,2915.29.90,NAO,N,N,N,N,2810,6.1,4 - ANO,1,1,Sais Inorgânicos,Acetatos
AC06685SO,ACETATO DE CHUMBO NEUTRO SOL.10% 500ML," R$  22,39 ","0,00%",301-04-2,2915.29.90,NAO,N,N,N,N,2810,6.1,4 - ANO,10,1,Sais Inorgânicos,Acetatos
AC06510SO,ACETATO DE CHUMBO NEUTRO SOL.5% 1L," R$  29,74 ","0,00%",301-04-2,2915.29.90,NAO,N,N,N,N,2810,6.1,4 - ANO,5,1,Sais Inorgânicos,Acetatos
AC09239RA,ACETATO DE COBALTO II OSO 4H2O PA ACS 100G," R$  45,43 ","0,00%",6147-53-1,2915.29.20,NAO,N,N,N,N,3077,9,6 - ANO,98,"1,71",Sais Inorgânicos,Acetatos
AC09150RA,ACETATO DE COBALTO II OSO 4H2O PA ACS 250G," R$  110,09 ","0,00%",6147-53-1,2915.29.20,NAO,N,N,N,N,3077,9,6 - ANO,98,"1,71",Sais Inorgânicos,Acetatos
AC07244RA,ACETATO DE COBRE II ICO H2O PA 1KG," R$  387,18 ","0,00%",6046-93-1,2915.29.90,NAO,N,N,N,N,1759,8,6 - ANO,98,"1,88",Sais Inorgânicos,Acetatos
AC07309RA,ACETATO DE COBRE II ICO H2O PA 500G," R$  198,99 ","0,00%",6046-93-1,2915.29.90,NAO,N,N,N,N,1759,8,6 - ANO,98,"1,88",Sais Inorgânicos,Acetatos
AE05726RA,ACETATO DE ESTRONCIO PA 250G," R$  197,00 ","0,00%",543-94-2,2915.29.90,NAO,N,N,N,N,,,6 - ANO,98,"2,1",Sais Inorgânicos,Acetatos
AL06442RA,ACETATO DE LITIO 98% PA 100G," R$  464,80 ","0,00%",546-89-4,2915.29.90,NAO,N,N,N,N,-,-,6 - ANO,98,"1,3",Sais Inorgânicos,Acetatos
AM04258RA,ACETATO DE MAGNESIO 4H2O PA  250G," R$  34,20 ","0,00%",16674-78-5,2915.39.39,NAO,N,N,N,N,-,-,6 - ANO,98,"1,45",Sais Inorgânicos,Acetatos
AM07623RA,ACETATO DE MAGNESIO 4H2O PA 100G," R$  19,84 ","0,00%",16674-78-5,2915.39.39,NAO,N,N,N,N,-,-,6 - ANO,98,"1,45",Sais Inorgânicos,Acetatos
AM07259RA,ACETATO DE MAGNESIO 4H2O PA 500G," R$  58,43 ","0,00%",16674-78-5,2915.39.99,NAO,N,N,N,N,-,-,6 - ANO,98,"1,45",Sais Inorgânicos,Acetatos
AM03057SO,"ACETATO DE MAGNESIO 4H2O SOL. AQUOSA 1,0M 1L"," R$  52,57 ","0,00%",16674-78-5,2915.39.99,NAO,N,N,N,N,-,-,6 - ANO,98,"1,45",Sais Inorgânicos,Acetatos
AM09240RA,ACETATO DE MANGANES II OSO 4H2O PA 250G," R$  32,25 ","0,00%",6156-78-1,2915.29.90,NAO,N,N,N,N,-,-,6 - ANO,"99,5","1,59",Sais Inorgânicos,Acetatos
AM05864RA,ACETATO DE MANGANES II OSO 4H2O PA 500G," R$  73,40 ","0,00%",6156-78-1,2915.29.90,NAO,N,N,N,N,-,-,6 - ANO,"99,5","1,59",Sais Inorgânicos,Acetatos
AN05467RA,ACETATO DE NIQUEL 4H2O PA 100G," R$  33,16 ","0,00%",6018-89-9,2915.39.99,NAO,N,N,N,N,3077,9,6 - ANO,22,"1,74",Sais Inorgânicos,Acetatos
AN05494RA,ACETATO DE NIQUEL 4H2O PA 250G," R$  64,89 ","0,00%",6018-89-9,2915.39.99,NAO,N,N,N,N,3077,9,6 - ANO,22,"1,74",Sais Inorgânicos,Acetatos
AN05724RA,ACETATO DE NIQUEL 4H2O PA 500G," R$  117,78 ","0,00%",6018-89-9,2915.39.99,NAO,N,N,N,N,3077,9,6 - ANO,22,"1,74",Sais Inorgânicos,Acetatos
AP08173RA,ACETATO DE POTASSIO PA 250G," R$  26,90 ","0,00%",127-08-2,2915.39.39,NAO,N,N,N,N,-,-,6 - ANO,"98,2","1,57",Sais Inorgânicos,Acetatos
AP07939RA,ACETATO DE POTASSIO PA 500G," R$  38,69 ","0,00%",127-08-2,2915.39.39,NAO,N,N,N,N,-,-,6 - ANO,"98,2","1,57",Sais Inorgânicos,Acetatos
AP03413SO,ACETATO DE POTASSIO SOL.10% TS 1L," R$  41,67 ","0,00%",127-08-2,2915.39.39,NAO,N,N,N,N,-,-,4 - ANO,10,"1,57",Sais Inorgânicos,Acetatos
AP07098SO,ACETATO DE POTASSIO SOL.1M 1L," R$  42,30 ","0,00%",127-08-2,2915.39.39,NAO,N,N,N,N,-,-,2 - ANO,"9,81","1,02",Sais Inorgânicos,Acetatos
AP07625RA,ACETATO DE PRATA PA 25G," R$  1.219,50 ","0,00%",563-63-3,2915.39.29,NAO,N,N,N,N,3077,9,6 - ANO,98,"3,26",Sais Inorgânicos,Acetatos
AS03609RA,ACETATO DE SODIO 3H2O CRISTAL PA 1KG," R$  26,36 ","0,00%",6131-90-4,2915.29.10,NAO,N,N,N,N,-,-,6 - ANO,98,"1,45",Sais Inorgânicos,Acetatos
AS03608RA,ACETATO DE SODIO 3H2O CRISTAL PA 500G," R$  17,78 ","0,00%",6131-90-4,2915.29.10,NAO,N,N,N,N,-,-,6 - ANO,98,"1,45",Sais Inorgânicos,Acetatos
AS09182RA,ACETATO DE SODIO 3H2O CRISTAL PA ACS 1KG," R$  42,51 ","0,00%",6131-90-4,2915.29.10,NAO,N,N,N,N,-,-,6 - ANO,99,"1,45",Sais Inorgânicos,Acetatos
AS09146RA,ACETATO DE SODIO 3H2O CRISTAL PA ACS 500G," R$  26,55 ","0,00%",6131-90-4,2915.29.10,NAO,N,N,N,N,-,-,6 - ANO,99,"1,45",Sais Inorgânicos,Acetatos
AS06421RA,ACETATO DE SODIO ANIDRO PA 1KG," R$  61,25 ","0,00%",127-09-3,2915.29.10,NAO,N,N,N,N,-,-,6 - ANO,98,"1,52",Sais Inorgânicos,Acetatos
AS08496RA,ACETATO DE SODIO ANIDRO PA 250G," R$  22,85 ","0,00%",127-09-3,2915.29.10,NAO,N,N,N,N,-,-,6 - ANO,98,"1,52",Sais Inorgânicos,Acetatos
AS07728RA,ACETATO DE SODIO ANIDRO PA 500G," R$  35,63 ","0,00%",127-09-3,2915.29.10,NAO,N,N,N,N,-,-,6 - ANO,98,"1,52",Sais Inorgânicos,Acetatos
AS02143SO,ACETATO DE SODIO SOL. ZERO OU LIGHT 1L	," R$  68,25 ","0,00%",127-09-3,2915.29.10,NAO,N,N,N,N,-,-,4 - ANO,0,"1,52",Sais Inorgânicos,Acetatos
AS07301SO,ACETATO DE SODIO SOL.1N AQUOSA 1L," R$  48,75 ","0,00%",127-09-3,2915.29.10,NAO,N,N,N,N,-,-,2 - ANO,"13,2","1,02",Sais Inorgânicos,Acetatos
AS04927SO,ACETATO DE SODIO SOL.1N ISO ESPECIAL AQUOSA 1L," R$  48,75 ","0,00%",127-09-3,2915.29.10,NAO,N,N,N,N,-,-,2 - ANO,"13,2","1,02",Sais Inorgânicos,Acetatos
AS09426SO,ACETATO DE SODIO SOL.3M AQUOSA 1L," R$  19,80 ","0,00%",127-09-3,2915.29.10,NAO,N,N,N,N,-,-,2 - ANO,40,"1,2",Sais Inorgânicos,Acetatos
AV08008RA,ACETATO DE VINILA 99% PS (3 -20 PPM DE HIDROQUINONA INIBIDOR) 1L," R$  125,15 ","0,00%",108-05-4,2915.39.99,NAO,N,N,N,N,1301,3,6 - ANO,99,"0,93",Sais Inorgânicos,Acetatos
AZ08016RA,ACETATO DE ZINCO CRISTAL 2H2O PA 1KG," R$  76,12 ","0,00%",5970-45-6,2915.29.90,NAO,N,N,N,N,3077,9,6 - ANO,98,"1,84",Sais Inorgânicos,Acetatos
AZ09718RA,ACETATO DE ZINCO CRISTAL 2H2O PA 500G," R$  42,98 ","0,00%",5970-45-6,2915.29.90,NAO,N,N,N,N,3077,9,6 - ANO,98,"1,84",Sais Inorgânicos,Acetatos
AZ09425SO,"ACETATO DE ZINCO SOL.0,1M AQUOSA 1L"," R$  14,52 ","0,00%",557-34-6,2915.29.90,NAO,N,N,N,N,3082,9,2 - ANO,"1,8",1,Sais Inorgânicos,Acetatos
AZ09424SO,"ACETATO DE ZINCO SOL.0,1N AQUOSA 1L"," R$  14,50 ","0,00%",557-34-6,2915.29.90,NAO,N,N,N,N,3082,9,2 - ANO,"1,8",1,Sais Inorgânicos,Acetatos
AZ06622SO,ACETATO DE ZINCO SOL.12% AQUOSA 1L," R$  48,75 ","0,00%",557-34-6,2915.29.90,NAO,N,N,N,N,3082,9,4 - ANO,12,1,Sais Inorgânicos,Acetatos
AZ03515SO,ACETATO DE ZINCO SOL.1M AQUOSA 1L," R$  27,35 ","0,00%",557-34-6,2915.29.90,NAO,N,N,N,N,3077,9,4 - ANO,"18,3",1,Sais Inorgânicos,Acetatos
AZ08177SO,ACETATO DE ZINCO SOL.1N AQUOSA 1L," R$  48,75 ","0,00%",557-34-6,2915.29.90,NAO,N,N,N,N,3082,9,2 - ANO,18,1,Sais Inorgânicos,Acetatos
AZ05572SO,ACETATO DE ZINCO SOL.20% AQUOSA 1L," R$  48,75 ","0,00%",557-34-6,2915.29.90,NAO,N,N,N,N,3082,9,4 - ANO,20,1,Sais Inorgânicos,Acetatos
AZ09423SO,ACETATO DE ZINCO SOL.2N AQUOSA 1L," R$  27,35 ","0,00%",5970-45-6,2915.29.90,NAO,N,N,N,N,3082,9,2 - ANO,18,"1,05",Sais Inorgânicos,Acetatos
AZ06518SO,ACETATO DE ZINCO SOL.30% AQUOSA 1L," R$  39,53 ","0,00%",557-34-6,2915.29.90,NAO,N,N,N,N,3082,9,4 - ANO,30,"1,17",Sais Inorgânicos,Acetatos
AZ05363SO,ACETATO DE ZINCO SOL.5% AQUOSA 1L," R$  13,94 ","0,00%",557-34-6,2915.29.90,NAO,N,N,N,N,3082,9,4 - ANO,5,1,Sais Inorgânicos,Acetatos
AA07506RA,ACETILACETONA PA 1L," R$  139,15 ","0,00%",123-54-6,2914.19.21,NAO,N,N,N,N,2310,3(6.1),6 - ANO,"99,5","0,97",Solventes e Água,Solventes
AA06480RA,ACETOACETATO DE ETILA 1L," R$  268,74 ","0,00%",141-97-9,2850.00.90,NAO,N,N,N,N,-,-,6 - ANO,"98,5","1,03",Sais Inorgânicos,Acetatos
AA07118RA,ACETOACETATO DE ETILA 500ML," R$  141,87 ","0,00%",141-97-9,2850.00.90,NAO,N,N,N,N,-,-,6 - ANO,"98,5","1,03",Sais Inorgânicos,Acetatos
A08055RA,ACETOFENONA PS 1L," R$  272,41 ","0,00%",98-86-2,2914.11.00,NAO,N,N,N,N,-,-,6 - ANO,99,"1,03",Compostos Orgânicos,Aldeídos e Cetonas
A06414RA,ACETOFENONA PS 250ML," R$  95,31 ","0,00%",98-86-2,2914.11.00,NAO,N,N,N,N,-,-,6 - ANO,99,"1,03",Compostos Orgânicos,Aldeídos e Cetonas
AA07284RA,ACIDO 1-AMINO-2-NAFTOL-4-SULFONICO PA 100G," R$  89,49 ","0,00%",116-63-2,2840.11.00,NAO,N,N,N,N,-,-,6 - ANO,98,"1,4",Ácidos e Bases,Ácidos
AA06511RA,ACIDO 1-AMINO-2-NAFTOL-4-SULFONICO PA 25G," R$  24,40 ","0,00%",116-63-2,2918.29.90,NAO,N,N,N,N,-,-,6 - ANO,98,"1,4",Ácidos e Bases,Ácidos
AM03981RA,ACIDO 2-MORFOLINO-N ETANOSULFONICO HIDRATADO (MES) 100G," R$  259,36 ","0,00%",145224-94-8,2934.99.99,NAO,N,N,N,N,-,-,6 - ANO,99,"1,4",Ácidos e Bases,Ácidos
AM03980RA,ACIDO 2-MORFOLINO-N ETANOSULFONICO HIDRATADO (MES) 500G," R$  1.165,55 ","0,00%",145224-94-8,2934.99.99,NAO,N,N,N,N,-,-,6 - ANO,99,"1,4",Ácidos e Bases,Ácidos
AM05376RA,ACIDO 2-MORFOLINO-N ETANOSULFONICO SAL SODICO (MES) PA 100G," R$  248,75 ","0,00%",71119-23-8,2934.99.99,NAO,N,N,N,N,-,-,6 - ANO,99,1,Ácidos e Bases,Ácidos
AM05377RA,ACIDO 2-MORFOLINO-N ETANOSULFONICO SAL SODICO (MES) PA 25G," R$  49,90 ","0,00%",71119-23-8,2934.99.99,NAO,N,N,N,N,-,-,6 - ANO,99,1,Ácidos e Bases,Ácidos
AT05583SO,"ACIDO 2-TIOBARBITURICO SOL.0,3% 1L"," R$  281,12 ","0,00%",504-17-6,2933.52.00,NAO,N,N,N,N,-,,6 - ANO,"0,3",1,Ácidos e Bases,Ácidos
AT04515RA,"ACIDO 2,3,5-TRIIODOBENZOICO (TIBA) PA 10G"," R$  129,45 ","0,00%",88-82-4,2916.39.90,NAO,N,N,N,N,-,-,6 - ANO,"97,5","2,8",Ácidos e Bases,Ácidos
AT04514RA,"ACIDO 2,3,5-TRIIODOBENZOICO (TIBA) PA 25G"," R$  319,74 ","0,00%",88-82-4,2916.39.90,NAO,N,N,N,N,-,-,6 - ANO,"97,5","2,8",Ácidos e Bases,Ácidos
M07373RA,ACIDO 3-MORFOLINO PROPANO SULFONICO (MOPS) 100G," R$  59,28 ","0,00%",1132-61-2,2934.99.11,NAO,N,N,N,N,-,-,6 - ANO,"99,5",1,Ácidos e Bases,Ácidos
M07388RA,ACIDO 3-MORFOLINO PROPANO SULFONICO (MOPS) 500G," R$  277,87 ","0,00%",1132-61-2,2934.99.11,NAO,N,N,N,N,-,-,6 - ANO,"99,5","1,31",Ácidos e Bases,Ácidos
AN06309RA,"ACIDO 3-NITROBENZOICO 98,5% 25G"," R$  63,10 ","0,00%",121-92-6,2916.39.90,NAO,N,N,N,N,-,-,6 - ANO,99,"1,49",Ácidos e Bases,Ácidos
AP04618RA,ACIDO 4-HIDROXIBENZOICO 99% PA 100G," R$  37,46 ","0,00%",99-96-7,2918.29.21,NAO,N,N,N,N,-,-,6 - ANO,99,"1,4",Ácidos e Bases,Ácidos
A03125RA,ACIDO 4-METOXIFENILACETICO 100G," R$  545,50 ","0,00%",104-01-8,2918.99.19,NAO,N,N,N,N,-,-,6 - ANO,99,"1,2",Ácidos e Bases,Ácidos
A03124RA,ACIDO 4-METOXIFENILACETICO 25G," R$  315,26 ","0,00%",104-01-8,2918.99.19,NAO,N,N,N,N,-,-,6 - ANO,99,"1,2",Ácidos e Bases,Ácidos
A03123RA,ACIDO 4-METOXIFENILACETICO 5G," R$  95,26 ","0,00%",104-01-8,2918.99.19,NAO,N,N,N,N,-,-,6 - ANO,99,"1,2",Ácidos e Bases,Ácidos
AA09564RA,ACIDO ACETILSALICILICO PA 250G," R$  35,05 ","0,00%",50-78-2,2918.22.11,NAO,N,N,N,N,-,-,6 - ANO,99,"1,4",Ácidos e Bases,Ácidos
AA06578RA,ACIDO ACETILSALICILICO PA 500G," R$  56,13 ","0,00%",50-78-2,2918.22.11,NAO,N,N,N,N,-,-,6 - ANO,99,"1,4",Ácidos e Bases,Ácidos
AC05772RA,ACIDO ACRILICO 98% PA 1L," R$  59,40 ","0,00%",79-10-7,2916.11.10,NAO,N,N,N,N,2218,8(3),6 - ANO,99,"1,05",Ácidos e Bases,Ácidos
AC05773RA,ACIDO ACRILICO 98% PA 500ML," R$  36,10 ","0,00%",79-10-7,2916.11.10,NAO,N,N,N,N,2218,8(3),6 - ANO,99,"1,05",Ácidos e Bases,Ácidos
AA06549RA,ACIDO ADIPICO PURISSIMO 500G," R$  19,15 ","0,00%",124-04-9,2917.12.10,NAO,N,N,N,N,-,-,6 - ANO,"99,5","1,36",Ácidos e Bases,Ácidos
AA07067RA,ACIDO AMINOBENZOICO-4 PA 100G," R$  58,67 ","0,00%",150-13-0,2922.49.90,NAO,N,N,N,N,-,-,6 - ANO,98,"1,37",Ácidos e Bases,Ácidos
AA05269RA,ACIDO AMINOBENZOICO-4 PA 1KG," R$  843,55 ","0,00%",150-13-0,2922.49.90,NAO,N,N,N,N,-,-,6 - ANO,98,"1,37",Ácidos e Bases,Ácidos
AA07066RA,ACIDO AMINOBENZOICO-4 PA 250G," R$  144,30 ","0,00%",150-13-0,2922.49.90,NAO,N,N,N,N,-,-,6 - ANO,98,"1,37",Ácidos e Bases,Ácidos
AA04631SO,ACIDO ASCORBICO SOL.1% 100ML," R$  26,36 ","0,00%",50-81-7,2936.27.10,NAO,N,N,N,N,-,-,4 - ANO,1,1,Ácidos e Bases,Ácidos
AA04246SO,ACIDO ASCORBICO SOL.1% 1L," R$  34,56 ","0,00%",50-81-7,2936.27.10,NAO,N,N,N,N,-,-,4 - ANO,1,1,Ácidos e Bases,Ácidos
AA06504SO,ACIDO ASCORBICO SOL.10% RS 1L," R$  43,15 ","0,00%",50-81-7,2936.27.10,NAO,N,N,N,N,-,-,4 - ANO,10,"1,02",Ácidos e Bases,Ácidos
AA06217SO,ACIDO ASCORBICO SOL.2% 1L," R$  38,77 ","0,00%",50-81-7,2936.27.10,NAO,N,N,N,N,-,-,4 - ANO,2,1,Ácidos e Bases,Ácidos
AA07267RA,ACIDO ASCORBICO-L PA ACS (VIT.C) 100G," R$  11,38 ","0,00%",50-81-7,2936.27.10,NAO,N,N,N,N,-,-,6 - ANO,99,"1,65",Ácidos e Bases,Ácidos
AA09315RA,ACIDO ASCORBICO-L PA ACS (VIT.C) 250G," R$  21,85 ","0,00%",50-81-7,2936.27.10,NAO,N,N,N,N,-,-,6 - ANO,99,"1,65",Ácidos e Bases,Ácidos
AA09314RA,ACIDO ASCORBICO-L PA ACS (VIT.C) 500G," R$  38,13 ","0,00%",50-81-7,2936.27.10,NAO,N,N,N,N,-,-,6 - ANO,99,"1,65",Ácidos e Bases,Ácidos
AA07888RA,ACIDO ASPARTICO-L PA 25G," R$  9,55 ","0,00%",56-84-8,2922.50.99,NAO,N,N,N,N,-,-,6 - ANO,"98,5","1,66",Ácidos e Bases,Ácidos
AU06507RA,ACIDO AURINTRICARBOXILICO AMONIACO PA ACS 10G," R$  644,70 ","0,00%",569-58-4,3822.90.00,NAO,N,N,N,N,-,-,6 - ANO,0,"2,7",Ácidos e Bases,Ácidos
AB07295RA,ACIDO BARBITURICO PA 100G," R$  843,20 ","0,00%",67-52-7,2933.52.00,NAO,N,N,N,N,-,-,6 - ANO,99,"1,17",Ácidos e Bases,Ácidos
AB06317RA,ACIDO BARBITURICO PA 25G," R$  219,36 ","0,00%",67-52-7,2933.52.00,NAO,N,N,N,N,-,-,6 - ANO,99,"1,17",Ácidos e Bases,Ácidos
AB01999RA,ACIDO BUTANOSULFONATO-1 SAL DE SODIO ANIDRO HPLC 100G," R$  495,25 ",,2386-54-1,2904.10.90,#N/A,N,N,N,N,-,-,6 - ANO,98,1,Ácidos e Bases,Ácidos
AB06590RA,ACIDO BUTANOSULFONATO-1 SAL DE SODIO ANIDRO HPLC 25G," R$  129,89 ","0,00%",2386-54-1,2904.10.90,NAO,N,N,N,N,-,-,6 - ANO,99,1,Ácidos e Bases,Ácidos
AB05965RA,ACIDO BUTIRICO-N (BUTANOICO) PS 1L," R$  287,35 ","0,00%",107-92-6,2933.99.19,NAO,N,N,N,N,2820,8,6 - ANO,99,"0,96",Ácidos e Bases,Ácidos
AB07132RA,ACIDO BUTIRICO-N (BUTANOICO) PS 250ML," R$  84,08 ","0,00%",107-92-6,3808.93.22,NAO,N,N,N,N,2820,8,6 - ANO,99,"0,96",Ácidos e Bases,Ácidos
AC07008RA,ACIDO CALCON CARBOXILICO PA 100G," R$  302,25 ","0,00%",3737-95-9,2927.00.29,NAO,N,N,N,N,-,-,6 - ANO,0,1,Ácidos e Bases,Ácidos
AC07838RA,ACIDO CALCON CARBOXILICO PA 10G," R$  39,20 ","0,00%",3737-95-9,2927.00.29,NAO,N,N,N,N,-,-,6 - ANO,0,1,Ácidos e Bases,Ácidos
AC07358RA,ACIDO CALCON CARBOXILICO PA 25G," R$  83,01 ","0,00%",3737-95-9,2927.00.29,NAO,N,N,N,N,-,-,6 - ANO,0,1,Ácidos e Bases,Ácidos
AC06185SO,"ACIDO CALCON CARBOXILICO SOL.0,1% 1L"," R$  32,26 ","0,00%",3737-95-9,2927.00.29,NAO,N,N,N,N,-,-,2 - ANO,"0,1",1,Ácidos e Bases,Ácidos
AC09414SO,"ACIDO CALCON CARBOXILICO SOL.0,4% 1L"," R$  29,43 ","0,00%",3737-95-9,2927.00.29,NAO,N,N,N,N,-,-,4 - ANO,"0,4",1,Ácidos e Bases,Ácidos
AC09233RA,ACIDO CICLOH.DINITRO TETR.(CDTA) 25G," R$  223,73 ","0,00%",125572-95-4,2922.49.90,NAO,N,N,N,N,-,-,6 - ANO,"97,5",1,Ácidos e Bases,Ácidos
AC08013RA,ACIDO CICLOH.DINITRO TETR.(CDTA) PA 100G," R$  867,33 ","0,00%",125572-95-4,2922.49.90,NAO,N,N,N,N,-,-,6 - ANO,"97,5",1,Ácidos e Bases,Ácidos
AC09546RA,ACIDO CITRICO ANIDRO PA 1KG," R$  35,50 ","0,00%",77-92-9,2918.14.00,NAO,N,N,N,N,-,-,6 - ANO,99,"1,67",Ácidos e Bases,Ácidos
AC09042RA,ACIDO CITRICO ANIDRO PA 500G," R$  22,76 ","0,00%",77-92-9,2918.14.00,NAO,N,N,N,N,-,-,6 - ANO,99,"1,67",Ácidos e Bases,Ácidos
AC09584RA,ACIDO CITRICO H2O PA 1KG," R$  35,50 ","0,00%",5949-29-1,2918.14.00,NAO,N,N,N,N,-,-,6 - ANO,99,"1,54",Ácidos e Bases,Ácidos
AC09686RA,ACIDO CITRICO H2O PA 500G," R$  22,76 ","0,00%",5949-29-1,2918.14.00,NAO,N,N,N,N,-,-,6 - ANO,99,"1,54",Ácidos e Bases,Ácidos
AC08984SO,"ACIDO CITRICO SOL.0,1M 1L"," R$  19,06 ","0,00%",77-92-9,2918.14.00,NAO,N,N,N,N,-,-,2 - ANO,"1,93",1,Ácidos e Bases,Ácidos
AC09413SO,ACIDO CITRICO SOL.10% 1L," R$  19,50 ","0,00%",77-92-9,2918.14.00,NAO,N,N,N,N,-,-,4 - ANO,10,"1,04",Ácidos e Bases,Ácidos
AC06327SO,ACIDO CITRICO SOL.40% 1L," R$  48,75 ","0,00%",77-92-9,2918.14.00,NAO,N,N,N,N,-,-,4 - ANO,40,"1,14",Ácidos e Bases,Ácidos
AC07167RA,ACIDO CLOROACETICO PS 500G," R$  62,15 ","0,00%",79-11-8,2915.40.10,NAO,N,N,N,N,1751,6.1(8),6 - ANO,99,"1,4",Ácidos e Bases,Ácidos
AC05083SO,ACIDO CROMICO SOL.5% 1L," R$  26,30 ","0,00%",1333-82-0,2819.10.00,NAO,N,N,N,N,1755,8,4 - ANO,5,1,Ácidos e Bases,Ácidos
AC04638SO,ACIDO CROMICO SOL.50% 1L," R$  68,16 ","0,00%",1333-82-0,2819.10.00,NAO,N,N,N,N,1755,8,4 - ANO,50,"1,24",Ácidos e Bases,Ácidos
AC04598RA,ACIDO CROMICO VI (ANIDRIDO CROMICO) (OXIDO DE CROMO VI) PA 5KG," R$  366,89 ","0,00%",1333-82-0,2819.10.00,NAO,N,N,N,N,1463,5.1(8),6 - ANO,0,"2,7",Ácidos e Bases,Ácidos
AC07762RA,ACIDO CROMICO VI(ANIDRIDO CROMICO)(OXIDO DE CROMO VI) PA  100G," R$  15,13 ","0,00%",1333-82-0,2819.10.00,NAO,N,N,N,N,1463,5.1,6 - ANO,"99,5","2,7",Ácidos e Bases,Ácidos
AC07412RA,ACIDO CROMICO VI(ANIDRIDO CROMICO)(OXIDO DE CROMO VI) PA 250G," R$  26,52 ","0,00%",1333-82-0,2819.10.00,NAO,N,N,N,N,1463,5.1,6 - ANO,"99,5","2,7",Ácidos e Bases,Ácidos
AC09301RA,ACIDO CROMICO VI(ANIDRIDO CROMICO)(OXIDO DE CROMO VI) PA 500G," R$  42,25 ","0,00%",1333-82-0,2819.10.00,NAO,N,N,N,N,1463,5.1(8),6 - ANO,"99,5","2,7",Ácidos e Bases,Ácidos
AC08414RA,ACIDO CROMOTROPICO 25G," R$  89,99 ","0,00%",5808-22-0,2842.90.00,NAO,N,N,N,N,-,-,4 - ANO,98,1,Ácidos e Bases,Ácidos
AC06326SO,"ACIDO CROMOTROPICO SOL.0,5% 1L"," R$  75,25 ","0,00%",5808-22-0,2842.90.00,NAO,N,N,N,N,-,-,4 - ANO,"0,5",1,Ácidos e Bases,Ácidos
AD03427RA,ACIDO DECANOSULFONATO-1 SAL SODIO ANIDRO HPLC	100G," R$  405,15 ","0,00%",13419-61-9,2904.10.90,NAO,N,N,N,N,-,-,6 - ANO,99,1,Ácidos e Bases,Ácidos
AD03905RA,ACIDO DECANOSULFONATO-1 SAL SODIO ANIDRO HPLC 10G," R$  77,48 ","0,00%",13419-61-9,2904.10.90,NAO,N,N,N,N,-,-,6 - ANO,99,1,Ácidos e Bases,Ácidos
AD05512RA,ACIDO DECANOSULFONATO-1 SAL SODIO ANIDRO HPLC 25G," R$  104,68 ","0,00%",13419-61-9,2904.10.90,NAO,N,N,N,N,-,-,6 - ANO,99,1,Ácidos e Bases,Ácidos
AD05722RA,ACIDO DICLOROACETICO PUREX 500ML," R$  310,30 ","0,00%",79-43-6,2915.40.90,NAO,N,N,N,N,1764,8,6 - ANO,98,"1,56",Ácidos e Bases,Ácidos
AD05924RA,ACIDO DIETILENOTRIAMINOPENTACETICO (DTPA ) 100G," R$  89,99 ","0,00%",67-43-6,2922.49.40,NAO,N,N,N,N,-,-,6 - ANO,99,1,Ácidos e Bases,Ácidos
AD04067RA,ACIDO DIETILENOTRIAMINOPENTACETICO (DTPA) 1KG," R$  432,25 ","0,00%",67-43-6,2922.49.40,NAO,N,N,N,N,,,6 - ANO,99,1,Ácidos e Bases,Ácidos
AD04068RA,ACIDO DIETILENOTRIAMINOPENTACETICO (DTPA) 500G," R$  289,56 ","0,00%",67-43-6,2922.49.40,NAO,N,N,N,N,,,6 - ANO,99,1,Ácidos e Bases,Ácidos
DS06604RA,ACIDO DIFENILAMINA-4-SULFONICO SAL SODICO PA  5G," R$  11,14 ","0,00%",6152-67-6,2921.44.29,NAO,N,N,N,N,-,-,6 - ANO,0,1,Ácidos e Bases,Ácidos
AD03346RA,ACIDO DIFENILAMINA-4-SULFONICO SAL SODICO PA 100G," R$  160,12 ","0,00%",6152-67-6,2921.44.29,NAO,N,N,N,N,-,-,6 - ANO,0,1,Ácidos e Bases,Ácidos
AD03345RA,ACIDO DIFENILAMINA-4-SULFONICO SAL SODICO PA 25G," R$  44,48 ","0,00%",6152-67-6,2921.44.29,NAO,N,N,N,N,-,-,6 - ANO,0,1,Ácidos e Bases,Ácidos
AD03348RA,ACIDO DIFENILAMINA-4-SULFONICO(SULFONATO) SAL BARIO PA 100G," R$  463,50 ","0,00%",6211-24-1,2921.44.29,NAO,N,N,N,N,-,-,6 - ANO,0,1,Ácidos e Bases,Ácidos
AD03347RA,ACIDO DIFENILAMINA-4-SULFONICO(SULFONATO) SAL BARIO PA 25G," R$  120,40 ","0,00%",6211-24-1,2921.44.29,NAO,N,N,N,N,-,-,6 - ANO,0,1,Ácidos e Bases,Ácidos
DB07549RA,ACIDO DIFENILAMINA-4-SULFONICO(SULFONATO) SAL BARIO PA 5G," R$  21,99 ","0,00%",6211-24-1,2921.44.29,NAO,N,N,N,N,-,-,6 - ANO,95,1,Ácidos e Bases,Ácidos
AD08115RA,"ACIDO DINITROBENZOICO 3,5 PA 100G"," R$  190,69 ","0,00%",99-34-3,2842.90.00,NAO,N,N,N,N,-,-,6 - ANO,99,"1,49",Ácidos e Bases,Ácidos
AD07190RA,"ACIDO DINITROSALICILICO 3,5 PA 100G"," R$  245,17 ","0,00%",609-99-4,2842.90.00,NAO,N,N,N,N,1325,4.1,6 - ANO,99,1,Indicadores,Indicadores e Corantes
AD06720RA,"ACIDO DINITROSALICILICO 3,5 PA 25G"," R$  77,89 ","0,00%",609-99-4,2842.90.00,NAO,N,N,N,N,1325,4.1,6 - ANO,99,1,Indicadores,Indicadores e Corantes
AD07362RA,ACIDO DODECANOSULFONICO-1 SAL SODICO ANIDRO HPLC 10G," R$  328,92 ","0,00%",2386-53-0,2902.20.00,NAO,N,N,N,N,-,-,6 - ANO,99,1,Ácidos e Bases,Ácidos
AE09285RA,ACIDO ESTEARICO PA 1KG," R$  46,98 ","0,00%",57-11-4,2915.70.20,NAO,N,N,N,N,-,-,6 - ANO,90,"0,94",Ácidos e Bases,Ácidos
AE09286RA,ACIDO ESTEARICO PA 500G," R$  29,13 ","0,00%",57-11-4,2915.70.20,NAO,N,N,N,N,-,-,6 - ANO,90,"0,94",Ácidos e Bases,Ácidos
AF05403RA,ACIDO FLUOBORICO 50% PA 1KG," R$  92,54 ","0,00%",16872-11-0,2811.19.90,NAO,N,N,N,N,1775,8,6 - ANO,"48,5","1,4",Ácidos e Bases,Ácidos
AF07228RA,ACIDO FOLICO 97% PA 100G," R$  119,40 ","0,00%",59-30-3,2936.29.11,NAO,N,N,N,N,-,-,6 - ANO,97,1,Ácidos e Bases,Ácidos
AF06097RA,ACIDO FOSFOMOLIBDICO PA 100G," R$  142,46 ","0,00%",51429-74-4,2811.19.90,NAO,N,N,N,N,3084,8(5.1),6 - ANO,0,"1,6",Ácidos e Bases,Ácidos
AF07695RA,ACIDO FOSFOMOLIBDICO PA 25G," R$  36,89 ","0,00%",51429-74-4,2811.19.90,NAO,N,N,N,N,3084,8(5.1),6 - ANO,0,"1,6",Ácidos e Bases,Ácidos
AF04426SO,ACIDO FOSFOMOLIBDOTUNGSTICO (REAGENTE) 100ML," R$  457,00 ","0,00%",-,2811.19.90,NAO,N,N,N,N,1760,8,2 - ANO,85,"1,11",Ácidos e Bases,Ácidos
AF04929SO,ACIDO FOSFOMOLIBDOTUNGSTICO 500ML," R$  280,70 ","0,00%",-,2811.19.90,NAO,N,N,N,N,1760,8,2 - ANO,10,"1,12",Ácidos e Bases,Ácidos
AF03837RA,ACIDO FOSFOROSO PA 100G," R$  18,10 ","0,00%",13598-36-2,2811.19.20,NAO,N,N,N,N,2834,8,6 - ANO,"98,5","1,65",Ácidos e Bases,Ácidos
AF07460RA,ACIDO FOSFOROSO PURO 500G," R$  24,99 ","0,00%",13598-36-2,2811.19.20,NAO,N,N,N,N,2834,8,4 - ANO,"98,5","1,65",Ácidos e Bases,Ácidos
AF08294RA,ACIDO FOSFOTUNGSTICO PA 100G," R$  210,00 ","0,00%",12501-23-4,2811.19.90,NAO,N,N,N,N,3260,8,6 - ANO,0,1,Ácidos e Bases,Ácidos
AF06042RA,ACIDO FOSFOTUNGSTICO PA 1KG," R$  2.256,49 ","0,00%",12501-23-4,2811.19.90,NAO,N,N,N,N,3260,8,6 - ANO,0,1,Ácidos e Bases,Ácidos
AF08293RA,ACIDO FOSFOTUNGSTICO PA 25G," R$  56,00 ","0,00%",12501-23-4,2811.19.90,NAO,N,N,N,N,3260,8,6 - ANO,0,1,Ácidos e Bases,Ácidos
AF04649RA,ACIDO FTALICO ANIDRIDO 100G," R$  61,10 ","0,00%",88-99-3,2917.39.90,NAO,N,N,N,N,-,-,6 - ANO,"99,5","1,63",Ácidos e Bases,Ácidos
AF3102RA,ACIDO FTALICO ANIDRIDO PA 500G," R$  206,50 ","0,00%",88-99-3,2917.39.90,NAO,N,N,N,N,-,-,6 - ANO,"99,5","1,59",Ácidos e Bases,Ácidos
AF06474RA,ACIDO FUMARICO PA 250G," R$  20,09 ","0,00%",110-17-8,2917.19.30,NAO,N,N,N,N,-,-,6 - ANO,"99,5","1,63",Ácidos e Bases,Ácidos
AF06473RA,ACIDO FUMARICO PA 500G," R$  30,90 ","0,00%",110-17-8,2917.19.30,NAO,N,N,N,N,-,-,6 - ANO,"99,5","1,63",Ácidos e Bases,Ácidos
AG09683RA,ACIDO GALICO ANIDRO PURISSIMO 100G," R$  41,34 ","0,00%",149-91-7,2918.29.30,NAO,N,N,N,N,-,-,6 - ANO,98,1,Ácidos e Bases,Ácidos
AG07238RA,ACIDO GALICO ANIDRO PURISSIMO 250G," R$  87,78 ","0,00%",149-91-7,2918.29.30,NAO,N,N,N,N,-,-,6 - ANO,98,1,Ácidos e Bases,Ácidos
AG06626RA,ACIDO GALICO ANIDRO PURISSIMO 500G," R$  165,18 ","0,00%",149-91-7,2918.29.30,NAO,N,N,N,N,-,-,6 - ANO,98,1,Ácidos e Bases,Ácidos
AG04506RA,ACIDO GIBERELICO PA 100G," R$  440,12 ","0,00%",77-06-5,1702.11.00,NAO,N,N,N,N,-,-,6 - ANO,90,1,Ácidos e Bases,Ácidos
AG09999RA,ACIDO GIBERELICO PA 1G," R$  29,98 ","0,00%",77-06-5,1702.11.00,NAO,N,N,N,N,-,-,6 - ANO,90,1,Ácidos e Bases,Ácidos
AG04507RA,ACIDO GIBERELICO PA 25G," R$  179,58 ","0,00%",77-06-5,1702.11.00,NAO,N,N,N,N,-,-,6 - ANO,90,1,Ácidos e Bases,Ácidos
AG06372RA,ACIDO GLICOLICO CRISTAIS OU PO 98% PA 100G," R$  105,55 ","0,00%",79-14-1,2918.19.90,NAO,N,N,N,N,3261,8,6 - ANO,98,"1,49",Ácidos e Bases,Ácidos
AG04791RA,ACIDO GLICOLICO CRISTAIS OU PO 98% PA 500G," R$  532,26 ","0,00%",79-14-1,2918.19.90,NAO,N,N,N,N,3261,8,6 - ANO,0,"1,49",Ácidos e Bases,Ácidos
AG09037RA,ACIDO GLUTAMICO-L PA 100G," R$  12,58 ","0,00%",56-86-0,2922.42.20,NAO,N,N,N,N,-,-,6 - ANO,98,"1,46",Ácidos e Bases,Ácidos
AG05409RA,ACIDO GLUTAMICO-L PA 1KG," R$  76,58 ","0,00%",56-86-0,2922.42.10,NAO,N,N,N,N,-,-,6 - ANO,98,"1,46",Ácidos e Bases,Ácidos
AG07740RA,ACIDO GLUTAMICO-L PA 500G," R$  39,89 ","0,00%",56-86-0,2922.42.10,NAO,N,N,N,N,-,-,6 - ANO,98,"1,46",Ácidos e Bases,Ácidos
AH04779RA,ACIDO HEPTANOSULFONATO-1 SAL SODIO ANIDRO HPLC 100G," R$  448,41 ","0,00%",22767-50-6,2904.10.90,NAO,N,N,N,N,-,-,6 - ANO,99,1,Ácidos e Bases,Ácidos
AH04780RA,ACIDO HEPTANOSULFONATO-1 SAL SODIO ANIDRO HPLC 250G," R$  1.087,37 ","0,00%",22767-50-6,2904.10.90,NAO,N,N,N,N,-,-,6 - ANO,99,1,Ácidos e Bases,Ácidos
HS08145RA,ACIDO HEPTANOSULFONATO-1 SAL SODIO ANIDRO HPLC 25G," R$  118,24 ","0,00%",22767-50-6,2904.10.90,NAO,N,N,N,N,-,-,6 - ANO,99,1,Ácidos e Bases,Ácidos
HS05808RA,ACIDO HEPTANOSULFONATO-1 SAL SODIO MONOHIDRATADO HPLC 25G," R$  102,89 ","0,00%",207300-90-1,2904.10.90,NAO,N,N,N,N,-,-,6 - ANO,99,1,Ácidos e Bases,Ácidos
AH05034RA,ACIDO HEXACLOROPLATINICO IV HIDRATADO PA 1G," R$  816,52 ","0,00%",26023-84-7,2842.90.00,NAO,N,N,N,N,2507,8,6 - ANO,"37,5",1,Ácidos e Bases,Ácidos
H07346RA,ACIDO HEXACLOROPLATINICO IV PA ACS 1G," R$  1.363,32 ","0,00%",18497-13-7,2842.90.00,NAO,N,N,N,N,2507,8,6 - ANO,"37,5",1,Ácidos e Bases,Ácidos
AH04501RA,ACIDO HEXANOSULFONICO-1 SAL SODICO ANIDRO 99% HPLC 100G," R$  447,19 ","0,00%",2832-45-3,2904.10.90,NAO,N,N,N,N,-,-,6 - ANO,99,1,Ácidos e Bases,Ácidos
AH04781RA,ACIDO HEXANOSULFONICO-1 SAL SODICO ANIDRO 99% HPLC 250G," R$  1.073,25 ","0,00%",2832-45-3,2904.10.90,NAO,N,N,N,N,-,-,6 - ANO,99,1,Ácidos e Bases,Ácidos
AH05839RA,ACIDO HEXANOSULFONICO-1 SAL SODICO MONOHIDRATADO HPLC 25G," R$  73,54 ","0,00%",207300-91-2,2904.10.90,NAO,N,N,N,N,-,-,6 - ANO,99,1,Ácidos e Bases,Ácidos
HS06441RA,ACIDO HEXANOSULFONICO-1 SAL SODIO ANIDRO 99% HPLC 25G," R$  99,41 ","0,00%",2832-45-3,2904.10.90,NAO,N,N,N,N,-,-,6 - ANO,99,1,Ácidos e Bases,Ácidos
AH05721RA,ACIDO HIPURICO PUREX 100G," R$  44,78 ","0,00%",495-69-2,2924.29.99,NAO,N,N,N,N,-,-,6 - ANO,99,"1,37",Ácidos e Bases,Ácidos
AH05720RA,ACIDO HIPURICO PUREX 250G," R$  99,50 ","0,00%",495-69-2,2924.29.99,NAO,N,N,N,N,-,-,6 - ANO,99,"1,37",Ácidos e Bases,Ácidos
AH02170RA,ACIDO HUMICO 500G	," R$  42,25 ","0,00%",1415-93-6,2942.00.00,NAO,N,N,N,N,-,-,6 - ANO,70,"1,4",Ácidos e Bases,Ácidos
AI06513RA,ACIDO INDOLILACETICO-3 PS 25G," R$  114,69 ","0,00%",87-51-4,2933.99.19,NAO,N,N,N,N,-,-,6 - ANO,97,"1,57",Ácidos e Bases,Ácidos
AI09715RA,ACIDO INDOLILACETICO-3 PS 5G," R$  37,19 ","0,00%",87-51-4,2933.99.19,NAO,N,N,N,N,-,-,6 - ANO,97,"1,57",Ácidos e Bases,Ácidos
AI07770RA,"ACIDO INDOLILBUTIRICO-4,3 PS 25G"," R$  88,45 ","0,00%",133-32-4,2933.99.19,NAO,N,N,N,N,2811,6.1,6 - ANO,98,1,Ácidos e Bases,Ácidos
AI07985RA,"ACIDO INDOLILBUTIRICO-4,3 PS 5G"," R$  22,56 ","0,00%",133-32-4,2933.99.19,NAO,N,N,N,N,2811,6.1,6 - ANO,98,1,Ácidos e Bases,Ácidos
AI05021RA,ACIDO ITACONICO PA 100G," R$  46,55 ","0,00%",97-65-4,2917.19.90,NAO,N,N,N,N,-,-,6 - ANO,"99,7","1,63",Ácidos e Bases,Ácidos
AI05072RA,ACIDO ITACONICO PA 1KG," R$  189,63 ","0,00%",97-65-4,2917.19.90,NAO,N,N,N,N,-,-,6 - ANO,"99,7","1,63",Ácidos e Bases,Ácidos
AL08042RA,ACIDO LATICO 85% PA 1L," R$  48,72 ","0,00%",50-21-5,2918.11.00,NAO,N,N,N,N,-,-,6 - ANO,85,"1,24",Ácidos e Bases,Ácidos
AL07944RA,ACIDO LATICO 85% PA 500ML," R$  28,23 ","0,00%",50-21-5,2918.11.00,NAO,N,N,N,N,-,-,6 - ANO,85,"1,24",Ácidos e Bases,Ácidos
AL04343SO,ACIDO LATICO SOL.45% 1L," R$  45,00 ","0,00%",50-21-5,2918.11.00,NAO,N,N,N,N,-,-,4 - ANO,45,"1,24",Ácidos e Bases,Ácidos
AL09443SO,ACIDO LATICO SOL.5% 1L," R$  17,27 ","0,00%",50-21-5,2918.11.00,NAO,N,N,N,N,-,-,4 - ANO,5,"1,24",Ácidos e Bases,Ácidos
AL07860RA,ACIDO LAURICO 250G," R$  25,79 ","0,00%",143-07-7,2915.90.41,NAO,N,N,N,N,-,-,6 - ANO,98,"0,88",Ácidos e Bases,Ácidos
AL06085RA,ACIDO LEVULINICO 99% 100G," R$  185,24 ","0,00%",123-76-2,2918.30.90,NAO,N,N,N,N,-,-,6 - ANO,99,"1,14",Ácidos e Bases,Ácidos
AL06086RA,ACIDO LEVULINICO 99% 1KG," R$  582,16 ","0,00%",123-76-2,2918.30.90,NAO,N,N,N,N,-,-,6 - ANO,99,"1,14",Ácidos e Bases,Ácidos
AL06864RA,ACIDO LINOLEICO PURISSIMO 10G," R$  426,34 ","0,00%",60-33-3,2916.15.20,NAO,N,N,N,N,-,-,6 - ANO,90,"0,9",Ácidos e Bases,Ácidos
AM06470RA,ACIDO MALEICO PS 500G," R$  107,28 ","0,00%",110-16-7,2917.19.21,NAO,N,N,N,N,3261,8,6 - ANO,99,"1,59",Ácidos e Bases,Ácidos
AM05600RA,ACIDO MALICO (DL) PA 1KG," R$  57,21 ","0,00%",6915-15-7,2917.39.90,NAO,N,N,N,N,-,-,6 - ANO,99,"1,6",Ácidos e Bases,Ácidos
AM07739RA,ACIDO MALICO (DL) PA 250G," R$  20,73 ","0,00%",6915-15-7,2917.39.90,NAO,N,N,N,N,-,-,6 - ANO,99,"1,6",Ácidos e Bases,Ácidos
AM08987RA,ACIDO MALONICO PA 100G," R$  123,71 ","0,00%",141-82-2,2917.39.90,NAO,N,N,N,N,-,-,6 - ANO,99,"1,6",Ácidos e Bases,Ácidos
AM03342RA,ACIDO MALONICO PA 1KG," R$  990,12 ","0,00%",141-82-2,2917.39.90,NAO,N,N,N,N,-,-,6 - ANO,"98,5",1,Ácidos e Bases,Ácidos
AM07661RA,ACIDO MANDELICO (DL) PA 1KG," R$  352,28 ","0,00%",90-64-2,2918.19.90,NAO,N,N,N,N,-,-,6 - ANO,99,"1,31",Ácidos e Bases,Ácidos
AM05890RA,ACIDO MANDELICO (DL) PA 250G," R$  128,53 ","0,00%",90-64-2,2918.19.90,NAO,N,N,N,N,-,-,6 - ANO,99,"1,31",Ácidos e Bases,Ácidos
AM09935RA,ACIDO MANDELICO (DL) PA 500G," R$  191,99 ","0,00%",90-64-2,2918.19.90,NAO,N,N,N,N,-,-,6 - ANO,99,"1,31",Ácidos e Bases,Ácidos
AM03793RA,ACIDO METAFOSFORICO APARAS PA 100G," R$  98,25 ","0,00%",37267-86-0,2809.20.20,NAO,N,N,N,N,3260,8,6 - ANO,33,1,Ácidos e Bases,Ácidos
AM03791RA,ACIDO METAFOSFORICO APARAS PA 1KG," R$  745,15 ","0,00%",37267-86-0,2809.20.20,NAO,N,N,N,N,3260,8,6 - ANO,40,1,Ácidos e Bases,Ácidos
AM07506RA,ACIDO METAFOSFORICO APARAS PA 250G," R$  218,51 ","0,00%",37267-86-0,2809.20.20,NAO,N,N,N,N,3260,8,6 - ANO,33,1,Ácidos e Bases,Ácidos
AM03792RA,ACIDO METAFOSFORICO APARAS PA 500G," R$  405,33 ","0,00%",37267-86-0,2809.20.20,NAO,N,N,N,N,3260,8,6 - ANO,40,1,Ácidos e Bases,Ácidos
AM05444RA,ACIDO METAFOSFORICO PA EM BASTÕES 100G," R$  95,26 ","0,00%",37267-86-0,2809.20.20,NAO,N,N,N,N,3260,8,6 - ANO,40,1,Ácidos e Bases,Ácidos
AM05445RA,ACIDO METAFOSFORICO PA EM BASTÕES 250G," R$  229,89 ","0,00%",37267-86-0,2809.20.20,NAO,N,N,N,N,3260,8,6 - ANO,40,1,Ácidos e Bases,Ácidos
AM06214SO,ACIDO METAFOSFORICO SOL.1% 1L," R$  118,45 ","0,00%",37267-86-0,2809.20.20,NAO,N,N,N,N,-,-,4 - ANO,1,1,Ácidos e Bases,Ácidos
AM05942RA,ACIDO MIRISTICO 500G," R$  31,68 ","0,00%",544-63-8,2915.90.31,NAO,N,N,N,N,-,-,6 - ANO,99,"0,86",Ácidos e Bases,Ácidos
AM04475RA,ACIDO MOLIBDICO 85% PA ACS 100G," R$  176,85 ","0,00%",7782-91-4,2825.70.90,NAO,N,N,N,N,-,-,6 - ANO,85,1,Ácidos e Bases,Ácidos
AM04474RA,ACIDO MOLIBDICO 85% PA ACS 250G," R$  427,18 ","0,00%",7782-91-4,2825.70.90,NAO,N,N,N,N,-,-,6 - ANO,85,1,Ácidos e Bases,Ácidos
AN07871RA,ACIDO NAFTALENO ACETICO 99% (ANA) 100G," R$  45,83 ","0,00%",86-87-3,2916.39.90,NAO,N,N,N,N,-,-,6 - ANO,99,1,Ácidos e Bases,Ácidos
AN07875RA,ACIDO NAFTALENO ACETICO 99% (ANA) 25G," R$  20,19 ","0,00%",86-87-3,2916.39.90,NAO,N,N,N,N,-,-,6 - ANO,99,1,Ácidos e Bases,Ácidos
AN03122RA,ACIDO NALIDIXICO PA 100G," R$  1.062,50 ","0,00%",389-08-2,2918.99.19,NAO,N,N,N,N,-,-,6 - ANO,98,1,Ácidos e Bases,Ácidos
AN04432RA,ACIDO NALIDIXICO PA 25G," R$  332,25 ","0,00%",389-08-2,2933.99.92,NAO,N,N,N,N,-,-,6 - ANO,98,1,Ácidos e Bases,Ácidos
AN07462RA,ACIDO NICOTINICO (NIACINA) PA 100G," R$  29,84 ","0,00%",59-67-6,2936.29.51,NAO,N,N,N,N,-,-,6 - ANO,99,"1,47",Ácidos e Bases,Ácidos
AN06437RA,ACIDO NICOTINICO (NIACINA) PA 250G," R$  59,78 ","0,00%",59-67-6,2936.29.51,NAO,N,N,N,N,-,-,6 - ANO,99,"1,47",Ácidos e Bases,Ácidos
AN07891RA,ACIDO NITRILO TRIACETICO (NTA) PA 100G," R$  58,61 ","0,00%",139-13-9,2922.49.90,NAO,N,N,N,N,-,-,6 - ANO,99,1,Ácidos e Bases,Ácidos
AN07898RA,ACIDO NITRILO TRIACETICO (NTA) PA 250G," R$  132,73 ","0,00%",139-13-9,2922.49.90,NAO,N,N,N,N,-,-,6 - ANO,99,1,Ácidos e Bases,Ácidos
AN06410RA,ACIDO NITRILO TRIACETICO (NTA) PA 500G," R$  256,27 ","0,00%",139-13-9,2922.49.90,NAO,N,N,N,N,-,-,6 - ANO,99,1,Ácidos e Bases,Ácidos
AN05719RA,ACIDO NITROBENZOICO-3 (META) PUREX 100G," R$  217,60 ","0,00%",121-92-6,2916.39.90,NAO,N,N,N,N,-,-,6 - ANO,"98,5","1,49",Ácidos e Bases,Ácidos
AN06429RA,ACIDO NITROBENZOICO-4 (PARA) PA 100G," R$  18,63 ","0,00%",62-23-7,2916.39.30,NAO,N,N,N,N,-,-,6 - ANO,99,"1,61",Ácidos e Bases,Ácidos
AO05818SO,"ACIDO OCTANO-1 SULFONATO DE SODIO 0,005M 500ML"," R$  188,45 ","0,00%",5324-84-5,2904.10.90,NAO,N,N,N,N,-,-,2 - ANO,"0,05","0,98",Ácidos e Bases,Ácidos
AO03341RA,ACIDO OCTANOSULFONICO-1 SAL SODIO ANIDRO HPLC 	250G," R$  1.152,93 ","0,00%",141-82-2,2904.10.90,NAO,N,N,N,N,-,-,6 - ANO,"98,5",1,Ácidos e Bases,Ácidos
AO07174RA,ACIDO OCTANOSULFONICO-1 SAL SODIO ANIDRO HPLC 100G," R$  442,51 ","0,00%",5324-84-5,2904.10.90,NAO,N,N,N,N,3261,8,6 - ANO,99,1,Ácidos e Bases,Ácidos
AO07292RA,ACIDO OCTANOSULFONICO-1 SAL SODIO ANIDRO HPLC 25G," R$  109,43 ","0,00%",5324-84-5,2904.10.90,NAO,N,N,N,N,3261,8,6 - ANO,99,1,Ácidos e Bases,Ácidos
AO07508RA,ACIDO OLEICO PA 1L," R$  75,21 ","0,00%",112-80-1,3823.12.00,NAO,N,N,N,N,-,-,6 - ANO,0,"0,89",Ácidos e Bases,Ácidos
AO04931RA,ACIDO OXALICO ANIDRO PA 250G," R$  211,55 ","0,00%",144-62-7,2917.11.10,NAO,N,N,N,N,-,-,6 - ANO,99,"1,9",Ácidos e Bases,Ácidos
AO09354RA,ACIDO OXALICO CRISTAL 2H2O PA 1KG," R$  20,34 ","0,00%",6153-56-6,2917.11.10,NAO,N,N,N,N,-,-,6 - ANO,99,"1,03",Ácidos e Bases,Ácidos
AO08510RA,ACIDO OXALICO CRISTAL 2H2O PA 500G," R$  14,77 ","0,00%",6153-56-6,2917.11.10,NAO,N,N,N,N,-,-,6 - ANO,99,"1,03",Ácidos e Bases,Ácidos
AO06650SO,"ACIDO OXALICO SOL.0,0125N 1L"," R$  17,10 ","0,00%",144-62-7,2917.11.10,NAO,N,N,N,N,-,-,2 - ANO,"0,08",1,Ácidos e Bases,Ácidos
AO06279SO,"ACIDO OXALICO SOL.0,01N 1L"," R$  17,10 ","0,00%",144-62-7,2917.11.10,NAO,N,N,N,N,-,-,2 - ANO,"0,06",1,Ácidos e Bases,Ácidos
AO09397SO,"ACIDO OXALICO SOL.0,1N 1L"," R$  13,20 ","0,00%",144-62-7,2917.11.10,NAO,N,N,N,N,-,-,2 - ANO,"0,63",1,Ácidos e Bases,Ácidos
AO04681SO,"ACIDO OXALICO SOL.0,2M 1L"," R$  48,25 ","0,00%",144-62-7,2917.11.10,NAO,N,N,N,N,-,-,2 - ANO,"2,52",1,Ácidos e Bases,Ácidos
AO07953SO,"ACIDO OXALICO SOL.0,5% 5L"," R$  30,07 ","0,00%",144-62-7,2917.11.10,NAO,N,N,N,N,-,-,4 - ANO,"0,5",1,Ácidos e Bases,Ácidos
AO04504SO,"ACIDO OXALICO SOL.0,5M 1L"," R$  48,25 ","0,00%",144-62-7,2917.11.10,NAO,N,N,N,N,-,-,2 - ANO,"0,49",1,Ácidos e Bases,Ácidos
AO07047SO,ACIDO OXALICO SOL.1% 1L," R$  18,25 ","0,00%",144-62-7,2917.11.10,NAO,N,N,N,N,-,-,4 - ANO,1,1,Ácidos e Bases,Ácidos
AO06275SO,ACIDO OXALICO SOL.10% 1L," R$  13,50 ","0,00%",144-62-7,2917.11.10,NAO,N,N,N,N,-,-,4 - ANO,10,1,Ácidos e Bases,Ácidos
AO08977SO,ACIDO OXALICO SOL.1N 1L," R$  14,71 ","0,00%",144-62-7,2917.11.10,NAO,N,N,N,N,-,-,2 - ANO,"4,45",1,Ácidos e Bases,Ácidos
AO06434SO,"ACIDO OXALICO SOL.7,5% 1L"," R$  20,00 ","0,00%",144-62-7,2917.11.10,NAO,N,N,N,N,-,-,4 - ANO,"7,5","1,02",Ácidos e Bases,Ácidos
AP03339RA,ACIDO PENTANOSULFONATO-1 SAL SODIO ANIDRO HPLC 250G," R$  1.141,36 ","0,00%",22767-49-3,2901.10.00,NAO,N,N,N,N,-,-,6 - ANO,95,1,Ácidos e Bases,Ácidos
PS08148RA,ACIDO PENTANOSULFONATO-1 SAL SODIO ANIDRO HPLC 25G," R$  109,43 ","0,00%",22767-49-3,2901.10.00,NAO,N,N,N,N,-,-,6 - ANO,98,1,Ácidos e Bases,Ácidos
AS05483RA,ACIDO PENTANOSULFONATO-1 SAL SODIO H2O HPLC 25G," R$  136,83 ","0,00%",207605-40-1,2901.10.00,NAO,N,N,N,N,-,-,6 - ANO,99,1,Ácidos e Bases,Ácidos
AP08170SO,"ACIDO PERIODICO SOL.0,5% 100ML"," R$  66,30 ","0,00%",10450-60-9,2811.19.90,NAO,N,N,N,N,3093,5.1(8),4 - ANO,"0,5",1,Ácidos e Bases,Ácidos
AP05718RA,ACIDO PIPERAZINA BIS-ETANOSULFONICO-SAL SODICO (PIPES-SODICO) PUREX 25G," R$  269,10 ","0,00%",100037-69-2,2933.59.19,NAO,N,N,N,N,,,6 - ANO,98,1,Ácidos e Bases,Ácidos
AP06641RA,ACIDO PIROGALICO (PIROGALOL) PA 100G," R$  72,36 ","0,00%",87-66-1,2907.29.00,NAO,N,N,N,N,-,-,6 - ANO,98,"1,45",Ácidos e Bases,Ácidos
AP09027RA,ACIDO PIROGALICO (PIROGALOL) PA 250G," R$  154,09 ","0,00%",87-66-1,2907.29.00,NAO,N,N,N,N,-,-,6 - ANO,98,"1,45",Ácidos e Bases,Ácidos
AP09026RA,ACIDO PIROGALICO (PIROGALOL) PA 500G," R$  268,88 ","0,00%",87-66-1,2907.29.00,NAO,N,N,N,N,-,-,6 - ANO,98,"1,45",Ácidos e Bases,Ácidos
AP05432RA,ACIDO PIRUVICO PA 100ML," R$  150,26 ","0,00%",127-17-3,2842.90.00,NAO,N,N,N,N,3265,8,6 - ANO,98,"1,22",Ácidos e Bases,Ácidos
AP04943RA,ACIDO POLIACRILICO CARBOMERO PA 1KG," R$  156,22 ","0,00%",9003-01-4,3906.90.11,NAO,N,N,N,N,3077,9,6 - ANO,0,"1,27",Ácidos e Bases,Ácidos
AP04655RA,ACIDO POLIACRILICO CARBOMERO PA 500G," R$  86,79 ","0,00%",9003-01-4,3906.90.11,NAO,N,N,N,N,3077,9,6 - ANO,0,"1,27",Ácidos e Bases,Ácidos
AP07211RA,ACIDO PROPIONICO 99% PS 1L," R$  69,49 ","0,00%",79-09-4,2827.39.95,NAO,N,N,N,N,3463,8(3),6 - ANO,99,"0,99",Ácidos e Bases,Ácidos
AR06567RA,ACIDO ROSOLICO (CI.43800) 100G," R$  343,25 ","0,00%",603-45-2,3822.90.00,NAO,N,N,N,N,-,-,6 - ANO,0,1,Ácidos e Bases,Ácidos
AR09013RA,ACIDO ROSOLICO (CI.43800) 25G," R$  89,55 ","0,00%",603-45-2,3822.90.00,NAO,N,N,N,N,-,-,6 - ANO,0,1,Ácidos e Bases,Ácidos
AR09394SO,"ACIDO ROSOLICO (PH 6,8- 8,2) 1L"," R$  20,17 ","0,00%",603-45-2,3822.90.00,NAO,N,N,N,N,1993,3,2 - ANO,1,1,Ácidos e Bases,Ácidos
AR06299SO,"ACIDO ROSOLICO 1% HID.SODIO 0,2N 1L"," R$  65,00 ","0,00%",603-45-2,3822.90.00,NAO,N,N,N,N,1760,8,2 - ANO,1,1,Ácidos e Bases,Ácidos
AR03965SO,"ACIDO ROSOLICO SOL.0,2% ALCOOLICA 1L"," R$  65,00 ","0,00%",603-45-2,3822.90.00,NAO,N,N,N,N,1993,3,2 - ANO,"0,2",1,Ácidos e Bases,Ácidos
AR05468SO,ACIDO ROSOLICO SOL.1% ALCOOLICA 1L," R$  65,00 ","0,00%",603-45-2,3822.90.00,NAO,N,N,N,N,1993,3,4 - ANO,1,1,Ácidos e Bases,Ácidos
AR06290SO,ACIDO ROSOLICO SOL.2% ALCOOLICA 1L," R$  76,82 ","0,00%",603-45-2,3822.90.00,NAO,N,N,N,N,1993,3,2 - ANO,2,1,Ácidos e Bases,Ácidos
AS09998RA,ACIDO SALICILICO PA 250G," R$  41,36 ","0,00%",69-72-7,2918.21.10,NAO,N,N,N,N,-,-,6 - ANO,99,"1,44",Ácidos e Bases,Ácidos
AS09248RA,ACIDO SALICILICO PA 500G," R$  73,71 ","0,00%",69-72-7,2918.21.10,NAO,N,N,N,N,-,-,6 - ANO,99,"1,44",Ácidos e Bases,Ácidos
AS06552RA,ACIDO SILICOTUNGSTICO PA 25G," R$  141,12 ","0,00%",12027-43-9,2915.40.90,NAO,N,N,N,N,-,-,6 - ANO,"99,5","4,5",Ácidos e Bases,Ácidos
AS07411RA,ACIDO SORBICO PA 250G," R$  19,44 ","0,00%",110-44-1,2916.19.19,NAO,N,N,N,N,-,-,6 - ANO,99,"1,2",Ácidos e Bases,Ácidos
AS06604RA,ACIDO SORBICO PA 500G," R$  33,91 ","0,00%",110-44-1,2916.19.19,NAO,N,N,N,N,-,-,6 - ANO,99,"1,2",Ácidos e Bases,Ácidos
AS03010RA,ACIDO SORBICO PA 5KG," R$  387,15 ","0,00%",110-44-1,2916.19.11,NAO,N,N,N,N,-,-,6 - ANO,99,"1,2",Ácidos e Bases,Ácidos
AS06553RA,ACIDO SUCCINICO PA ACS 1KG," R$  156,00 ","0,00%",110-15-6,2917.19.90,NAO,N,N,N,N,-,-,6 - ANO,99,"1,57",Ácidos e Bases,Ácidos
AS06554RA,ACIDO SUCCINICO PA ACS 500G," R$  84,25 ","0,00%",110-15-6,2917.19.90,NAO,N,N,N,N,-,-,6 - ANO,99,"1,57",Ácidos e Bases,Ácidos
AS09195RA,ACIDO SULFAMICO PA 1KG," R$  42,96 ","0,00%",5329-14-6,2811.19.10,NAO,N,N,N,N,2967,8,6 - ANO,99,"2,15",Ácidos e Bases,Ácidos
AS09605RA,ACIDO SULFAMICO PA 500G," R$  21,87 ","0,00%",5329-14-6,2811.19.10,NAO,N,N,N,N,2967,8,6 - ANO,99,"2,15",Ácidos e Bases,Ácidos
AS04842SO,ACIDO SULFAMICO SOL.10% AQUOSO 1L," R$  29,13 ","0,00%",5329-14-6,2811.19.10,NAO,N,N,N,N,1760,8,4 - ANO,10,"1,03",Ácidos e Bases,Ácidos
AS07956RA,ACIDO SULFANILICO PA ACS 100G," R$  14,61 ","0,00%",121-57-3,2921.42.11,NAO,N,N,N,N,-,-,6 - ANO,98,"1,48",Ácidos e Bases,Ácidos
AS09732RA,ACIDO SULFANILICO PA ACS 250G," R$  29,85 ","0,00%",121-57-3,2921.42.11,NAO,N,N,N,N,-,-,6 - ANO,98,"1,48",Ácidos e Bases,Ácidos
AS07983RA,ACIDO SULFANILICO PA ACS 500G," R$  58,08 ","0,00%",121-57-3,2921.42.11,NAO,N,N,N,N,-,-,6 - ANO,98,"1,48",Ácidos e Bases,Ácidos
AS08972SO,ACIDO SULFIDRICO SATURADO (SULFETO DE HIDROGENIO SATURADO RS) 1L," R$  25,08 ","0,00%",7783-06-4,2811.19.90,NAO,N,N,N,N,3287,6.1,4 - ANO,"0,38",1,Ácidos e Bases,Ácidos
SH03332SO,ACIDO SULFIDRICO SATURADO (SULFETO DE HIDROGENIO SATURADO TS) 1L," R$  25,08 ","0,00%",7783-06-4,2811.19.90,NAO,N,N,N,N,-,-,4 - ANO,0,1,Ácidos e Bases,Ácidos
AS06939RA,ACIDO SULFONICO PA 1L," R$  59,69 ","0,00%",27176-87-0,2806.20.00,NAO,N,N,N,N,2586,8,6 - ANO,89,1,Ácidos e Bases,Ácidos
AS05834SO,ACIDO SULFONICO SOL.50% 1L," R$  75,15 ","0,00%",27176-87-0,2806.20.00,NAO,N,N,N,N,2586,8,2 - ANO,50,1,Ácidos e Bases,Ácidos
AS05575SO,ACIDO SULFOSSALICILICO SOL.10% 1L," R$  30,63 ","0,00%",5965-83-3,2918.29.10,NAO,N,N,N,N,3265,8,4 - ANO,10,"1,01",Ácidos e Bases,Ácidos
AS05582SO,ACIDO SULFOSSALICILICO SOL.2% P/V 1L," R$  48,10 ","0,00%",5965-83-3,2918.29.10,NAO,N,N,N,N,-,-,4 - ANO,10,"0,98",Ácidos e Bases,Ácidos
AS03945SO,ACIDO SULFOSSALICILICO SOL.20% 1L," R$  124,15 ","0,00%",5965-83-3,2918.29.10,NAO,N,N,N,N,3265,8,4 - ANO,20,"1,06",Ácidos e Bases,Ácidos
AS09393SO,ACIDO SULFOSSALICILICO SOL.3% 1L," R$  18,97 ","0,00%",5965-83-3,2918.29.10,NAO,N,N,N,N,-,-,4 - ANO,3,"0,98",Ácidos e Bases,Ácidos
AS05783SO,ACIDO SULFOSSALICILICO SOL.5% 1L," R$  22,30 ","0,00%",5965-83-3,2918.29.10,NAO,N,N,N,N,-,-,4 - ANO,5,"0,98",Ácidos e Bases,Ácidos
AS07895RA,ACIDO SULFOSSALICILICO-5 (2H2O) PA 100G," R$  41,78 ","0,00%",5965-83-3,2918.29.10,NAO,N,N,N,N,3261,8,6 - ANO,98,"1,69",Ácidos e Bases,Ácidos
AS08478RA,ACIDO SULFOSSALICILICO-5 (2H2O) PA 250G," R$  89,44 ","0,00%",5965-83-3,2918.29.10,NAO,N,N,N,N,3261,8,6 - ANO,98,"1,69",Ácidos e Bases,Ácidos
AC04568SO,ACIDO SULFUROSO SOL. SATURADA 1L," R$  240,00 ","0,00%",7446-09-05,2811.29.10,NAO,N,N,N,N,1833,8,2 - ANO,6,"1,02",Ácidos e Bases,Ácidos
AT09996RA,ACIDO TANICO PA 100G," R$  24,72 ","0,00%",1401-55-4,3201.90.20,NAO,N,N,N,N,-,-,6 - ANO,91,1,Ácidos e Bases,Ácidos
AT06952RA,ACIDO TANICO PA 250G," R$  43,30 ","0,00%",1401-55-4,3201.90.20,NAO,N,N,N,N,-,-,6 - ANO,95,1,Ácidos e Bases,Ácidos
AT05906SO,ACIDO TANICO SOL.2% AQUOSA 1L," R$  19,90 ","0,00%",1401-55-4,2915.39.39,NAO,N,N,N,N,-,-,4 - ANO,2,1,Ácidos e Bases,Ácidos
AT05717RA,ACIDO TARTARICO L(+) PA ACS ISO 500G," R$  103,78 ","0,00%",87-69-4,2918.13.10,NAO,N,N,N,N,-,-,6 - ANO,99,"1,74",Ácidos e Bases,Ácidos
AT08129RA,ACIDO TARTARICO-L PA 1KG," R$  87,90 ","0,00%",87-69-4,2918.13.10,NAO,N,N,N,N,-,-,6 - ANO,99,"1,74",Ácidos e Bases,Ácidos
AT08130RA,ACIDO TARTARICO-L PA 500G," R$  48,95 ","0,00%",87-69-4,2918.13.10,NAO,N,N,N,N,-,-,6 - ANO,99,"1,74",Ácidos e Bases,Ácidos
AT09381SO,ACIDO TARTARICO-L SOL.10% 1L," R$  19,29 ","0,00%",87-69-4,2918.13.10,NAO,N,N,N,N,-,-,4 - ANO,10,1,Ácidos e Bases,Ácidos
AT07299RA,ACIDO TIOBARBITURICO PA 100G," R$  676,84 ","0,00%",504-17-6,2933.52.00,NAO,N,N,N,N,-,-,6 - ANO,98,"1,66",Ácidos e Bases,Ácidos
AT07821RA,ACIDO TIOBARBITURICO PA 25G," R$  290,97 ","0,00%",504-17-6,2933.52.00,NAO,N,N,N,N,-,-,6 - ANO,98,"1,66",Ácidos e Bases,Ácidos
AT05254SO,"ACIDO TIOBARBITURICO SOL.0,02M 1L"," R$  187,30 ","0,00%",504-17-6,2933.52.00,NAO,N,N,N,N,-,-,2 - ANO,"0,29",1,Ácidos e Bases,Ácidos
AT06123RA,ACIDO TIOGLICOLICO PS 1L," R$  191,45 ","0,00%",68-11-1,2930.90.11,NAO,N,N,N,N,1940,8,6 - ANO,99,"1,33",Ácidos e Bases,Ácidos
AT07997RA,ACIDO TIOGLICOLICO PS 500ML," R$  101,98 ","0,00%",68-11-1,2930.90.11,NAO,N,N,N,N,1940,8,6 - ANO,99,"1,33",Ácidos e Bases,Ácidos
AT04989RA,ACIDO TOLUENO SULFONICO-4 AMIDA PA 100G," R$  278,39 ","0,00%",70-55-3,2935.90.93,NAO,N,N,N,N,-,-,6 - ANO,"97,5",1,Ácidos e Bases,Ácidos
AT06418RA,ACIDO TOLUENO SULFONICO-4 PA 100G," R$  25,87 ","0,00%",6192-52-5,2915.40.90,NAO,N,N,N,N,2585,8,6 - ANO,"97,5",1,Ácidos e Bases,Ácidos
AT04368RA,ACIDO TOLUENO SULFONICO-4 PA 1KG," R$  123,66 ","0,00%",6192-52-5,2915.40.90,NAO,N,N,N,N,2585,8,6 - ANO,"97,5",1,Ácidos e Bases,Ácidos
AT07621RA,ACIDO TOLUENO SULFONICO-4 PA 250G," R$  42,16 ","0,00%",6192-52-5,2915.40.90,NAO,N,N,N,N,2585,8,6 - ANO,"97,5",1,Ácidos e Bases,Ácidos
AT07146SO,"ACIDO TOLUENO SULFONICO-4 SOL.0,01N 1L"," R$  45,45 ","0,00%",6192-52-5,2915.40.90,NAO,N,N,N,N,-,-,2 - ANO,"0,19",1,Ácidos e Bases,Ácidos
AT07159RA,ACIDO TRICLOROACETICO PA 100G," R$  23,93 ","0,00%",76-03-9,2915.40.90,NAO,N,N,N,N,1839,8,6 - ANO,98,"1,61",Ácidos e Bases,Ácidos
AT05765RA,ACIDO TRICLOROACETICO PA 1KG," R$  122,70 ","0,00%",76-03-9,2915.40.90,NAO,N,N,N,N,1839,8,6 - ANO,98,"1,61",Ácidos e Bases,Ácidos
AT08556RA,ACIDO TRICLOROACETICO PA 250G," R$  39,68 ","0,00%",76-03-9,2915.40.90,NAO,N,N,N,N,1839,8,6 - ANO,98,"1,61",Ácidos e Bases,Ácidos
AT09052RA,ACIDO TRICLOROACETICO PA 500G," R$  67,35 ","0,00%",76-03-9,2915.40.90,NAO,N,N,N,N,1839,8,6 - ANO,98,"1,61",Ácidos e Bases,Ácidos
AT006316SO,ACIDO TRICLOROACETICO SOL.1% 1L," R$  20,00 ","0,00%",76-03-9,2915.40.90,NAO,N,N,N,N,2564,8,4 - ANO,1,"0,98",Ácidos e Bases,Ácidos
AT06370SO,ACIDO TRICLOROACETICO SOL.12% 1L," R$  33,12 ","0,00%",76-03-9,2915.40.90,NAO,N,N,N,N,2564,8,4 - ANO,12,"1,02",Ácidos e Bases,Ácidos
AT02084SO,ACIDO TRICLOROACETICO SOL.15%. 1L	," R$  38,12 ","0,00%",76-03-9,2915.40.90,NAO,N,N,N,N,2564,8,4 - ANO,15,"1,62",Ácidos e Bases,Ácidos
AT09379SO,ACIDO TRICLOROACETICO SOL.20% 1L," R$  45,52 ","0,00%",76-03-9,2915.40.90,NAO,N,N,N,N,2564,8,4 - ANO,20,"1,07",Ácidos e Bases,Ácidos
AT09378SO,ACIDO TRICLOROACETICO SOL.25% 1L," R$  57,00 ","0,00%",76-03-9,2915.40.90,NAO,N,N,N,N,2564,8,4 - ANO,25,"1,09",Ácidos e Bases,Ácidos
AT04610SO,ACIDO TRICLOROACETICO SOL.35% 1L," R$  71,64 ","0,00%",76-03-9,2915.40.90,NAO,N,N,N,N,2564,8,4 - ANO,35,"1,1",Ácidos e Bases,Ácidos
AT04609SO,ACIDO TRICLOROACETICO SOL.40% 1L," R$  79,04 ","0,00%",76-03-9,2915.40.90,NAO,N,N,N,N,2564,8,4 - ANO,40,"1,12",Ácidos e Bases,Ácidos
AT09376SO,ACIDO TRICLOROACETICO SOL.48% 1L," R$  90,84 ","0,00%",76-03-9,2915.40.90,NAO,N,N,N,N,2564,8,4 - ANO,50,"1,29",Ácidos e Bases,Ácidos
AT04608SO,ACIDO TRICLOROACETICO SOL.70% 1L," R$  123,32 ","0,00%",76-03-9,2915.40.90,NAO,N,N,N,N,2564,8,4 - ANO,70,"1,3",Ácidos e Bases,Ácidos
AT09377SO,ACIDO TRICLOROACETICO SOL.80% 1L," R$  138,08 ","0,00%",76-03-9,2915.40.90,NAO,N,N,N,N,2564,8,4 - ANO,80,"1,31",Ácidos e Bases,Ácidos
AT06832SO,ACIDO TRICLOROACETICO SOL.90% 1L," R$  152,84 ","0,00%",76-03-9,2915.40.90,NAO,N,N,N,N,2564,8,4 - ANO,90,"1,34",Ácidos e Bases,Ácidos
AT09380SO,ACIDO TRICLOROACETICO SOL10% 1L," R$  34,76 ","0,00%",76-03-9,2915.40.90,NAO,N,N,N,N,2564,8,4 - ANO,10,"0,99",Ácidos e Bases,Ácidos
AT03963RA,ACIDO TRIFLUORACETICO 99% PA 100ML," R$  98,58 ","0,00%",76-05-1,2915.40.90,NAO,N,N,N,N,2699,8,6 - ANO,"99,8",1,Ácidos e Bases,Ácidos
AT03961RA,ACIDO TRIFLUORACETICO 99% PA 1L," R$  473,19 ","0,00%",76-05-1,2915.40.90,NAO,N,N,N,N,2699,8,6 - ANO,"99,8",1,Ácidos e Bases,Ácidos
AT03962RA,ACIDO TRIFLUORACETICO 99% PA 500ML," R$  262,88 ","0,00%",76-05-1,2915.40.90,NAO,N,N,N,N,2699,8,6 - ANO,"99,8",1,Ácidos e Bases,Ácidos
AT09559RA,"ACIDO TRIFLUORACETICO P/ ESPECTROSCOPIA UV MIN. 99,8% 100ML"," R$  181,40 ","0,00%",76-05-1,2915.40.90,NAO,N,N,N,N,2699,8,6 - ANO,"99,8",1,Ácidos e Bases,Ácidos
AT08357RA,"ACIDO TRIFLUORACETICO P/ ESPECTROSCOPIA UV MIN. 99,8% 1L"," R$  874,88 ","0,00%",76-05-1,2915.40.90,NAO,N,N,N,N,2699,8,6 - ANO,"99,8",1,Ácidos e Bases,Ácidos
AT09865RA,"ACIDO TRIFLUORACETICO P/ ESPECTROSCOPIA UV MIN. 99,8% 250ML"," R$  557,46 ","0,00%",76-05-1,2915.40.90,NAO,N,N,N,N,2699,8,6 - ANO,"99,8",1,Ácidos e Bases,Ácidos
AT03960RA,ACIDO TRIFLUOROACETICO LC-MS 50ML," R$  910,14 ","0,00%",76-05-1,2915.40.90,NAO,N,N,N,N,2699,8,6 - ANO,99,1,Ácidos e Bases,Ácidos
AT05592RA,ACIDO TRIFLUOROMETANOSULFONICO 100G," R$  2.452,32 ","0,00%",1493-13-6,2904.99.90,NAO,N,N,N,N,3265,8,6 - ANO,98,"1,69",Ácidos e Bases,Ácidos
AT05593RA,ACIDO TRIFLUOROMETANOSULFONICO 25G," R$  622,08 ","0,00%",1493-13-6,2904.99.90,NAO,N,N,N,N,3265,8,6 - ANO,98,"1,69",Ácidos e Bases,Ácidos
AU03814RA,ACIDO URICO PUREX 100GR," R$  3.791,60 ","0,00%",69-93-2,2917.19.90,NAO,N,N,N,N,-,-,6 - ANO,0,"1,01",Ácidos e Bases,Ácidos
AU05716RA,ACIDO URICO PUREX 25G," R$  1.895,80 ","0,00%",69-93-2,2917.19.90,NAO,N,N,N,N,-,-,6 - ANO,99,"1,01",Ácidos e Bases,Ácidos
A06307RA,ACRILAMIDA PS 250G," R$  56,28 ","0,00%",79-06-1,2924.19.31,NAO,N,N,N,N,2074,6.1,6 - ANO,98,"1,12",Compostos Orgânicos,Ésteres e Amidas
A06025RA,ACRILAMIDA PS 500G," R$  69,30 ","0,00%",79-06-1,2924.19.31,NAO,N,N,N,N,2074,6.1,6 - ANO,98,"1,12",Compostos Orgânicos,Ésteres e Amidas
AE05201RA,ACRILATO DE ETILA 1L," R$  260,86 ","0,00%",140-88-5,2916.12.20,NAO,N,N,N,N,1917,3,6 - ANO,"99,5","0,92",Compostos Orgânicos,Ésteres e Amidas
AC06924SO,ACUCAR INVERTIDO SOL.1% 1L," R$  53,23 ","0,00%",65207-55-8,1701.99.00,NAO,N,N,N,N,1760,8,2 - ANO,1,"0,98",Compostos Orgânicos,Diversos
A06359RA,ADONITOL PUREX 5G," R$  309,07 ","0,00%",488-81-3,3822.90.00,NAO,N,N,N,N,-,-,6 - ANO,98,"1,08",Compostos Orgânicos,Diversos
A09310RA,AGAR AGAR 500G (ORIGINAL)," R$  225,56 ","0,00%",9002-18-0,1302.31.00,NAO,N,N,N,N,-,-,6 - ANO,0,1,Compostos Orgânicos,Açúcares e Carboidratos
A05755RA,AGAROSE ALTA ELETROENDOSMOSE 25G," R$  154,91 ","0,00%",9012-36-6,3822.90.00,NAO,N,N,N,N,-,-,6 - ANO,0,1,Compostos Orgânicos,Açúcares e Carboidratos
A05568RA,AGAROSE BAIXA ELETROENDOSMOSE PA 25G," R$  142,19 ","0,00%",9012-36-6,3822.90.00,NAO,N,N,N,N,-,-,6 - ANO,0,1,Compostos Orgânicos,Açúcares e Carboidratos
A06386RA,AGAROSE P/ELETROFORESE 100G," R$  491,58 ","0,00%",9012-36-6,3822.90.00,NAO,N,N,N,N,-,-,6 - ANO,0,1,Compostos Orgânicos,Açúcares e Carboidratos
A09636RA,AGAROSE P/ELETROFORESE 25G," R$  145,50 ","0,00%",9012-36-6,3822.90.00,NAO,N,N,N,N,-,-,6 - ANO,0,1,Compostos Orgânicos,Açúcares e Carboidratos
A06762RA,AGAROSE PADRAO BIOL MOLEC. E BIOQ. 500G," R$  1.855,30 ","0,00%",9012-36-6,3822.90.00,NAO,N,N,N,N,-,-,6 - ANO,0,1,Reagentes Especiais,Soluções e Tampões
AB09437SO,AGUA BIDESTILADA 1L," R$  7,48 ","0,00%",7732-18-5,3301.90.30,NAO,N,N,N,N,-,-,4 - ANO,0,1,Solventes e Água,Água e Diluentes
AC06267SO,AGUA DE CLORO 1L," R$  297,30 ","0,00%",7782-50-5,2828.90.11,NAO,N,N,N,N,1760,8,2 - ANO,5,"0,98",Solventes e Água,Água e Diluentes
AD09361SO,AGUA DEIONIZADA 1L," R$  5,50 ","0,00%",7732-18-5,2853.90.90,NAO,N,N,N,N,-,-,4 - ANO,0,1,Solventes e Água,Água e Diluentes
AD09362SO,AGUA DEIONIZADA 5L," R$  17,48 ","0,00%",7732-18-5,2853.90.90,NAO,N,N,N,N,-,-,4 - ANO,0,1,Solventes e Água,Água e Diluentes
AD04614RA,AGUA DESMINERALIZADA 5L," R$  16,65 ","0,00%",7732-18-5,2853.90.90,NAO,N,N,N,N,-,-,4 - ANO,0,1,Solventes e Água,Água e Diluentes
AD09758SO,AGUA DESTILADA 1L," R$  5,50 ","0,00%",7732-18-5,2853.90.90,NAO,N,N,N,N,-,-,4 - ANO,0,1,Solventes e Água,Água e Diluentes
AD09320SO,AGUA DESTILADA 5L," R$  24,25 ","0,00%",7732-18-5,2853.90.90,NAO,N,N,N,N,-,-,4 - ANO,0,1,Solventes e Água,Água e Diluentes
AR09838RA,AGUA RAZ DESODORIZADO 1L," R$  43,40 ","0,00%",64742-82-1,2710.12.30,NAO,N,N,N,N,1263,3,4 - ANO,0,1,Solventes e Água,Água e Diluentes
A05613SO,AGUA ULTRA PURA TIPO 1 1L," R$  53,55 ","0,00%",7732-18-5,2853.90.90,NAO,N,N,N,N,-,-,4 - ANO,0,1,Solventes e Água,Água e Diluentes
A06993RA,ALANINA-L PA 100G," R$  27,99 ","0,00%",56-41-7,2922.49.90,NAO,N,N,N,N,-,-,6 - ANO,"98,5","1,43",Compostos Orgânicos,Aminoácidos
A06478RA,ALANINA-L PA 1KG," R$  186,14 ","0,00%",56-41-7,2922.49.90,NAO,N,N,N,N,-,-,6 - ANO,"98,5","1,43",Compostos Orgânicos,Aminoácidos
A07862RA,ALANTOINA PURISSIMO 100G," R$  44,55 ","0,00%",97-59-6,2933.21.90,NAO,N,N,N,N,-,-,6 - ANO,99,1,Compostos Orgânicos,Diversos
A06491RA,ALANTOINA PURISSIMO 250G," R$  102,57 ","0,00%",97-59-6,2933.21.90,NAO,N,N,N,N,-,-,6 - ANO,99,1,Compostos Orgânicos,Diversos
A06490RA,ALANTOINA PURISSIMO 500G," R$  199,00 ","0,00%",97-59-6,2933.21.90,NAO,N,N,N,N,-,-,6 - ANO,99,1,Compostos Orgânicos,Diversos
AM04892RA,ALARANJADO DE METILA PA ACS 100G," R$  61,05 ","0,00%",547-58-0,3204.12.10,SIM,N,N,N,N,3143,6.1,6 - ANO,0,"1,468",Indicadores,Indicadores e Corantes
AM04893RA,ALARANJADO DE METILA PA ACS 25G," R$  22,76 ","0,00%",547-58-0,3204.12.10,SIM,N,N,N,N,3143,6.1,6 - ANO,0,"1,468",Indicadores,Indicadores e Corantes
AM04896SO,"ALARANJADO DE METILA SOL.0,05% 1L"," R$  15,93 ","0,00%",547-58-0,3204.12.10,SIM,N,N,N,N,-,-,4 - ANO,"0,05",1,Indicadores,Indicadores e Corantes
AM04895SO,"ALARANJADO DE METILA SOL.0,1% 1L"," R$  15,89 ","0,00%",547-58-0,3204.12.10,SIM,N,N,N,N,-,-,4 - ANO,"0,1",1,Indicadores,Indicadores e Corantes
AM04900SO,"ALARANJADO DE METILA SOL.0,2% 1L"," R$  16,16 ","0,00%",547-58-0,3204.12.10,SIM,N,N,N,N,-,-,4 - ANO,"0,2",1,Indicadores,Indicadores e Corantes
AM04897SO,"ALARANJADO DE METILA SOL.0,5% ALC. 1L"," R$  22,36 ","0,00%",547-58-0,3204.12.10,SIM,N,N,N,N,1993,3,4 - ANO,"0,5",1,Indicadores,Indicadores e Corantes
AM04899SO,"ALARANJADO DE METILA SOL.0,5% AQ. 1L"," R$  17,79 ","0,00%",547-58-0,3204.12.10,SIM,N,N,N,N,-,-,2 - ANO,"0,5",1,Indicadores,Indicadores e Corantes
AM04898SO,ALARANJADO DE METILA SOL.1% 1L," R$  17,32 ","0,00%",547-58-0,3204.12.10,SIM,N,N,N,N,-,-,4 - ANO,1,1,Indicadores,Indicadores e Corantes
AM04894SO,"ALARANJADO DE METILA SOLUCAO (PH 3,1-4,4) 1L"," R$  17,33 ","0,00%",547-58-0,3204.12.10,SIM,N,N,N,N,-,-,2 - ANO,1,1,Indicadores,Indicadores e Corantes
AX04904RA,ALARANJADO DE XILENOL 1% EM CLORETO DE POTASSIO ( MISTURA SOLIDA) 100G," R$  16,50 ","0,00%",-,3204.12.10,NAO,N,N,N,N,-,-,6 - ANO,1,"1,98",Indicadores,Indicadores e Corantes
AX04832SO,"ALARANJADO DE XILENOL SOL.0,05% 500ML"," R$  24,19 ","0,00%",3618-43-7,3204.12.10,SIM,N,N,N,N,-,-,4 - ANO,"0,05",1,Indicadores,Indicadores e Corantes
AX04248SO,"ALARANJADO DE XILENOL SOL.0,1% AQUOSA 1L"," R$  27,69 ","0,00%",3618-43-7,3204.12.10,SIM,N,N,N,N,-,-,4 - ANO,"0,1","0,99",Indicadores,Indicadores e Corantes
AX04823SO,"ALARANJADO DE XILENOL SOL.0,1% EM ETANOL 1L"," R$  30,73 ","0,00%",3618-43-7,3204.12.10,SIM,N,N,N,N,1993,3,4 - ANO,1,"0,99",Indicadores,Indicadores e Corantes
AX04902SO,ALARANJADO DE XILENOL SOL.500ML," R$  20,62 ","0,00%",3618-43-7,3204.12.10,SIM,N,N,N,N,-,-,2 - ANO,"0,2",1,Indicadores,Indicadores e Corantes
A05778RA,ALARANJADO G (CI.16230) (ORANGE G) P/MICROSCOPIA 100G," R$  30,14 ","0,00%",1936-15-8,3822.90.00,NAO,N,N,N,N,-,-,4 - ANO,0,1,Indicadores,Indicadores e Corantes
A08198RA,ALARANJADO G (CI.16230) (ORANGE G) P/MICROSCOPIA 25G," R$  9,54 ","0,00%",1936-15-8,3822.90.00,NAO,N,N,N,N,-,-,4 - ANO,0,1,Indicadores,Indicadores e Corantes
AA07467RA,ALCOOL AMILICO-N (1-PENTANOL) 99% PA 1L," R$  235,75 ","0,00%",71-41-0,2905.19.96,NAO,N,N,N,N,1105,3,6 - ANO,98,"0,81",Solventes e Água,Solventes
AB08361RA,ALCOOL BENZILICO PA ACS 1L," R$  69,90 ","0,00%",100-51-6,2906.21.00,NAO,N,N,N,N,3334,9,6 - ANO,99,"1,05",Solventes e Água,Solventes
AB09665RA,ALCOOL BUTILICO TERC. (3-BUTANOL) PA 1L," R$  69,89 ","0,00%",75-65-0,2905.14.30,NAO,N,N,N,N,1120,3,6 - ANO,99,"0,775",Solventes e Água,Solventes
AC09994RA,ALCOOL CETILICO PA (1-HEXADECANOL) 500G," R$  40,35 ","0,00%",36653-82-4,2905.17.20,NAO,N,N,N,N,-,-,6 - ANO,98,"0,818",Solventes e Água,Solventes
AC08327RA,ALCOOL CETOESTEARILICO ETOX.20 OE 1KG," R$  67,72 ","0,00%",67762-30-5,3823.70.10,NAO,N,N,N,N,-,-,6 - ANO,0,"1,006",Solventes e Água,Solventes
AC09157RA,ALCOOL CETOESTEARILICO ETOX.20 OE 500G," R$  37,03 ","0,00%",67762-30-5,3823.70.10,NAO,N,N,N,N,-,-,6 - ANO,0,"1,006",Solventes e Água,Solventes
AE07326RA,"ALCOOL ETILICO 92,8ºINPM 1L"," R$  13,43 ","0,00%",64-17-5,2207.10.10,NAO,N,N,N,N,1170,3,6 - ANO,"92,8","0,8",Solventes e Água,Solventes
AE09131RA,"ALCOOL ETILICO 94,2ºINPM 1L F.P"," R$  13,57 ","0,00%",64-17-5,2207.10.10,NAO,N,N,N,N,1170,3,6 - ANO,"94,2","0,8",Solventes e Água,Solventes
AE09598RA,ALCOOL ETILICO 95% PA 1L," R$  17,94 ","0,00%",64-17-5,2207.10.10,NAO,N,N,N,N,1170,3,6 - ANO,95,"0,8",Solventes e Água,Solventes
AE06912RA,ALCOOL ETILICO 95% PA 1L F.P," R$  13,57 ","0,00%",64-17-5,2207.10.10,NAO,N,N,N,N,1170,3,6 - ANO,95,"0,8",Solventes e Água,Solventes
AE06390RA,ALCOOL ETILICO 95% PA 5L," R$  67,72 ","0,00%",64-17-5,2207.10.10,NAO,N,N,N,N,1170,3,6 - ANO,95,"0,8",Solventes e Água,Solventes
AE04803RA,ALCOOL ETILICO 95% PA ACS 1L," R$  22,47 ","0,00%",64-17-5,2207.10.10,NAO,N,N,N,N,1170,3,6 - ANO,95,"0,8",Solventes e Água,Solventes
AE04802RA,ALCOOL ETILICO 95% PA ACS 5L," R$  78,45 ","0,00%",64-17-5,2207.10.10,NAO,N,N,N,N,1170,3,6 - ANO,95,"0,8",Solventes e Água,Solventes
AE09194RA,ALCOOL ETILICO 96% GL COMERCIAL 1L," R$  13,43 ","0,00%",64-17-5,2207.10.10,NAO,N,N,N,N,1170,3,4 - ANO,96,"0,8",Solventes e Água,Solventes
AE09192RA,ALCOOL ETILICO 96% GL COMERCIAL 5L," R$  58,31 ","0,00%",64-17-5,2207.10.10,NAO,N,N,N,N,1170,3,4 - ANO,96,"0,8",Solventes e Água,Solventes
AE05731RA,ALCOOL ETILICO 96GL EXTRA FINO NEUTRO PA 1L," R$  26,50 ","0,00%",64-17-5,2207.10.90,NAO,N,N,N,N,1170,3,6 - ANO,96,"0,8",Solventes e Água,Solventes
AE05730RA,ALCOOL ETILICO 96GL EXTRA FINO NEUTRO PA 5L," R$  82,60 ","0,00%",64-17-5,2207.10.90,NAO,N,N,N,N,1170,3,6 - ANO,96,"0,8",Solventes e Água,Solventes
AE07218RA,"ALCOOL ETILICO ABS. 99,5% PA 1L"," R$  19,49 ","0,00%",64-17-5,2207.10.10,NAO,N,N,N,N,1170,3,6 - ANO,"99,5","0,79",Solventes e Água,Solventes
AE07145RA,"ALCOOL ETILICO ABS. 99,5% PA 1L F.P"," R$  13,57 ","0,00%",64-17-5,2207.10.10,NAO,N,N,N,N,1170,3,6 - ANO,"99,5","0,79",Solventes e Água,Solventes
AE09454RA,"ALCOOL ETILICO ABS. 99,5% PA 5L"," R$  67,72 ","0,00%",64-17-5,2207.10.10,NAO,N,N,N,N,1170,3,6 - ANO,"99,5","0,79",Solventes e Água,Solventes
AE04800RA,"ALCOOL ETILICO ABS. 99,5% PA ACS 1L"," R$  67,10 ","0,00%",64-17-5,2207.10.10,NAO,N,N,N,N,1170,3,6 - ANO,"99,5","0,79",Solventes e Água,Solventes
AE04795RA,"ALCOOL ETILICO ABS. 99,5% PA ACS 5L"," R$  279,14 ","0,00%",64-17-5,2207.10.10,NAO,N,N,N,N,1170,3,6 - ANO,"99,5","0,79",Solventes e Água,Solventes
AE06734RA,"ALCOOL ETILICO ABS. PA 99,8% 5L"," R$  58,93 ","0,00%",64-17-5,2207.10.10,NAO,N,N,N,N,1170,3,6 - ANO,"99,8","0,79",Solventes e Água,Solventes
AE07783RA,"ALCOOL ETILICO ABS.HPLC PLUS 99,8% 1L"," R$  75,96 ","0,00%",64-17-5,2207.10.10,NAO,N,N,N,N,1170,3,6 - ANO,"99,8","0,79",Solventes e Água,Solventes
AE09700RA,"ALCOOL ETILICO ABS.PA 99,8% 1L"," R$  18,42 ","0,00%",64-17-5,2207.10.10,NAO,N,N,N,N,1170,3,6 - ANO,"99,8","0,79",Solventes e Água,Solventes
AE06689RA,"ALCOOL ETILICO ABS.PA 99,8% 1L F.P"," R$  13,57 ","0,00%",64-17-5,2207.10.10,NAO,N,N,N,N,1170,3,6 - ANO,"99,8","0,79",Solventes e Água,Solventes
AE09499RA,"ALCOOL ETILICO ABS.PURO 99,8% 1L F.P"," R$  13,57 ","0,00%",64-17-5,2207.10.10,NAO,N,N,N,N,1170,3,4 - ANO,"99,8","0,79",Solventes e Água,Solventes
AE06377RA,ALCOOL ETILICO ABSOLUTO PA ACS ISO 1L," R$  67,90 ","0,00%",64-17-5,2207.10.10,NAO,N,N,N,N,1170,3,6 - ANO,"99,9","0,79",Solventes e Água,Solventes
AE06913RA,ALCOOL ETILICO PA 96% 1L F.P," R$  13,57 ","0,00%",64-17-5,2207.10.10,NAO,N,N,N,N,1170,3,6 - ANO,96,"0,8",Solventes e Água,Solventes
AE09610RA,ALCOOL ETILICO PA 96% 1L F.V," R$  19,49 ","0,00%",64-17-5,2207.10.10,NAO,N,N,N,N,1170,3,6 - ANO,96,"0,8",Solventes e Água,Solventes
AE07321RA,ALCOOL ETILICO PA 96% 5L," R$  58,31 ","0,00%",64-17-5,2207.10.10,NAO,N,N,N,N,1170,3,6 - ANO,96,"0,8",Solventes e Água,Solventes
AE03361SO,ALCOOL ETILICO SOL.46% 5L," R$  39,37 ","0,00%",64-17-5,2207.10.10,NAO,N,N,N,N,1170,3,4 - ANO,46,"0,92",Solventes e Água,Solventes
AE09674SO,ALCOOL ETILICO SOL.70% 1L," R$  10,91 ","0,00%",64-17-5,2207.10.10,NAO,N,N,N,N,1170,3,4 - ANO,70,"0,88",Solventes e Água,Solventes
AE09629SO,ALCOOL ETILICO SOL.70% 5L," R$  49,54 ","0,00%",64-17-5,2207.10.10,NAO,N,N,N,N,1170,3,4 - ANO,70,"0,88",Solventes e Água,Solventes
AI07474RA,ALCOOL ISO AMILICO PA ACS 1L," R$  46,47 ","0,00%",123-51-3,2905.19.96,NAO,N,N,N,N,1105,3,6 - ANO,"98,5","0,809",Solventes e Água,Solventes
AO08199RA,ALCOOL OCTILICO NORMAL PA ACS 1L," R$  28,31 ","0,00%",111-87-5,2905.16.00,NAO,N,N,N,N,1993,3,6 - ANO,99,"0,824",Solventes e Água,Solventes
AP03596RA,ALCOOL POLIVINILICO PS 1KG," R$  65,92 ","0,00%",9002-89-5,3905.30.00,NAO,N,N,N,N,-,-,6 - ANO,0,"1,19",Solventes e Água,Solventes
AP09210RA,ALCOOL POLIVINILICO PS 500G," R$  37,95 ","0,00%",9002-89-5,3905.30.00,NAO,N,N,N,N,-,-,6 - ANO,0,"1,19",Solventes e Água,Solventes
AA03865RA,ALDEIDO ANISICO-4 (P-ANISALDEIDO) PS 100ML," R$  240,53 ","0,00%",123-11-5,2912.29.90,NAO,N,N,N,N,-,-,6 - ANO,98,"1,11",Compostos Orgânicos,Aldeídos e Cetonas
AA09335RA,ALDEIDO ANISICO-4 (P-ANISALDEIDO) PS 250ML," R$  462,25 ","0,00%",123-11-5,2912.29.90,NAO,N,N,N,N,-,-,6 - ANO,98,"1,11",Compostos Orgânicos,Aldeídos e Cetonas
AN09596RA,ALFA-NAFTOL (NAFTOL-1 ALFA) PA 100G," R$  64,35 ","0,00%",90-15-3,2907.15.10,NAO,N,N,N,N,2811,6.1,6 - ANO,99,"1,09",Compostos Orgânicos,Diversos
AN03993RA,ALFA-NAFTOL (NAFTOL-1 ALFA) PA 1KG," R$  729,12 ","0,00%",90-15-3,2907.15.10,NAO,N,N,N,N,2811,6.1,6 - ANO,99,"1,09",Compostos Orgânicos,Diversos
AN09297RA,ALFA-NAFTOL (NAFTOL-1 ALFA) PA 250G," R$  109,14 ","0,00%",90-15-3,2907.15.10,NAO,N,N,N,N,2811,6.1,6 - ANO,99,"1,09",Compostos Orgânicos,Diversos
AN03994RA,ALFA-NAFTOL (NAFTOL-1 ALFA) PA 500G," R$  229,87 ","0,00%",90-15-3,2907.15.10,NAO,N,N,N,N,2811,6.1,6 - ANO,99,"1,09",Compostos Orgânicos,Diversos
AN03867SO,ALFA-NAFTOLBENZEINA (NAFTOL-1 (ALFA) BENZEINA SOL.1% EM ETANOL 70% 500ML," R$  265,25 ","0,00%",145-50-6,2907.29.00,NAO,N,N,N,N,1993,3,4 - ANO,1,"0,85",Solventes e Água,Solventes
AN07911RA,ALFA-NAFTOLFTALEINA (NAFTOL-1 (ALFA) FTALEINA) PA 5G," R$  115,91 ","0,00%",596-01-0,2932.20.00,NAO,N,N,N,N,-,-,6 - ANO,0,1,Compostos Orgânicos,Diversos
AS09191RA,ALGINATO DE SODIO PA 250G," R$  64,15 ","3,25%",9005-38-3,3913.10.00,NAO,N,N,N,N,-,-,6 - ANO,"90,8",1,Metais,Metais Alcalinos e Alcalino-Terrosos
AS08563RA,ALGINATO DE SODIO PA 500G," R$  116,25 ","3,25%",9005-38-3,3913.10.00,NAO,N,N,N,N,-,-,6 - ANO,"90,8",1,Metais,Metais Alcalinos e Alcalino-Terrosos
A07001RA,ALIZARINA (CI.58000) PA 100G," R$  196,55 ","0,00%",72-48-0,3822.90.00,NAO,N,N,N,N,3077,9,6 - ANO,0,1,Compostos Orgânicos,Diversos
A06041RA,ALIZARINA (CI.58000) PA 1KG," R$  1.875,50 ","0,00%",72-48-0,3822.90.00,NAO,N,N,N,N,3077,9,6 - ANO,0,1,Compostos Orgânicos,Diversos
A07264RA,ALIZARINA (CI.58000) PA 25G," R$  56,64 ","0,00%",72-48-0,3822.90.00,NAO,N,N,N,N,3077,9,6 - ANO,0,1,Compostos Orgânicos,Diversos
AS06488RA,ALIZARINA SODICA (CI.58005) 100G," R$  194,01 ","0,00%",130-22-3,3822.90.00,NAO,N,N,N,N,-,-,6 - ANO,0,1,Compostos Orgânicos,Diversos
AS06040RA,ALIZARINA SODICA (CI.58005) 1KG," R$  1.781,88 ","0,00%",130-22-3,3822.90.00,NAO,N,N,N,N,-,-,6 - ANO,0,1,Compostos Orgânicos,Diversos
AS08466RA,ALIZARINA SODICA (CI.58005) 25G," R$  53,24 ","0,00%",130-22-3,3822.90.00,NAO,N,N,N,N,-,-,4 - ANO,0,1,Compostos Orgânicos,Diversos
A08950SO,ALIZARINA SOL.SEG. MORRIS 1L," R$  16,45 ","0,00%",72-48-0,3822.90.00,NAO,N,N,N,N,1993,3,4 - ANO,"0,1","0,86",Compostos Orgânicos,Diversos
A07719SO,ALIZAROL SOL.72% EM ALCOOL ETILICO1L," R$  20,93 ","0,00%",72-48-0,3204.12.20,NAO,N,N,N,N,1170,3,4 - ANO,72,"0,85",Solventes e Água,Solventes
A05283SO,ALIZAROL SOL.80% EM ALCOOL ETILICO 1L," R$  20,93 ","0,00%",72-48-0,3204.12.20,NAO,N,N,N,N,1170,3,4 - ANO,80,"0,83",Solventes e Água,Solventes
A05715RA,ALLOXAN MONOHIDRATADO PUREX 100G," R$  354,57 ","0,00%",2244-11-3,2933.59.19,NAO,N,N,N,N,-,-,6 - ANO,98,1,Compostos Orgânicos,Diversos
AS03218RA,ALUMINATO DE SODIO ANIDRO EM PO 250G," R$  280,98 ","0,00%",11138-49-1,2841.90.81,NAO,N,N,N,N,-,-,6 - ANO,0,"1,44",Metais,Metais Alcalinos e Alcalino-Terrosos
AS07452RA,ALUMINATO DE SODIO ANIDRO EM PO 500G," R$  480,26 ","0,00%",11138-49-1,2841.90.81,NAO,N,N,N,N,-,-,6 - ANO,90,"1,44",Metais,Metais Alcalinos e Alcalino-Terrosos
AA06537RA,AMARELO DE ALIZARINA (CI.14030) PA 25G," R$  289,70 ","0,00%",2243-76-7,3822.90.00,NAO,N,N,N,N,,,6 - ANO,0,1,Indicadores,Indicadores e Corantes
AD09910RA,AMARELO DE DIMETILA (CI.11020) (DIMETILAMINOAZOBENZENO) 25G," R$  75,60 ","0,00%",60-11-7,3822.90.00,NAO,N,N,N,N,2811,6.1,6 - ANO,0,1,Indicadores,Indicadores e Corantes
AM07755RA,AMARELO DE METANILA (CI.13065) 25G," R$  19,77 ","0,00%",587-98-4,3822.90.00,NAO,N,N,N,N,-,-,6 - ANO,0,1,Indicadores,Indicadores e Corantes
AM08948SO,"AMARELO DE METANILA SOL.0,2% 1L"," R$  28,98 ","0,00%",587-98-4,3822.90.00,NAO,N,N,N,N,-,-,4 - ANO,"0,2",1,Indicadores,Indicadores e Corantes
AM09910SO,"AMARELO DE METILA SOL.0,2% 1L"," R$  43,82 ","0,00%",60-11-7,3822.90.00,NAO,N,N,N,N,1993,3,2 - ANO,"0,2","0,86",Indicadores,Indicadores e Corantes
RA05861RA,AMBERLITE IRA 420 (RESINA ANIONICA) 500ML," R$  73,35 ","3,25%",52439-77-7,3914.00.90,NAO,N,N,N,N,-,-,6 - ANO,0,1,Compostos Orgânicos,Diversos
RC05860RA,AMBERLITE IRC 120 (RESINA CATIONICA) 500ML," R$  44,35 ","3,25%",68441-33-8,3914.00.90,NAO,N,N,N,N,-,-,6 - ANO,0,1,Compostos Orgânicos,Diversos
AC05265RA,AMIDO ACIDO 100G," R$  24,27 ","0,00%",9005-25-8,3505.10.00,NAO,N,N,N,N,-,-,6 - ANO,0,"0,13",Ácidos e Bases,Ácidos
AS06585RA,AMIDO SOLUVEL PA ACS 500G," R$  55,15 ","0,00%",9005-84-9,3505.10.00,NAO,N,N,N,N,-,-,6 - ANO,0,"0,13",Compostos Orgânicos,Açúcares e Carboidratos
AS05904SO,"AMIDO SOLUVEL SOL.0,3% 1L"," R$  18,25 ","0,00%",9005-84-9,3505.10.00,NAO,N,N,N,N,-,-,4 - ANO,"0,3",1,Compostos Orgânicos,Açúcares e Carboidratos
AS08947SO,"AMIDO SOLUVEL SOL.0,4% 1L"," R$  12,35 ","0,00%",9005-84-9,3505.10.00,NAO,N,N,N,N,-,-,4 - ANO,"0,4",1,Compostos Orgânicos,Açúcares e Carboidratos
AS08946SO,"AMIDO SOLUVEL SOL.0,5% 1L"," R$  12,35 ","0,00%",9005-84-9,3505.10.00,NAO,N,N,N,N,-,-,4 - ANO,"0,5",1,Compostos Orgânicos,Açúcares e Carboidratos
AS05595SO,"AMIDO SOLUVEL SOL.0,6% 1L"," R$  12,35 ","0,00%",9005-84-9,3505.10.00,NAO,N,N,N,N,-,-,4 - ANO,"0,6",1,Compostos Orgânicos,Açúcares e Carboidratos
AS09349SO,AMIDO SOLUVEL SOL.1% 1L," R$  12,35 ","0,00%",9005-84-9,3505.10.00,NAO,N,N,N,N,-,-,2 - ANO,1,1,Compostos Orgânicos,Açúcares e Carboidratos
AS06637SO,AMIDO SOLUVEL SOL.1% EM HCL 1L," R$  42,15 ","0,00%",9005-84-9,3505.10.00,NAO,N,N,N,N,1760,8,4 - ANO,1,1,Compostos Orgânicos,Açúcares e Carboidratos
AA06575RA,ANALINA B (ACIDO 3-AMINOPROPIONICO) 250G," R$  194,50 ","0,00%",107-95-9,2922.49.90,NAO,N,N,N,N,-,-,6 - ANO,98,"1,43",Ácidos e Bases,Ácidos
AC07777SO,ANIDRIDO CROMICO SOL.5% AQUOSA 100ML," R$  24,66 ","0,00%",1333-82-0,2819.10.00,NAO,N,N,N,N,3289,6.1(8),4 - ANO,5,1,Compostos Orgânicos,Diversos
AC06238SO,ANIDRIDO CROMICO SOL.50% AQUOSA 1L," R$  156,55 ","0,00%",1333-82-0,2819.10.00,NAO,N,N,N,N,3289,6.1(8),4 - ANO,50,"1,07",Compostos Orgânicos,Diversos
AF08537RA,ANIDRIDO FTALICO PS 500G," R$  19,90 ","0,00%",85-44-9,2917.35.00,NAO,N,N,N,N,-,-,6 - ANO,"99,85","1,53",Compostos Orgânicos,Diversos
AI05807RA,ANIDRIDO IODICO (PENTOXIDO DE IODO) PA 100G," R$  1.486,55 ","0,00%",12029-98-0,2811.29.90,NAO,N,N,N,N,3085,5.1(8),6 - ANO,99,1,Reagentes Especiais,Óxidos e Peróxidos
AI05713RA,ANIDRIDO IODICO (PENTOXIDO DE IODO) PA 25G," R$  495,70 ","0,00%",12029-98-0,2811.29.90,NAO,N,N,N,N,3085,5.1(8),6 - ANO,99,1,Reagentes Especiais,Óxidos e Peróxidos
AM07051RA,ANIDRIDO MALEICO PS 500G," R$  51,94 ","0,00%",108-31-6,2819.10.00,NAO,N,N,N,N,2215,8,6 - ANO,99,"1,48",Compostos Orgânicos,Diversos
AT06071RA,ANIDRIDO TRIFLUOROACETICO PA 100ML," R$  286,66 ","0,00%",407-25-0,2915.90.41,NAO,N,N,N,N,3265,8,6 - ANO,99,"1,49",Compostos Orgânicos,Diversos
AT05789RA,ANIDRIDO TRIFLUOROACETICO PA 250ML," R$  642,55 ","0,00%",407-25-0,2915.90.41,NAO,N,N,N,N,3265,8,6 - ANO,99,"1,49",Compostos Orgânicos,Diversos
A08994RA,ANILINA PA 1L," R$  92,25 ","0,00%",62-53-3,2921.41.00,NAO,N,N,N,N,1547,6.1,6 - ANO,99,"1,02",Compostos Orgânicos,Cloridratos e Aminas
AP05920RA,ANTIMONIATO (PIRO) DE POTASSIO PA 100G," R$  132,63 ","0,00%",12208-13-8,2841.90.60,NAO,N,N,N,N,1549,6.1,6 - ANO,98,1,Metais,Metais Alcalinos e Alcalino-Terrosos
AP05921RA,ANTIMONIATO (PIRO) DE POTASSIO PA 50G," R$  89,27 ","0,00%",12208-13-8,2841.90.60,NAO,N,N,N,N,1549,6.1,6 - ANO,98,1,Metais,Metais Alcalinos e Alcalino-Terrosos
AP03479SO,"ANTIMONIATO (PIRO) DE POTASSIO SOL 1,33% 1L"," R$  121,15 ","0,00%",12208-13-8,2841.90.60,NAO,N,N,N,N,1549,6.1,4 - ANO,"1,33",1,Metais,Metais Alcalinos e Alcalino-Terrosos
A07049RA,ANTIPIRINA PA 100G," R$  86,24 ","0,00%",60-80-0,2933.11.90,NAO,N,N,N,N,-,-,6 - ANO,99,"1,19",Compostos Orgânicos,Diversos
A07050RA,ANTIPIRINA PA 25G," R$  25,12 ","0,00%",60-80-0,2933.11.90,NAO,N,N,N,N,-,-,6 - ANO,99,"1,19",Compostos Orgânicos,Diversos
A07546RA,ANTRACENO 99% PURISSIMO 100G," R$  253,15 ","0,00%",120-12-7,2902.90.30,NAO,N,N,N,N,3077,9,6 - ANO,"98,5","1,25",Compostos Orgânicos,Diversos
A06566RA,ANTRACENO 99% PURISSIMO 25G," R$  68,33 ","0,00%",120-12-7,2902.90.30,NAO,N,N,N,N,3077,9,6 - ANO,"98,5","1,25",Compostos Orgânicos,Diversos
A07659RA,ANTRAQUINONA 100G," R$  79,60 ","0,00%",84-65-1,2914.61.00,NAO,N,N,N,N,-,-,6 - ANO,98,"1,05",Compostos Orgânicos,Diversos
A08524RA,ANTRONA 25G," R$  44,18 ","0,00%",90-44-8,2914.50.20,NAO,N,N,N,N,-,-,6 - ANO,98,1,Compostos Orgânicos,Diversos
A06780RA,ARABINOSE -D (-) PURISSIMO 25G," R$  99,50 ","0,00%",10323-20-3,2940.00.13,NAO,N,N,N,N,-,-,6 - ANO,"98,5",1,Compostos Orgânicos,Diversos
A06274RA,ARABINOSE -L (+) PURISSIMO 25G," R$  100,84 ","0,00%",5328-37-0,2940.00.13,NAO,N,N,N,N,-,-,6 - ANO,97,1,Compostos Orgânicos,Aminoácidos
AP05605RA,AREIA PURIFICADA CALCINADA 500G," R$  209,43 ","0,00%",14808-60-7,2903.69.90,NAO,N,N,N,N,,,6 - ANO,0,"2,65",Compostos Orgânicos,Diversos
A06583RA,ARGININA-L 98% PA  25G," R$  16,98 ","0,00%",74-79-3,3822.90.00,NAO,N,N,N,N,,,6 - ANO,98,"1,1",Compostos Orgânicos,Aminoácidos
A07855RA,ARGININA-L 98% PA 100G," R$  43,56 ","0,00%",74-79-3,3822.90.00,NAO,N,N,N,N,-,-,6 - ANO,98,"1,1",Compostos Orgânicos,Aminoácidos
AG06477RA,ARGININA-L 98% PA 1KG," R$  318,20 ","0,00%",74-79-3,3822.90.00,NAO,N,N,N,N,,,6 - ANO,98,"1,1",Compostos Orgânicos,Aminoácidos
A05848RA,ARGININA-L HCL PA 100G," R$  37,35 ","0,00%",1119-34-2,2925.29.19,NAO,N,N,N,N,-,-,6 - ANO,"98,5","1,42",Compostos Orgânicos,Aminoácidos
A05847RA,ARGININA-L HCL PA 25G," R$  7,92 ","0,00%",1119-34-2,2925.29.19,NAO,N,N,N,N,-,-,6 - ANO,"98,5","1,42",Compostos Orgânicos,Aminoácidos
AM08943SO,ARNOLD MENTZEL 1L," R$  42,50 ","0,00%",-,2825.30.10,NAO,N,N,N,N,3289,6.1,2 - ANO,0,"1,04",Compostos Orgânicos,Diversos
AS05443RA,ARSENIATO DE SODIO 7H2O PA ACS 100G," R$  72,36 ","0,00%",10048-95-0,2842.90.00,NAO,N,N,N,N,1685,6.1,6 - ANO,98,"1,9",Metais,Metais Alcalinos e Alcalino-Terrosos
AS06274RA,ARSENIATO DE SODIO 7H2O PA ACS 500G," R$  325,00 ","0,00%",10048-95-0,2842.90.00,NAO,N,N,N,N,1685,6.1,6 - ANO,98,"1,9",Metais,Metais Alcalinos e Alcalino-Terrosos
AS08942SO,"ARSENITO DE SODIO SOL.0,1N 1L"," R$  28,08 ","0,00%",7784-46-5,2842.90.00,NAO,N,N,N,N,1686,6.1,2 - ANO,"0,65",1,Metais,Metais Alcalinos e Alcalino-Terrosos
AC03173RA,ASCORBATO DE CALCIO 2H2O PA (L-ASCORBATO) 100G," R$  189,56 ","0,00%",5743-28-2,2936.27.20,NAO,N,N,N,N,-,-,6 - ANO,99,1,Metais,Metais Alcalinos e Alcalino-Terrosos
AC03172RA,ASCORBATO DE CALCIO 2H2O PA (L-ASCORBATO) 500G," R$  514,10 ","0,00%",5743-28-2,2936.27.20,NAO,N,N,N,N,-,-,6 - ANO,99,1,Metais,Metais Alcalinos e Alcalino-Terrosos
AS04296RA,ASCORBATO DE SODIO PA 100G," R$  89,58 ","0,00%",134-03-2,2936.27.20,NAO,N,N,N,N,-,-,6 - ANO,99,"1,88",Metais,Metais Alcalinos e Alcalino-Terrosos
AS06367RA,ASCORBATO DE SODIO PA 500G," R$  308,50 ","0,00%",134-03-2,2936.27.20,NAO,N,N,N,N,-,-,6 - ANO,99,"1,88",Metais,Metais Alcalinos e Alcalino-Terrosos
A06796RA,ASPARAGINA ANIDRA PURISSIMO 100G," R$  318,25 ","0,00%",70-47-3,2924.19.99,NAO,N,N,N,N,-,-,6 - ANO,99,1,Compostos Orgânicos,Diversos
A08687RA,ASPARAGINA H2O PURISSIMO 100G," R$  167,86 ","0,00%",5794-13-8,2924.19.99,NAO,N,N,N,N,-,-,6 - ANO,99,1,Compostos Orgânicos,Diversos
AA04617RA,ASPARAGINA H2O PURISSIMO 25G," R$  75,21 ","0,00%",5794-13-8,2924.19.99,NAO,N,N,N,N,-,-,6 - ANO,99,1,Compostos Orgânicos,Diversos
AP06526RA,ASPARTAME PA 5G," R$  156,25 ","0,00%",22839-47-0,2924.29.91,NAO,N,N,N,N,-,-,6 - ANO,98,1,Compostos Orgânicos,Diversos
A07185RA,AURAMINA O (CI.41000) 100G," R$  56,58 ","0,00%",2465-27-2,3204.13.00,NAO,N,N,N,N,2811,6.1,4 - ANO,80,1,Compostos Orgânicos,Diversos
AS04554RA,AZINA SALICIALDEIDO 98% PA 25G," R$  1.745,13 ","0,00%",959-36-4,2928.00.90,NAO,N,N,N,N,3082,9,6 - ANO,98,"1,17",Compostos Orgânicos,Aldeídos e Cetonas
AS04902RA,AZINA SALICIALDEIDO 98% PA 5G," R$  524,13 ","0,00%",959-36-4,2928.00.90,NAO,N,N,N,N,3082,9,6 - ANO,98,"1,17",Compostos Orgânicos,Aldeídos e Cetonas
A02065RA,AZOMETINA H MONOSSODICA H2O PA 100G," R$  2.420,68 ","0,00%",206752-32-1,2925.29.90,NAO,N,N,N,N,-,-,6 - ANO,95,"1,31",Compostos Orgânicos,Diversos
A06999RA,AZOMETINA H MONOSSODICA H2O PA 10G," R$  258,38 ","0,00%",206752-32-1,2925.29.90,NAO,N,N,N,N,-,-,6 - ANO,95,1,Compostos Orgânicos,Diversos
A07339RA,AZOMETINA H MONOSSODICA H2O PA 25G," R$  640,23 ","0,00%",206752-32-1,2925.29.90,NAO,N,N,N,N,-,-,6 - ANO,95,1,Compostos Orgânicos,Diversos
AB09883RA,AZUL BRILHANTE (CI.42090) PA 25G," R$  36,85 ","0,00%",3844-45-9,3822.90.00,NAO,N,N,N,N,-,-,6 - ANO,97,1,Indicadores,Indicadores e Corantes
AC09113RA,AZUL CRESIL BRILHANTE (CI.51010) 25G," R$  163,53 ","0,00%",81029-05-2,3822.90.00,NAO,N,N,N,N,-,-,4 - ANO,0,1,Indicadores,Indicadores e Corantes
AC08938SO,"AZUL CRESIL BRILHANTE SOL.0,1% 1L"," R$  20,84 ","0,00%",81029-05-2,3822.90.00,NAO,N,N,N,N,-,-,4 - ANO,"0,1",1,Indicadores,Indicadores e Corantes
AA09094RA,AZUL DE ALCIAN (CI.74240) PA 10G," R$  268,78 ","0,00%",33864-99-2,3822.90.00,NAO,N,N,N,N,,,6 - ANO,0,1,Indicadores,Indicadores e Corantes
AA06488RA,AZUL DE ALCIAN (CI.74240) PA 25G," R$  645,15 ","0,00%",33864-99-2,3822.90.00,NAO,N,N,N,N,,,6 - ANO,0,1,Indicadores,Indicadores e Corantes
AA07651SO,AZUL DE ALGODAO C/LACTOFENOL-AMANN 100ML," R$  17,68 ","0,00%",28983-56-4,3822.90.00,NAO,N,N,N,N,3287,6.1,4 - ANO,"0,1","1,13",Indicadores,Indicadores e Corantes
AA08751SO,AZUL DE ALGODAO C/LACTOFENOL-AMANN 1L," R$  73,95 ","0,00%",28983-56-4,3822.90.00,NAO,N,N,N,N,3287,6.1,4 - ANO,0,"1,13",Indicadores,Indicadores e Corantes
AA08936SO,AZUL DE ALGODAO C/LACTOFENOL-AMANN 250ML," R$  26,44 ","0,00%",28983-56-4,3822.90.00,NAO,N,N,N,N,3287,6.1,4 - ANO,"0,1","1,15",Indicadores,Indicadores e Corantes
AA09890RA,AZUL DE ANILINA SOLUVEL EM AGUA 25G," R$  77,28 ","0,00%",66687-07-8,3822.90.00,NAO,N,N,N,N,,,4 - ANO,0,1,Indicadores,Indicadores e Corantes
AB08941SO,"AZUL DE BROMOFENOL (PH 3,0-4,6) 1L"," R$  14,86 ","0,00%",115-39-9,3822.90.00,NAO,N,N,N,N,1993,3,2 - ANO,"0,1","0,87",Indicadores,Indicadores e Corantes
AB06702RA,AZUL DE BROMOFENOL PA 100G," R$  143,25 ","0,00%",115-39-9,3822.90.00,NAO,N,N,N,N,-,-,6 - ANO,0,1,Indicadores,Indicadores e Corantes
AB09650RA,AZUL DE BROMOFENOL PA 25G," R$  35,88 ","0,00%",115-39-9,3822.90.00,NAO,N,N,N,N,-,-,6 - ANO,0,1,Indicadores,Indicadores e Corantes
AB08302RA,AZUL DE BROMOFENOL PA 5G," R$  11,88 ","0,00%",115-39-9,3822.90.00,NAO,N,N,N,N,-,-,6 - ANO,0,1,Indicadores,Indicadores e Corantes
AB05786RA,AZUL DE BROMOFENOL SAL SODICO PARA ELETROFORESE 25G," R$  247,42 ","0,00%",34722-90-2,3822.90.00,NAO,N,N,N,N,,,4 - ANO,0,1,Indicadores,Indicadores e Corantes
AB09881SO,AZUL DE BROMOFENOL SOL. INDICADORA 1L," R$  17,48 ","0,00%",115-39-9,3822.90.00,NAO,N,N,N,N,1993,3,2 - ANO,1,"0,87",Indicadores,Indicadores e Corantes
AB06618SO,"AZUL DE BROMOFENOL SOL.0,04% H2O 1L"," R$  15,80 ","0,00%",115-39-9,3822.90.00,NAO,N,N,N,N,-,-,4 - ANO,"0,04","0,98",Indicadores,Indicadores e Corantes
AB04029SO,"AZUL DE BROMOFENOL SOL.0,05% AQUOSO 1L"," R$  17,48 ","0,00%",115-39-9,3822.90.00,NAO,N,N,N,N,-,-,4 - ANO,"0,05","0,87",Indicadores,Indicadores e Corantes
AB09343SO,"AZUL DE BROMOFENOL SOL.0,1% ALCOOL 1L"," R$  15,84 ","0,00%",115-39-9,3822.90.00,NAO,N,N,N,N,1993,3,4 - ANO,"0,1","0,88",Indicadores,Indicadores e Corantes
AB04075SO,"AZUL DE BROMOFENOL SOL.0,1% EM BUTANOL 1L"," R$  77,28 ","0,00%",-,3822.90.00,NAO,N,N,N,N,1120,3,4 - ANO,"0,1","0,78",Indicadores,Indicadores e Corantes
AB05738SO,"AZUL DE BROMOFENOL SOL.0,18% ALCOOL 1L"," R$  33,48 ","0,00%",115-39-9,3822.90.00,NAO,N,N,N,N,1993,3,4 - ANO,"0,18","0,87",Indicadores,Indicadores e Corantes
AB08940SO,"AZUL DE BROMOFENOL SOL.0,2% ALCOOL 1L"," R$  17,10 ","0,00%",115-39-9,3822.90.00,NAO,N,N,N,N,1993,3,4 - ANO,"0,2","0,87",Indicadores,Indicadores e Corantes
AB06231SO,AZUL DE BROMOFENOL SOL.1% ALCOOLICO (ETANOL) 1L," R$  29,70 ","0,00%",115-39-9,3822.90.00,NAO,N,N,N,N,1993,3,4 - ANO,1,"0,87",Indicadores,Indicadores e Corantes
AB04736SO,"AZUL DE BROMOFENOL SOL.1% AQUOSA (PH- 3,0-4,6) 1L"," R$  38,96 ","0,00%",115-39-9,3822.90.00,NAO,N,N,N,N,-,-,4 - ANO,0,1,Indicadores,Indicadores e Corantes
AB07927RA,AZUL DE BROMOTIMOL PA 100G," R$  186,45 ","0,00%",76-59-5,2934.99.99,NAO,N,N,N,N,-,-,6 - ANO,0,1,Indicadores,Indicadores e Corantes
AB09014RA,AZUL DE BROMOTIMOL PA 25G," R$  48,56 ","0,00%",76-59-5,2934.99.99,NAO,N,N,N,N,-,-,6 - ANO,0,1,Indicadores,Indicadores e Corantes
AB08416RA,AZUL DE BROMOTIMOL PA 5G," R$  16,67 ","0,00%",76-59-5,2934.99.99,NAO,N,N,N,N,-,-,6 - ANO,0,1,Indicadores,Indicadores e Corantes
AB09882SO,AZUL DE BROMOTIMOL SOL. INDICADORA 1L," R$  20,75 ","0,00%",76-59-5,2934.99.99,NAO,N,N,N,N,1993,3,2 - ANO,"0,1","0,86",Indicadores,Indicadores e Corantes
AB03825SO,AZUL DE BROMOTIMOL SOL. INDICADORA 250ML," R$  11,82 ","0,00%",76-59-5,2934.99.99,NAO,N,N,N,N,1993,3,2 - ANO,"0,1","0,88",Indicadores,Indicadores e Corantes
AB09186SO,AZUL DE BROMOTIMOL SOL. INDICADORA 500ML," R$  16,37 ","0,00%",76-59-5,2934.99.99,NAO,N,N,N,N,1993,3,2 - ANO,"0,1","0,88",Indicadores,Indicadores e Corantes
AB06255SO,"AZUL DE BROMOTIMOL SOL.0,04% 100ML"," R$  18,46 ","0,00%",76-59-5,2934.99.99,NAO,N,N,N,N,1993,3,4 - ANO,"0,04","0,87",Indicadores,Indicadores e Corantes
AB04212SO,"AZUL DE BROMOTIMOL SOL.0,04% 1L"," R$  26,56 ","0,00%",76-59-5,2934.99.99,NAO,N,N,N,N,1993,3,4 - ANO,"0,04","0,87",Indicadores,Indicadores e Corantes
AB05259SO,"AZUL DE BROMOTIMOL SOL.0,05% 1L"," R$  26,56 ","0,00%",76-59-5,2934.99.99,NAO,N,N,N,N,1993,3,2 - ANO,"0,05","0,87",Indicadores,Indicadores e Corantes
AB05417SO,"AZUL DE BROMOTIMOL SOL.0,1% (PH 6,0-7,6) 1L"," R$  13,77 ","0,00%",76-59-5,2934.99.99,NAO,N,N,N,N,1993,3,4 - ANO,"0,1","0,87",Indicadores,Indicadores e Corantes
AB03631SO,"AZUL DE BROMOTIMOL SOL.0,1% (PH 7,7) 500ML"," R$  22,15 ","0,00%",76-59-5,2934.99.99,NAO,N,N,N,N,1993,3,4 - ANO,"0,1","0,85",Indicadores,Indicadores e Corantes
AB08939SO,"AZUL DE BROMOTIMOL SOL.0,1% (PH5,4-7,2) 1L"," R$  36,46 ","0,00%",76-59-5,2934.99.99,NAO,N,N,N,N,1993,3,2 - ANO,"0,1","0,87",Indicadores,Indicadores e Corantes
SB03626SO,"AZUL DE BROMOTIMOL SOL.0,5% EM KOH 0,2N 1L"," R$  42,15 ","0,00%",76-59-5,2934.99.99,NAO,N,N,N,N,2924,3,2 - ANO,"0,5","0,99",Indicadores,Indicadores e Corantes
AB08157SO,"AZUL DE BROMOTIMOL SOL.1,5% 100ML"," R$  36,59 ","0,00%",76-59-5,2934.99.99,NAO,N,N,N,N,1993,3,2 - ANO,"1,5","0,87",Indicadores,Indicadores e Corantes
AC07464RA,AZUL DE COOMASSIE BRILHANTE G250 25G," R$  153,36 ","0,00%",6104-58-1,3822.90.00,NAO,N,N,N,N,-,-,4 - ANO,80,1,Indicadores,Indicadores e Corantes
AC07344RA,AZUL DE COOMASSIE BRILHANTE R250 25G," R$  103,43 ","0,00%",6104-59-2,3822.90.00,NAO,N,N,N,N,-,-,4 - ANO,0,1,Indicadores,Indicadores e Corantes
AD08516RA,AZUL DE DISULFINA (CI.42045) 25G," R$  104,30 ","0,00%",129-17-9,3822.90.00,NAO,N,N,N,N,-,-,4 - ANO,40,1,Indicadores,Indicadores e Corantes
AD08937SO,AZUL DE DISULFINA SOL. 500ML," R$  69,93 ","0,00%",129-17-9,3822.90.00,NAO,N,N,N,N,1993,3,2 - ANO,"0,5","0,94",Indicadores,Indicadores e Corantes
AE07143RA,AZUL DE EVANS 10G," R$  36,33 ","0,00%",314-13-6,3822.90.00,NAO,N,N,N,N,-,-,4 - ANO,75,1,Indicadores,Indicadores e Corantes
AE07053RA,AZUL DE EVANS 25G," R$  72,87 ","0,00%",314-13-6,3822.90.00,NAO,N,N,N,N,-,-,4 - ANO,75,1,Indicadores,Indicadores e Corantes
AH07232RA,AZUL DE HIDROXINAFTOL PA 25G," R$  56,58 ","0,00%",63451-35-4,2927.00.29,NAO,N,N,N,N,-,-,6 - ANO,0,1,Indicadores,Indicadores e Corantes
AM09627RA,AZUL DE METILA (CI.42780) (AZUL DE ALGODAO) 25G," R$  85,85 ","0,00%",28983-56-4,3822.90.00,NAO,N,N,N,N,-,-,4 - ANO,0,1,Indicadores,Indicadores e Corantes
AM03835SO,"AZUL DE METILENO 0,005% SOL. AQUOSA 500ML"," R$  26,46 ","0,00%",122965-43-9,3822.90.00,NAO,N,N,N,N,-,-,4 - ANO,"0,05",1,Indicadores,Indicadores e Corantes
AM03628SO,AZUL DE METILENO 5% SOLUÇÃO AQUOSA 100ML," R$  20,68 ","0,00%",122965-43-9,3822.90.00,NAO,N,N,N,N,-,-,4 - ANO,5,1,Indicadores,Indicadores e Corantes
AM03630SO,AZUL DE METILENO 5% SOLUÇÃO AQUOSA 1L," R$  39,60 ","0,00%",122965-43-9,3822.90.00,NAO,N,N,N,N,-,-,4 - ANO,5,1,Indicadores,Indicadores e Corantes
AM03631SO,AZUL DE METILENO 5% SOLUÇÃO AQUOSA 250ML," R$  25,78 ","0,00%",122965-43-9,3822.90.00,NAO,N,N,N,N,-,-,4 - ANO,5,1,Indicadores,Indicadores e Corantes
AM07986RA,AZUL DE METILENO PA (CI.52015) 100G," R$  89,49 ","0,00%",122965-43-9,3822.90.00,NAO,N,N,N,N,-,-,6 - ANO,0,1,Indicadores,Indicadores e Corantes
AM09655RA,AZUL DE METILENO PA (CI.52015) 25G," R$  22,82 ","0,00%",122965-43-9,3822.90.00,NAO,N,N,N,N,-,-,6 - ANO,0,1,Indicadores,Indicadores e Corantes
AM07890RA,AZUL DE METILENO PA (CI.52015) 500G," R$  369,25 ","0,00%",122965-43-9,3822.90.00,NAO,N,N,N,N,-,-,6 - ANO,0,1,Indicadores,Indicadores e Corantes
AM08935SO,AZUL DE METILENO SEG. LOEFFLER 1L," R$  23,33 ","0,00%",122965-43-9,3822.90.00,NAO,N,N,N,N,2924,3(8),4 - ANO,0,"0,96",Indicadores,Indicadores e Corantes
AM03830SO,"AZUL DE METILENO SOL. 0,04% AQUOSA 1L"," R$  35,16 ","0,00%",122965-43-9,3822.90.00,NAO,N,N,N,N,-,-,4 - ANO,"0,04",1,Indicadores,Indicadores e Corantes
AM02247SO,"AZUL DE METILENO SOL. 0,5% AQUOSA 1L"," R$  32,50 ","0,00%",122965-43-9,3822.90.00,NAO,N,N,N,N,-,-,2 - ANO,"0,5","0,87",Indicadores,Indicadores e Corantes
AM02145SO,"AZUL DE METILENO SOL. 0,5% EM MEIO HIDROALCOOLICO 1L"," R$  42,25 ","0,00%",122965-43-9,3822.90.00,NAO,N,N,N,N,-,-,4 - MÊS,"0,5",1,Indicadores,Indicadores e Corantes
AM04015SO,AZUL DE METILENO SOL. AQUOSA 250ML," R$  16,45 ","0,00%",122965-43-9,3822.90.00,NAO,N,N,N,N,-,-,4 - ANO,"0,2",1,Indicadores,Indicadores e Corantes
AM03481SO,"AZUL DE METILENO SOL.0,05% P/V ALCOOLICA 1L"," R$  39,13 ","0,00%",122965-43-9,3822.90.00,NAO,N,N,N,N,1993,3,4 - ANO,"0,05",1,Indicadores,Indicadores e Corantes
AM08934SO,"AZUL DE METILENO SOL.0,1% 1L"," R$  26,56 ","0,00%",122965-43-9,3822.90.00,NAO,N,N,N,N,,,4 - ANO,"0,1",1,Indicadores,Indicadores e Corantes
AM08933SO,"AZUL DE METILENO SOL.0,1% ALCOOLICA 1L"," R$  19,80 ","0,00%",122965-43-9,3822.90.00,NAO,N,N,N,N,1993,3,4 - ANO,"0,1","0,87",Indicadores,Indicadores e Corantes
AM04469SO,"AZUL DE METILENO SOL.0,2% 1L"," R$  35,26 ","0,00%",122965-43-9,3822.90.00,NAO,N,N,N,N,-,-,4 - ANO,"0,2",1,Indicadores,Indicadores e Corantes
AM06233SO,"AZUL DE METILENO SOL.0,3% ALCOOLICA 1L"," R$  33,05 ","0,00%",122965-43-9,3822.90.00,NAO,N,N,N,N,1993,3,4 - ANO,"0,3","0,87",Indicadores,Indicadores e Corantes
AM07279SO,AZUL DE METILENO SOL.1% 1L," R$  29,89 ","0,00%",122965-43-9,3822.90.00,NAO,N,N,N,N,,,4 - ANO,1,1,Indicadores,Indicadores e Corantes
AM09428SO,AZUL DE METILENO SOL.1% ALCOOLICA 1L," R$  19,80 ","0,00%",122965-43-9,3822.90.00,NAO,N,N,N,N,1993,3,4 - ANO,1,"0,87",Indicadores,Indicadores e Corantes
AM03234SO,AZUL DE METILENO SOL.1% AQUOSA 100ML	," R$  18,38 ","0,00%",122965-43-9,3822.90.00,NAO,N,N,N,N,-,-,4 - ANO,1,1,Indicadores,Indicadores e Corantes
AM04014SO,AZUL DE METILENO SOL.1% AQUOSA 250ML," R$  19,71 ","0,00%",122965-43-9,3822.90.00,NAO,N,N,N,N,-,-,4 - ANO,1,1,Indicadores,Indicadores e Corantes
AM06364SO,AZUL DE METILENO SOL.2% ALCOOLICA 1L," R$  33,59 ","0,00%",122965-43-9,3822.90.00,NAO,N,N,N,N,1993,3,4 - ANO,2,"0,87",Indicadores,Indicadores e Corantes
AM03375SO,AZUL DE METILENO SOL.4% RS 1L," R$  49,14 ","0,00%",122965-43-9,3822.90.00,NAO,N,N,N,N,-,-,4 - ANO,4,1,Indicadores,Indicadores e Corantes
AM03834SO,AZUL DE METILENO SOLUÇÃO 1% AQUOSA 500ML," R$  25,45 ","0,00%",122965-43-9,3822.90.00,NAO,N,N,N,N,-,-,4 - ANO,1,1,Indicadores,Indicadores e Corantes
AM07865RA,AZUL DE METILTIMOL (SAL SODICO) 1G," R$  15,72 ","0,00%",1945-77-3,3822.90.00,NAO,N,N,N,N,-,-,6 - ANO,0,1,Indicadores,Indicadores e Corantes
AM05775RA,AZUL DE METILTIMOL (SAL SODICO) PA ACS 5G," R$  39,55 ","0,00%",1945-77-3,3822.90.00,NAO,N,N,N,N,3077,9,6 - ANO,0,1,Indicadores,Indicadores e Corantes
AN07498RA,AZUL DE NILO SULFATO (CI.51180) 10G," R$  38,85 ","0,00%",3625-57-8,3822.90.00,NAO,N,N,N,N,-,-,4 - ANO,90,1,Indicadores,Indicadores e Corantes
AN06451RA,AZUL DE NITROTETRAZOLIO CLORETO 1G," R$  504,48 ","0,00%",298-83-9,2933.99.99,NAO,N,N,N,N,-,-,4 - ANO,90,1,Indicadores,Indicadores e Corantes
AO04716RA,AZUL DE ORACET B (CI.61515) 25G," R$  10.444,15 ","6,50%",12769-16-3,3822.90.00,SIM,N,N,N,N,-,-,4 - ANO,0,1,Indicadores,Indicadores e Corantes
AO04717RA,AZUL DE ORACET B (CI.61515) 5G," R$  2.611,30 ","6,50%",12769-16-3,3822.90.00,SIM,N,N,N,N,-,-,4 - ANO,0,1,Indicadores,Indicadores e Corantes
AP05200RA,AZUL DE PATENTE V (CI.42051) 25G," R$  164,39 ","0,00%",129-17-9,3212.90.90,NAO,N,N,N,N,-,-,4 - ANO,0,1,Indicadores,Indicadores e Corantes
AT07311RA,AZUL DE TIMOL PA ACS 100G," R$  377,98 ","0,00%",76-61-9,2934.99.99,NAO,N,N,N,N,-,-,6 - ANO,0,1,Indicadores,Indicadores e Corantes
AT09844RA,AZUL DE TIMOL PA ACS 25G," R$  110,13 ","0,00%",76-61-9,2934.99.99,NAO,N,N,N,N,-,-,6 - ANO,0,1,Indicadores,Indicadores e Corantes
AT09908RA,AZUL DE TIMOL PA ACS 5G," R$  34,05 ","0,00%",76-61-9,2934.99.99,NAO,N,N,N,N,-,-,6 - ANO,0,1,Indicadores,Indicadores e Corantes
AT05917SO,"AZUL DE TIMOL PH 8,0- 9,6 1L"," R$  24,59 ","0,00%",76-61-9,3822.90.00,NAO,N,N,N,N,1993,3,2 - ANO,"0,5","0,88",Indicadores,Indicadores e Corantes
AT03511SO,AZUL DE TIMOL SOL 5g/L EM ALCOOL ETILICO 1L," R$  36,63 ","0,00%",76-61-9,3822.90.00,NAO,N,N,N,N,1993,3,4 - ANO,"0,5",1,Indicadores,Indicadores e Corantes
AT05482SO,AZUL DE TIMOL SOL.1% 1L," R$  44,28 ","0,00%",76-61-9,3822.90.00,NAO,N,N,N,N,-,-,4 - ANO,1,"0,86",Indicadores,Indicadores e Corantes
AT07459RA,AZUL DE TOLUIDINA (CI.52040) 25G," R$  85,90 ","0,00%",92-31-9,2921.43.19,NAO,N,N,N,N,-,-,4 - ANO,80,1,Indicadores,Indicadores e Corantes
AT08928SO,AZUL DE TOLUIDINA SOL.1% 1L," R$  48,75 ","0,00%",6586-04-5,2921.43.19,NAO,N,N,N,N,-,-,4 - ANO,1,1,Indicadores,Indicadores e Corantes
AT09115SO,AZUL DE TOLUIDINA SOL.1% 500ML," R$  30,36 ","0,00%",6586-04-5,2921.43.19,NAO,N,N,N,N,-,-,4 - ANO,1,1,Indicadores,Indicadores e Corantes
AT08927SO,AZUL DE TOLUIDINA SOL.2% 1L," R$  71,25 ","0,00%",6586-04-5,2921.43.19,NAO,N,N,N,N,-,-,4 - ANO,0,1,Indicadores,Indicadores e Corantes
AT08124RA,AZUL DE TRIPAN (CI.23850) 25G," R$  58,93 ","0,00%",72-57-1,3822.90.00,NAO,N,N,N,N,-,-,4 - ANO,0,1,Indicadores,Indicadores e Corantes
AT06398SO,"AZUL DE TRIPAN SOL.0,4% 100ML"," R$  36,16 ","0,00%",72-57-1,3822.90.00,NAO,N,N,N,N,1993,3,4 - ANO,"0,4","0,87",Indicadores,Indicadores e Corantes
AV05492RA,AZUL DE VITORIA B (CI.44045) 25G," R$  44,55 ","0,00%",2580-56-5,3822.90.00,NAO,N,N,N,N,3261,8,4 - ANO,0,1,Indicadores,Indicadores e Corantes
AT05424RA,AZUL TETRAZOLIO CLORETO PA 1G," R$  79,58 ","0,00%",1871-22-3,3822.90.00,NAO,N,N,N,N,-,-,6 - ANO,94,1,Indicadores,Indicadores e Corantes
AZ05759RA,AZUR I (B) (CI 52010) 25G," R$  124,90 ","0,00%",531-55-5,3822.90.00,NAO,N,N,N,N,-,-,4 - ANO,0,1,Compostos Orgânicos,Diversos
AZ05768RA,AZUR II (CI 52010/52015) 25G," R$  106,17 ","0,00%",37247-10-2,3822.90.00,NAO,N,N,N,N,-,-,4 - ANO,0,1,Compostos Orgânicos,Diversos
BC08391RA,BALSAMO DO CANADA SINTETICO 100ML," R$  35,82 ","0,00%",8007-47-4,1301.90.90,NAO,N,N,N,N,1993,3,6 - ANO,0,"0,92",Compostos Orgânicos,Diversos
BP05712RA,BALSAMO DO PERU EM PÓ 100G," R$  186,55 ","0,00%",8007-00-9,1302.19.99,NAO,N,N,N,N,-,-,6 - ANO,0,"1,15",Compostos Orgânicos,Diversos
B06696RA,BENTONITA VERDE 250G," R$  62,25 ","0,00%",1302-78-9,2508.10.00,NAO,N,N,N,N,-,-,2 - ANO,0,"2,5",Indicadores,Indicadores e Corantes
B05709RA,BENZAMIDA PA 500G," R$  501,21 ","0,00%",55-21-0,2924.29.99,NAO,N,N,N,N,-,-,6 - ANO,98,"1,34",Compostos Orgânicos,Diversos
B05984RA,BENZIDINA PA 10G," R$  882,52 ","0,00%",92-87-5,2921.59.19,NAO,N,N,N,N,1885,6.1,6 - ANO,98,"1,25",Compostos Orgânicos,Diversos
B06495RA,BENZILAMINA PURINA (BAP) 10G," R$  63,31 ","0,00%",1214-39-7,2921.49.90,NAO,N,N,N,N,3077,9,6 - ANO,98,1,Compostos Orgânicos,Diversos
B07779RA,BENZILAMINA PURINA (BAP) 5G," R$  32,12 ","0,00%",1214-39-7,2921.49.90,NAO,N,N,N,N,3077,9,6 - ANO,98,1,Compostos Orgânicos,Diversos
BB05865RA,BENZOATO DE BENZILA PA 1L," R$  89,90 ","0,00%",120-51-4,2916.31.29,NAO,N,N,N,N,3082,9,6 - ANO,99,"1,118",Compostos Orgânicos,Diversos
BE05632RA,BENZOATO DE ETILA PA 500ML," R$  227,90 ","0,00%",93-89-0,2916.31.39,NAO,N,N,N,N,1993,3,6 - ANO,98,"1,03",Compostos Orgânicos,Diversos
BP04117RA,BENZOATO DE POTASSIO PA 1KG," R$  195,66 ","0,00%",582-25-2,2916.31.29,NAO,N,N,N,N,-,-,6 - ANO,98,"1,558",Metais,Metais Alcalinos e Alcalino-Terrosos
BP04118RA,BENZOATO DE POTASSIO PA 500G," R$  135,25 ","0,00%",582-25-2,2916.31.29,NAO,N,N,N,N,-,-,6 - ANO,98,"1,558",Metais,Metais Alcalinos e Alcalino-Terrosos
BS07231RA,BENZOATO DE SODIO PA 1KG," R$  44,59 ","0,00%",532-32-1,2916.31.21,NAO,N,N,N,N,-,-,6 - ANO,99,"0,99",Metais,Metais Alcalinos e Alcalino-Terrosos
BS07149RA,BENZOATO DE SODIO PA 500G," R$  15,84 ","0,00%",532-32-1,2916.31.21,NAO,N,N,N,N,-,-,6 - ANO,99,"0,99",Metais,Metais Alcalinos e Alcalino-Terrosos
B07219RA,BENZOQUINONA-P 250G," R$  248,31 ","0,00%",106-51-4,2916.31.29,NAO,N,N,N,N,2587,6.1,6 - ANO,98,"1,31",Compostos Orgânicos,Diversos
B03571RA,"BENZOTRIAZOL (1,2,3-BENZOTRIAZOL) PA 100G"," R$  365,45 ","0,00%",95-14-7,2933.99.69,NAO,N,N,N,N,3077,9,6 - ANO,98,"1,36",Compostos Orgânicos,Diversos
B03570RA,"BENZOTRIAZOL (1,2,3-BENZOTRIAZOL) PA 500G"," R$  592,44 ","0,00%",95-14-7,2933.99.69,NAO,N,N,N,N,3077,9,6 - ANO,99,"1,36",Compostos Orgânicos,Diversos
BA04387RA,BICARBONATO DE AMINOGUANIDINA PA  100G," R$  186,25 ","0,00%",2582-30-1,2928.00.90,NAO,N,N,N,N,3077,9,6 - ANO,"98,5","1,56",Sais Inorgânicos,Carbonatos
BA03633RA,BICARBONATO DE AMINOGUANIDINA PA 1KG," R$  1.058,23 ","0,00%",2582-30-1,2928.00.90,NAO,N,N,N,N,3077,9,6 - ANO,"98,5","1,56",Sais Inorgânicos,Carbonatos
BA03585RA,BICARBONATO DE AMINOGUANIDINA PA 500G," R$  549,58 ","0,00%",2582-30-1,2928.00.90,NAO,N,N,N,N,3077,9,6 - ANO,"98,5","1,56",Sais Inorgânicos,Carbonatos
BA06473RA,BICARBONATO DE AMONIO PA 1KG," R$  30,68 ","0,00%",1066-33-7,2836.99.13,NAO,N,N,N,N,3077,9,6 - ANO,98,"1,58",Sais Inorgânicos,Carbonatos
BA07632RA,BICARBONATO DE AMONIO PA 500G," R$  17,82 ","0,00%",1066-33-7,2836.99.13,NAO,N,N,N,N,3077,9,6 - ANO,98,"1,58",Sais Inorgânicos,Carbonatos
BP08480RA,BIFTALATO DE POTASSIO PA 1KG," R$  124,80 ","0,00%",877-24-7,2917.39.19,NAO,N,N,N,N,-,-,6 - ANO,99,1,Metais,Metais Alcalinos e Alcalino-Terrosos
BP07595RA,BIFTALATO DE POTASSIO PA 500G," R$  67,41 ","0,00%",877-24-7,2917.39.19,NAO,N,N,N,N,-,-,6 - ANO,99,1,Metais,Metais Alcalinos e Alcalino-Terrosos
B08134RA,BIOTINA (VITAMINA H) 97% 10G," R$  507,08 ","0,00%",58-85-5,2936.29.31,NAO,N,N,N,N,-,-,6 - ANO,97,"1,42",Compostos Orgânicos,Vitaminas
B09303RA,BIOTINA (VITAMINA H) 97% 1G," R$  86,77 ","0,00%",58-85-5,2936.29.31,NAO,N,N,N,N,-,-,6 - ANO,97,"1,42",Compostos Orgânicos,Vitaminas
B09304RA,BIOTINA (VITAMINA H) 97% 25G," R$  852,15 ","0,00%",58-85-5,2936.29.31,NAO,N,N,N,N,-,-,6 - ANO,97,"1,42",Compostos Orgânicos,Vitaminas
B08376RA,BIOTINA (VITAMINA H) 97% 5G," R$  337,81 ","0,00%",58-85-5,2936.29.31,NAO,N,N,N,N,-,-,6 - ANO,97,"1,42",Compostos Orgânicos,Vitaminas
BP06262RA,"BIPIRIDINA-2,2 (2,2-BIPIRIDIL) 99% PA 100G"," R$  1.401,68 ","0,00%",366-18-7,2933.39.89,NAO,N,N,N,N,2811,6.1,6 - ANO,99,1,Compostos Orgânicos,Diversos
BP06298RA,"BIPIRIDINA-2,2 (2,2-BIPIRIDIL) 99% PA 5G"," R$  92,15 ","0,00%",366-18-7,2933.31.10,NAO,N,N,N,N,2811,6.1,6 - ANO,99,1,Compostos Orgânicos,Diversos
BP03991RA,"BIPIRIDINA-2,2 PA (2,2-BIPIRIDIL) 99% 25G"," R$  398,54 ","0,00%",366-18-7,2933.31.10,NAO,N,N,N,N,2811,6.1,6 - ANO,99,1,Compostos Orgânicos,Diversos
BA06024RA,BIS ACRILAMIDA PA 100G," R$  86,06 ","0,00%",110-26-9,2924.19.39,NAO,N,N,N,N,2811,6.1,6 - ANO,99,1,Compostos Orgânicos,Ésteres e Amidas
B08326RA,BISABOLOL (ALFA) 100G/109ML," R$  510,25 ","0,00%",23089-26-1,2906.19.90,NAO,N,N,N,N,3082,9,6 - ANO,95,"0,93",Compostos Orgânicos,Diversos
BS07617RA,BISMUTATO DE SODIO PA 100G," R$  284,99 ","0,00%",12232-99-4,2834.29.90,NAO,N,N,N,N,-,-,6 - ANO,80,1,Metais,Metais Alcalinos e Alcalino-Terrosos
BS07616RA,BISMUTATO DE SODIO PA 25G," R$  73,39 ","0,00%",12232-99-4,2834.29.90,NAO,N,N,N,N,-,-,6 - ANO,80,1,Metais,Metais Alcalinos e Alcalino-Terrosos
BS07753RA,BISSULFATO DE SODIO PA 1KG," R$  40,44 ","0,00%",7681-38-1,2833.11.90,NAO,N,N,N,N,-,-,6 - ANO,"95,2",1,Sais Inorgânicos,Sulfatos e Sulfitos
BS07970RA,BISSULFATO DE SODIO PA 500G," R$  26,25 ","0,00%",7681-38-1,2833.11.90,NAO,N,N,N,N,-,-,6 - ANO,"95,2",1,Sais Inorgânicos,Sulfatos e Sulfitos
BS05165SO,BISSULFATO DE SODIO SOL.5% 1L," R$  19,40 ","0,00%",7681-38-1,2833.11.90,NAO,N,N,N,N,-,-,4 - ANO,5,"1,02",Sais Inorgânicos,Sulfatos e Sulfitos
BT04690RA,BISSULFATO DE TETRABUTILAMONIO (HIDROGENOSSULFATO) 98% PA 100G," R$  65,26 ","0,00%",32503-27-8,2923.90.90,NAO,N,N,N,N,-,-,6 - ANO,98,1,Sais Inorgânicos,Sulfatos e Sulfitos
BT06281RA,BISSULFATO DE TETRABUTILAMONIO (HIDROGENOSSULFATO) 98% PA 25G," R$  29,82 ","0,00%",32503-27-8,2923.90.90,NAO,N,N,N,N,-,-,6 - ANO,98,1,Sais Inorgânicos,Sulfatos e Sulfitos
BT04687RA,BISSULFATO DE TETRABUTILAMONIO (HIDROGENOSSULFATO) 99% HPLC 100G," R$  609,02 ","0,00%",32503-27-8,2923.90.90,NAO,N,N,N,N,-,-,6 - ANO,99,1,Sais Inorgânicos,Sulfatos e Sulfitos
BT04688RA,BISSULFATO DE TETRABUTILAMONIO (HIDROGENOSSULFATO) 99% HPLC 25G," R$  180,14 ","0,00%",32503-27-8,2923.90.90,NAO,N,N,N,N,-,-,6 - ANO,99,1,Sais Inorgânicos,Sulfatos e Sulfitos
BT04686RA,BISSULFATO DE TETRABUTILAMONIO (HIDROGENOSSULFATO) 99% HPLC 500G," R$  2.864,25 ","0,00%",32503-27-8,2923.90.90,NAO,N,N,N,N,-,-,6 - ANO,99,1,Sais Inorgânicos,Sulfatos e Sulfitos
BS09519RA,BISSULFITO DE SODIO PA ACS 1KG," R$  40,44 ","0,00%",7631-90-5,2832.10.90,NAO,N,N,N,N,-,-,6 - ANO,"58,5","1,48",Sais Inorgânicos,Sulfatos e Sulfitos
BS09569RA,BISSULFITO DE SODIO PA ACS 500G," R$  27,05 ","0,00%",7631-90-5,2833.11.90,NAO,N,N,N,N,-,-,6 - ANO,"58,5","1,48",Sais Inorgânicos,Sulfatos e Sulfitos
BS05533SO,BISSULFITO DE SODIO SOL. 2% AQUOSA 1L," R$  19,80 ","0,00%",7631-90-5,2832.10.90,NAO,N,N,N,N,3077,9,4 - ANO,2,"0,98",Sais Inorgânicos,Sulfatos e Sulfitos
BS03317SO,BISSULFITO DE SODIO SOL. 40%  1L," R$  108,25 ","0,00%",7631-90-5,2832.10.90,NAO,N,N,N,N,3077,9,4 - ANO,40,"1,36",Sais Inorgânicos,Sulfatos e Sulfitos
BS07772SO,BISSULFITO DE SODIO SOL.1% AQUOSA 100ML," R$  25,15 ","0,00%",7631-90-5,2832.10.90,NAO,N,N,N,N,3077,9,4 - ANO,1,"0,98",Sais Inorgânicos,Sulfatos e Sulfitos
BS06535SO,BISSULFITO DE SODIO SOL.3% AQUOSA 1L," R$  25,15 ","0,00%",7631-90-5,2832.10.90,NAO,N,N,N,N,3077,9,4 - ANO,3,"0,98",Sais Inorgânicos,Sulfatos e Sulfitos
BS03316SO,"BISSULFITO DE SODIO SOL.33,3% TS 1L	"," R$  36,16 ","0,00%",7631-90-5,2832.10.90,NAO,N,N,N,N,3077,9,4 - ANO,"33,3",1,Sais Inorgânicos,Sulfatos e Sulfitos
B05378RA,BORO EM PO 99% 5G," R$  311,93 ","0,00%",7440-42-8,2804.50.00,NAO,N,N,N,N,-,-,4 - ANO,99,"2,35",Compostos Orgânicos,Diversos
BB05476SO,"BROMATO BROM.DE POTASSIO SOL.0,0247N 1L"," R$  20,54 ","0,00%",-,2829.90.12,NAO,N,N,N,N,-,-,2 - ANO,"0,37","0,98",Sais Inorgânicos,"Brometos, Iodetos e Fluoretos"
BP08916SO,"BROMATO BROM.DE POTASSIO SOL.0,05N 1L"," R$  17,44 ","0,00%",-,2829.90.12,NAO,N,N,N,N,-,-,2 - ANO,"0,74","0,98",Sais Inorgânicos,"Brometos, Iodetos e Fluoretos"
BP08915SO,"BROMATO BROM.DE POTASSIO SOL.0,1N 1L"," R$  17,52 ","0,00%",-,2829.90.12,NAO,N,N,N,N,-,-,2 - ANO,"1,48","0,99",Sais Inorgânicos,"Brometos, Iodetos e Fluoretos"
BB05474SO,"BROMATO BROM.DE POTASSIO SOL.0,25N 1L"," R$  20,54 ","0,00%",-,2829.90.12,NAO,N,N,N,N,-,-,2 - ANO,"3,7",1,Sais Inorgânicos,"Brometos, Iodetos e Fluoretos"
BP08373RA,BROMATO DE POTASSIO PA 250G," R$  136,47 ","0,00%",7758-01-2,2829.90.12,NAO,N,N,N,N,1484,5.1,6 - ANO,99,"3,13",Sais Inorgânicos,"Brometos, Iodetos e Fluoretos"
BP09990RA,BROMATO DE POTASSIO PA 500G," R$  232,17 ","0,00%",7758-01-2,2829.90.12,NAO,N,N,N,N,1484,5.1,6 - ANO,99,"3,13",Sais Inorgânicos,"Brometos, Iodetos e Fluoretos"
BP05362SO,"BROMATO DE POTASSIO SOL.0,1N 1L"," R$  29,70 ","0,00%",7758-01-2,2829.90.12,NAO,N,N,N,N,1484,5.1,2 - ANO,"0,28","0,98",Sais Inorgânicos,"Brometos, Iodetos e Fluoretos"
BS09470RA,BROMATO DE SODIO PA 1KG," R$  246,49 ","0,00%",7789-38-0,2829.90.11,NAO,N,N,N,N,1494,5.1,6 - ANO,"99,7","3,339",Sais Inorgânicos,"Brometos, Iodetos e Fluoretos"
BS09991RA,BROMATO DE SODIO PA 250G," R$  56,85 ","0,00%",7789-38-0,2829.90.11,NAO,N,N,N,N,1494,5.1,6 - ANO,"99,7","3,339",Sais Inorgânicos,"Brometos, Iodetos e Fluoretos"
BS09471RA,BROMATO DE SODIO PA 500G," R$  130,20 ","0,00%",7789-38-0,2829.90.11,NAO,N,N,N,N,1494,5.1,6 - ANO,"99,7","3,339",Sais Inorgânicos,"Brometos, Iodetos e Fluoretos"
BB04983RA,BROMETO DE 2-BROMOETILAMONIO 99% PA 100G," R$  675,57 ","0,00%",2576-47-8,2921.19.99,NAO,N,N,N,N,-,-,6 - ANO,99,"0,98",Sais Inorgânicos,"Brometos, Iodetos e Fluoretos"
BB04984RA,BROMETO DE 2-BROMOETILAMONIO 99% PA 25G," R$  212,01 ","0,00%",2576-47-8,2921.19.99,NAO,N,N,N,N,-,-,6 - ANO,99,"0,98",Sais Inorgânicos,"Brometos, Iodetos e Fluoretos"
BA06268RA,"BROMETO DE AMONIO 99,5% PA 500G"," R$  59,70 ","0,00%",12124-97-9,2827.51.00,NAO,N,N,N,N,-,-,6 - ANO,"99,5","2,43",Sais Inorgânicos,"Brometos, Iodetos e Fluoretos"
BC05820RA,BROMETO DE CALCIO HIDRATADO 95% PA 100G," R$  202,15 ","0,00%",71626-99-8,2827.59.00,NAO,N,N,N,N,-,-,6 - ANO,85,1,Sais Inorgânicos,"Brometos, Iodetos e Fluoretos"
BC03081RA,BROMETO DE CALCIO HIDRATADO 95% PA 1KG," R$  1.185,25 ","0,00%",71626-99-8,2827.59.00,NAO,N,N,N,N,-,-,6 - ANO,95,1,Sais Inorgânicos,"Brometos, Iodetos e Fluoretos"
BC06223RA,BROMETO DE CALCIO HIDRATADO 95% PA 500G," R$  624,15 ","0,00%",71626-99-8,2827.59.00,NAO,N,N,N,N,-,-,6 - ANO,85,1,Sais Inorgânicos,"Brometos, Iodetos e Fluoretos"
BC05707RA,BROMETO DE CESIO ULTRA PUREX 25G," R$  851,51 ","0,00%",7787-69-1,2827.59.00,NAO,N,N,N,N,3077,9,6 - ANO,"9,99","4,44",Sais Inorgânicos,"Brometos, Iodetos e Fluoretos"
BC05589RA,BROMETO DE CETILTRIMETILAMONIO (CTAB) 100G," R$  27,89 ","0,00%",57-09-0,2827.59.00,NAO,N,N,N,N,3077,9,6 - ANO,99,"2,24",Sais Inorgânicos,"Brometos, Iodetos e Fluoretos"
BC05588RA,BROMETO DE CETILTRIMETILAMONIO (CTAB) 250G," R$  66,36 ","0,00%",57-09-0,2827.59.00,NAO,N,N,N,N,3077,9,6 - ANO,99,"2,24",Sais Inorgânicos,"Brometos, Iodetos e Fluoretos"
BC05587RA,BROMETO DE CETILTRIMETILAMONIO (CTAB) 500G," R$  145,36 ","0,00%",57-09-0,2827.59.00,NAO,N,N,N,N,3077,9,6 - ANO,99,"2,24",Sais Inorgânicos,"Brometos, Iodetos e Fluoretos"
BC03351SO,"BROMETO DE CETILTRIMETILAMONIO (CTAB) SOL 0,004M 1L"," R$  185,36 ","0,00%",57-09-0,2827.59.00,NAO,N,N,N,N,3077,9,2 - ANO,"0,14",1,Sais Inorgânicos,"Brometos, Iodetos e Fluoretos"
BD09473RA,BROMETO DE DIMIDIO PURO 1G," R$  85,86 ","0,00%",518-67-2,2933.99.99,NAO,N,N,N,N,-,-,4 - ANO,"97,5",1,Sais Inorgânicos,"Brometos, Iodetos e Fluoretos"
DB08862SO,BROMETO DE DIMIDIO SOL. 250ML," R$  114,60 ","0,00%",518-67-2,2933.99.99,NAO,N,N,N,N,1993,3,2 - ANO,"0,4",1,Sais Inorgânicos,"Brometos, Iodetos e Fluoretos"
BD04178RA,BROMETO DE DODECILTRIMETILAMONIO PA 100G," R$  794,76 ","0,00%",1119-94-4,2923.90.90,NAO,N,N,N,N,2811,6.1,6 - ANO,99,"1,17",Sais Inorgânicos,"Brometos, Iodetos e Fluoretos"
BD04179RA,BROMETO DE DODECILTRIMETILAMONIO PA 25G," R$  299,78 ","0,00%",1119-94-4,2923.90.90,NAO,N,N,N,N,2811,6.1,6 - ANO,99,"1,17",Sais Inorgânicos,"Brometos, Iodetos e Fluoretos"
BE06140RA,BROMETO DE ETIDIO 5G," R$  119,40 ","0,00%",1239-45-8,2933.99.99,NAO,N,N,N,N,2811,6.1,4 - ANO,98,1,Sais Inorgânicos,"Brometos, Iodetos e Fluoretos"
BE06659RA,BROMETO DE ETIDIO 98% 1G," R$  30,96 ","0,00%",1239-45-8,2933.99.99,NAO,N,N,N,N,2811,6.1,4 - ANO,98,1,Sais Inorgânicos,"Brometos, Iodetos e Fluoretos"
BD05677RA,BROMETO DE ETILHEXADECILDIMETILAMONIO PA 100G," R$  497,76 ","0,00%",124-03-8,2923.90.90,NAO,N,N,N,N,3077,9,6 - ANO,"98,5",1,Sais Inorgânicos,"Brometos, Iodetos e Fluoretos"
BD05676RA,BROMETO DE ETILHEXADECILDIMETILAMONIO PA 500G," R$  1.968,60 ","0,00%",124-03-8,2923.90.90,NAO,N,N,N,N,3077,9,6 - ANO,"98,5",1,Sais Inorgânicos,"Brometos, Iodetos e Fluoretos"
BL07765RA,BROMETO DE LITIO PA 100G," R$  195,23 ","0,00%",7550-35-8,2827.51.00,NAO,N,N,N,N,-,-,6 - ANO,99,"3,46",Sais Inorgânicos,"Brometos, Iodetos e Fluoretos"
BL07795RA,BROMETO DE LITIO PA 500G," R$  482,25 ","0,00%",7550-35-8,2827.51.00,NAO,N,N,N,N,-,-,6 - ANO,99,"3,46",Sais Inorgânicos,"Brometos, Iodetos e Fluoretos"
BP06250RA,BROMETO DE POTASSIO P/ ESPECT. 100G," R$  464,80 ","0,00%",7758-02-3,2827.51.00,NAO,N,N,N,N,-,-,6 - ANO,99,"2,75",Sais Inorgânicos,"Brometos, Iodetos e Fluoretos"
BP05816RA,BROMETO DE POTASSIO P/ ESPECT. 250G," R$  811,30 ","0,00%",7758-02-3,2827.51.00,NAO,N,N,N,N,-,-,6 - ANO,99,"2,75",Sais Inorgânicos,"Brometos, Iodetos e Fluoretos"
BP07910RA,BROMETO DE POTASSIO PA 1KG," R$  233,40 ","0,00%",7758-02-3,2827.51.00,NAO,N,N,N,N,-,-,6 - ANO,99,"2,75",Sais Inorgânicos,"Brometos, Iodetos e Fluoretos"
BP09051RA,BROMETO DE POTASSIO PA 250G," R$  69,61 ","0,00%",7758-02-3,2827.51.00,NAO,N,N,N,N,-,-,6 - ANO,99,"2,75",Sais Inorgânicos,"Brometos, Iodetos e Fluoretos"
BP09602RA,BROMETO DE POTASSIO PA 500G," R$  124,21 ","0,00%",7758-02-3,2827.51.00,NAO,N,N,N,N,-,-,6 - ANO,99,"2,75",Sais Inorgânicos,"Brometos, Iodetos e Fluoretos"
BS09475RA,BROMETO DE SODIO 99% PA 1KG," R$  115,32 ","0,00%",7647-15-6,2827.51.00,NAO,N,N,N,N,-,-,6 - ANO,99,"3,2",Sais Inorgânicos,"Brometos, Iodetos e Fluoretos"
BS09474RA,BROMETO DE SODIO 99% PA 500G," R$  63,66 ","0,00%",7647-15-6,2827.51.00,NAO,N,N,N,N,-,-,6 - ANO,99,"3,2",Sais Inorgânicos,"Brometos, Iodetos e Fluoretos"
BS05488SO,BROMETO DE SODIO SOL.10% 1L," R$  23,61 ","0,00%",7647-15-6,2827.51.00,NAO,N,N,N,N,-,-,4 - ANO,10,"1,05",Sais Inorgânicos,"Brometos, Iodetos e Fluoretos"
BT06349RA,BROMETO DE TETRABUTILAMONIO PA ACS 100G," R$  34,65 ","0,00%",1643-19-2,2923.90.90,NAO,N,N,N,N,-,-,6 - ANO,98,"0,523",Sais Inorgânicos,"Brometos, Iodetos e Fluoretos"
BT06357RA,BROMETO DE TETRABUTILAMONIO PA ACS 25G," R$  22,96 ","0,00%",1643-19-2,2923.90.90,NAO,N,N,N,N,-,-,6 - ANO,98,"0,523",Sais Inorgânicos,"Brometos, Iodetos e Fluoretos"
BT08154RA,BROMETO DE TETRAETILAMONIO PA 100G," R$  84,80 ","0,00%",71-91-0,2923.90.90,NAO,N,N,N,N,-,-,6 - ANO,97,1,Sais Inorgânicos,"Brometos, Iodetos e Fluoretos"
BT05608RA,BROMETO DE TETRAETILAMONIO PA 1KG," R$  766,58 ","0,00%",71-91-0,2923.90.90,NAO,N,N,N,N,-,-,6 - ANO,97,1,Sais Inorgânicos,"Brometos, Iodetos e Fluoretos"
BT05790RA,BROMETO DE TETRAETILAMONIO PA 25G," R$  45,79 ","0,00%",71-91-0,2923.90.90,NAO,N,N,N,N,-,-,6 - ANO,97,1,Sais Inorgânicos,"Brometos, Iodetos e Fluoretos"
BT05463SO,BROMETO DE TETRAETILAMONIO SOL. ESPECIAL 1L," R$  203,80 ","0,00%",71-91-0,2923.90.90,NAO,N,N,N,N,2924,3(8),4 - ANO,0,"0,9",Sais Inorgânicos,"Brometos, Iodetos e Fluoretos"
TB05431RA,BROMETO DE TETRAMETILAMONIO  25G," R$  149,25 ","0,00%",64-20-0,2923.90.90,NAO,N,N,N,N,2811,6.1,6 - ANO,0,"1,4",Sais Inorgânicos,"Brometos, Iodetos e Fluoretos"
AD07342SO,"BROMETO DIMIDIO E AZUL DE DISSULFINA INDICADORA MISTO 0,05%. 500ML"," R$  50,05 ","0,00%",-,3822.90.00,NAO,N,N,N,N,1993,3,2 - ANO,"0,05","0,86",Indicadores,Indicadores e Corantes
SI08661SO,BROMETO DIMIDIO E AZUL DE DISSULFINA INDICADORA MISTO 500ML," R$  135,00 ","0,00%",-,3822.90.00,NAO,N,N,N,N,1993,3,2 - ANO,"0,1","0,94",Indicadores,Indicadores e Corantes
BC07226RA,BROMETO TETRADECILTRIMETILAMONIO (CETRIMIDE) 100G," R$  69,63 ","0,00%",8044-71-1,2827.59.00,NAO,N,N,N,N,3263,8,6 - ANO,96,1,Sais Inorgânicos,"Brometos, Iodetos e Fluoretos"
BC06921RA,BROMETO TETRADECILTRIMETILAMONIO (CETRIMIDE) 1KG," R$  500,85 ","0,00%",8044-71-1,2923.90.90,NAO,N,N,N,N,3263,8,6 - ANO,96,1,Sais Inorgânicos,"Brometos, Iodetos e Fluoretos"
BC08114RA,BROMETO TETRADECILTRIMETILAMONIO (CETRIMIDE) 250G," R$  150,11 ","0,00%",8044-71-1,2923.90.90,NAO,N,N,N,N,3263,8,6 - ANO,96,1,Sais Inorgânicos,"Brometos, Iodetos e Fluoretos"
BC09353RA,BROMETO TETRADECILTRIMETILAMONIO (CETRIMIDE) 500G," R$  290,70 ","0,00%",8044-71-1,2923.90.90,NAO,N,N,N,N,3263,8,6 - ANO,96,1,Sais Inorgânicos,"Brometos, Iodetos e Fluoretos"
BT06453RA,BROMETO TIAZOLIL AZUL TETRAZOLIO PA 1G," R$  342,19 ","0,00%",298-93-1,2934.10.90,NAO,N,N,N,N,-,-,6 - ANO,98,1,Indicadores,Indicadores e Corantes
B06266RA,BROMOANILINA-P 100G," R$  2.784,15 ","0,00%",106-40-1,2921.42.90,NAO,N,N,N,N,2811,6.1,6 - ANO,98,"1,49",Compostos Orgânicos,Cloridratos e Aminas
B03990RA,BROMOANILINA-P 99% (CG) 25G," R$  846,57 ","0,00%",106-40-1,2921.42.90,NAO,N,N,N,N,2811,6.1,6 - ANO,98,"1,49",Compostos Orgânicos,Cloridratos e Aminas
B03989RA,BROMOANILINA-P 99% (CG) 5G," R$  247,32 ","0,00%",106-40-1,2921.42.90,NAO,N,N,N,N,2811,6.1,6 - ANO,98,"1,49",Compostos Orgânicos,Cloridratos e Aminas
B05411RA,"BROMOFORMIO 250G/86,5ML"," R$  463,60 ","0,00%",75-25-2,2903.69.90,NAO,N,N,N,N,2515,6.1,6 - ANO,90,"2,89",Compostos Orgânicos,Diversos
BP06619RA,BROMOFORMIO PURO 1KG/346ML," R$  1.765,00 ","0,00%",75-25-2,2903.69.90,NAO,N,N,N,N,2515,6.1,4 - ANO,90,"2,89",Compostos Orgânicos,Diversos
B05461RA,BROMOSUCCINIMIDA -N PS 25G," R$  79,60 ","0,00%",128-08-5,2929.90.90,NAO,N,N,N,N,3085,5.1(8),6 - ANO,99,1,Compostos Orgânicos,Diversos
BR06236RA,BRUCINA PA 10G," R$  59,40 ","0,00%",357-57-3,2939.80.90,NAO,N,N,N,N,1570,6.1,6 - ANO,99,1,Compostos Orgânicos,Diversos
B05771RA,"BUTANODIOL-1,4 PS 1L"," R$  104,60 ","0,00%",110-63-4,2905.39.90,NAO,N,N,N,N,-,-,6 - ANO,"99,5","1,02",Compostos Orgânicos,Diversos
BH08473RA,BUTIL HIDROXI TOLUOL (B.H.T) PA 500G," R$  63,51 ","0,00%",128-37-0,2907.19.90,NAO,N,N,N,N,3077,9,6 - ANO,"98,5","1,04",Compostos Orgânicos,Diversos
BH07052RA,BUTIL HIDROXIANISOL (B.H.A) PA 500G," R$  176,50 ","0,00%",25013-16-5,2909.50.90,NAO,N,N,N,N,3077,9,6 - ANO,98,1,Compostos Orgânicos,Diversos
CS06374RA,CAL SODADA GRANULADA C/ INDICADOR 500G," R$  52,36 ","0,00%",8006-28-8,2850.00.90,NAO,N,N,N,N,1907,8,6 - ANO,0,"2,22",Indicadores,Indicadores e Corantes
CS09038RA,CAL SODADA GRANULADA S/ INDICADOR 500G," R$  66,90 ","0,00%",8006-28-8,2850.00.90,NAO,N,N,N,N,1907,8,6 - ANO,0,"2,22",Indicadores,Indicadores e Corantes
C07540RA,CALCEINA 1G," R$  33,77 ","0,00%",154071-48-4,3204.19.90,SIM,N,N,N,N,-,-,6 - ANO,0,1,Compostos Orgânicos,Diversos
C06253RA,CALCEINA 5G," R$  103,03 ","0,00%",154071-48-4,3204.19.90,SIM,N,N,N,N,-,-,6 - ANO,0,1,Compostos Orgânicos,Diversos
C08083RA,CALCON (CI.15705) 50G," R$  103,98 ","0,00%",2538-85-4,3822.90.00,NAO,N,N,N,N,-,-,4 - ANO,0,1,Compostos Orgânicos,Diversos
C08913SO,"CALCON SOLUCAO INDICADORA 0,1% 1L"," R$  26,02 ","0,00%",2538-85-4,3822.90.00,NAO,N,N,N,N,-,-,2 - ANO,"0,1",1,Indicadores,Indicadores e Corantes
C04875RA,CALMAGITE PA 25G," R$  86,96 ","0,00%",3147-14-6,2927.00.29,NAO,N,N,N,N,-,-,6 - ANO,0,1,Compostos Orgânicos,Diversos
C08321RA,CANFORA PA 1KG," R$  154,05 ","0,00%",76-22-2,2914.29.90,NAO,N,N,N,N,2717,4.1,6 - ANO,96,"0,99",Compostos Orgânicos,Diversos
C09351RA,CANFORA PA 500G," R$  82,04 ","0,00%",76-22-2,2914.29.90,NAO,N,N,N,N,2717,4.1,6 - ANO,96,"0,99",Compostos Orgânicos,Diversos
CF05701RA,CARBOL FUCSINA PUREX 25G," R$  748,05 ","6,50%",4197-24-4,3212.90.90,SIM,N,N,N,N,2928,6.1(8),6 - ANO,0,1,Compostos Orgânicos,Diversos
CA06103RA,CARBONATO DE AMONIO PA ACS 1KG," R$  74,00 ","0,00%",8000-73-5,2836.30.00,NAO,N,N,N,N,-,-,6 - ANO,24,"1,5",Sais Inorgânicos,Carbonatos
CA08105RA,CARBONATO DE AMONIO PA ACS 500G," R$  43,25 ","0,00%",8000-73-5,2836.30.00,NAO,N,N,N,N,-,-,6 - ANO,24,"1,5",Sais Inorgânicos,Carbonatos
CA03456SO,CARBONATO DE AMONIO SOL.20% TS 1L," R$  51,41 ","0,00%",506-87-6,2836.99.13,NAO,N,N,N,N,3077,9,4 - ANO,20,1,Sais Inorgânicos,Carbonatos
CA05473SO,CARBONATO DE AMONIO SOL.2M 1L," R$  66,67 ","0,00%",8000-73-5,2836.99.13,NAO,N,N,N,N,-,-,2 - ANO,"19,2","1,06",Sais Inorgânicos,Carbonatos
CB03478RA,CARBONATO DE BARIO PA 1KG," R$  45,89 ","0,00%",513-77-9,2836.60.10,NAO,N,N,N,N,-,-,6 - ANO,99,1,Sais Inorgânicos,Carbonatos
CB09054RA,CARBONATO DE BARIO PA 250G," R$  25,15 ","0,00%",513-77-9,2836.60.10,NAO,N,N,N,N,-,-,6 - ANO,"99,2","4,43",Sais Inorgânicos,Carbonatos
CC09789RA,CARBONATO DE CALCIO PA 500G," R$  15,25 ","0,00%",471-34-1,2836.50.00,NAO,N,N,N,N,-,-,6 - ANO,97,"2,8",Sais Inorgânicos,Carbonatos
CC05833SO,CARBONATO DE CALCIO SOL. 20G/L 1L," R$  32,66 ","0,00%",471-34-1,2836.50.00,NAO,N,N,N,N,-,-,2 - ANO,"0,2","0,98",Sais Inorgânicos,Carbonatos
CC05308SO,"CARBONATO DE CALCIO SOL.0,01M/L (FATORADA) 1L"," R$  34,00 ","0,00%",471-34-1,2836.50.00,NAO,N,N,N,N,-,-,2 - ANO,"0,1","0,98",Sais Inorgânicos,Carbonatos
CC09144RA,CARBONATO DE COBALTO II 50G," R$  162,63 ","0,00%",57454-67-8,2836.99.19,NAO,N,N,N,N,-,-,6 - ANO,45,"4,13",Sais Inorgânicos,Carbonatos
CC06356RA,CARBONATO DE COBRE II (ICO) BASICO 500G," R$  44,55 ","0,00%",12069-69-1,2836.99.19,NAO,N,N,N,N,3077,9,6 - ANO,50,4,Sais Inorgânicos,Carbonatos
CE07269RA,CARBONATO DE ESTRONCIO PA 250G," R$  44,23 ","0,00%",1633-05-2,2836.99.19,NAO,N,N,N,N,-,-,6 - ANO,98,"3,7",Sais Inorgânicos,Carbonatos
CE05792RA,CARBONATO DE ESTRONCIO PA 500G," R$  68,97 ","0,00%",1633-05-2,2836.99.19,NAO,N,N,N,N,-,-,6 - ANO,98,"3,7",Sais Inorgânicos,Carbonatos
CG04959RA,CARBONATO DE GUANIDINA PA 1KG," R$  301,15 ","0,00%",593-85-1,2836.99.19,NAO,N,N,N,N,-,-,6 - ANO,"98,5","1,29",Sais Inorgânicos,Carbonatos
CG04960RA,CARBONATO DE GUANIDINA PA 250G," R$  149,82 ","0,00%",593-85-1,2836.99.19,NAO,N,N,N,N,-,-,6 - ANO,"98,5","1,29",Sais Inorgânicos,Carbonatos
CL07054RA,CARBONATO DE LITIO PA 100G," R$  64,93 ","0,00%",554-13-2,2836.91.00,NAO,N,N,N,N,-,-,6 - ANO,"98,5","2,11",Sais Inorgânicos,Carbonatos
CL06447RA,CARBONATO DE LITIO PA 250G," R$  138,13 ","0,00%",554-13-2,2836.91.00,NAO,N,N,N,N,-,-,6 - ANO,"98,5","2,11",Sais Inorgânicos,Carbonatos
CL07791RA,CARBONATO DE LITIO PA 500G," R$  244,95 ","0,00%",554-13-2,2836.91.00,NAO,N,N,N,N,-,-,6 - ANO,"98,5","2,11",Sais Inorgânicos,Carbonatos
CM07820RA,CARBONATO DE MAGNESIO ANIDRO PA 1KG," R$  79,54 ","0,00%",546-93-0,2836.99.11,NAO,N,N,N,N,-,-,6 - ANO,0,"2,96",Sais Inorgânicos,Carbonatos
CM04026RA,CARBONATO DE MAGNESIO ANIDRO PA 500G," R$  48,15 ","0,00%",546-93-0,2836.99.11,NAO,N,N,N,N,,,6 - ANO,0,"2,96",Sais Inorgânicos,Carbonatos
CM05490RA,CARBONATO DE MANGANES 250G," R$  42,25 ","0,00%",598-62-9,2836.20.10,NAO,N,N,N,N,-,-,6 - ANO,44,"3,7",Sais Inorgânicos,Carbonatos
CN06459RA,CARBONATO DE NIQUEL II PA 100G," R$  63,48 ","0,00%",12607-70-4,2836.99.19,NAO,N,N,N,N,3077,9,6 - ANO,46,1,Sais Inorgânicos,Carbonatos
CN06460RA,CARBONATO DE NIQUEL II PA 250G," R$  90,10 ","0,00%",12607-70-4,2836.99.19,NAO,N,N,N,N,3077,9,6 - ANO,46,1,Sais Inorgânicos,Carbonatos
CN09145RA,CARBONATO DE NIQUEL II PA 500G," R$  145,50 ","0,00%",12607-70-4,2836.99.19,NAO,N,N,N,N,3077,9,6 - ANO,46,1,Sais Inorgânicos,Carbonatos
CP05699RA,CARBONATO DE PRATA PUREX 25G," R$  518,89 ","0,00%",534-16-7,2843.29.90,NAO,N,N,N,N,3077,9,6 - ANO,99,"6,08",Sais Inorgânicos,Carbonatos
CZ07816RA,CARBONATO DE ZINCO PA 250G," R$  52,56 ","0,00%",3486-35-9,2836.20.90,NAO,N,N,N,N,-,-,6 - ANO,55,"4,39",Sais Inorgânicos,Carbonatos
CZ07663RA,CARBONATO DE ZINCO PA 500G," R$  93,12 ","0,00%",3486-35-9,2836.20.90,NAO,N,N,N,N,-,-,6 - ANO,55,"4,39",Sais Inorgânicos,Carbonatos
CZ04906RA,CARBONATO DE ZIRCONIO 500G," R$  387,55 ","0,00%",57219-64-4,2836.99.12,NAO,N,N,N,N,-,-,6 - ANO,0,"0,651",Sais Inorgânicos,Carbonatos
CC06701RA,CARBOXIMETILCELULOSE SAL SODICO PA 250G," R$  22,43 ","3,25%",9004-32-4,3913.10.00,NAO,N,N,N,N,-,-,6 - ANO,"99,5","1,59",Compostos Orgânicos,Diversos
CC09494RA,CARBOXIMETILCELULOSE SAL SODICO PA 500G," R$  38,28 ","3,25%",9004-32-4,3912.31.11,NAO,N,N,N,N,-,-,6 - ANO,"99,5","1,59",Compostos Orgânicos,Diversos
CP05803RA,CARBOZOL PURISSIMO 96% 100G," R$  255,58 ","0,00%",86-74-8,2933.99.99,NAO,N,N,N,N,-,-,6 - ANO,96,"1,1",Compostos Orgânicos,Diversos
C05497RA,CARBOZOL PURISSIMO 96% 25G," R$  68,41 ","0,00%",86-74-8,2933.99.99,NAO,N,N,N,N,-,-,6 - ANO,96,"1,1",Compostos Orgânicos,Diversos
CN07394RA,CARMIN NACARATE BPC (CI.75470) 10G," R$  248,05 ","0,00%",1390-65-4,3822.90.00,NAO,N,N,N,N,-,-,4 - ANO,0,1,Indicadores,Indicadores e Corantes
CN07754RA,CARMIN NACARATE BPC (CI.75470) 25G," R$  456,77 ","0,00%",1390-65-4,3822.90.00,NAO,N,N,N,N,-,-,4 - ANO,0,1,Indicadores,Indicadores e Corantes
CA09723RA,CARVAO ATIVO EM PO PA 250G," R$  12,31 ","0,00%",7440-44-0,3802.10.00,NAO,N,N,N,N,-,-,6 - ANO,0,"1,8",Compostos Orgânicos,Diversos
CA08442RA,CARVAO ATIVO EM PO PA 500G," R$  20,31 ","0,00%",7440-44-0,3802.10.00,NAO,N,N,N,N,-,-,6 - ANO,0,"1,8",Compostos Orgânicos,Diversos
CA09120RA,CARVAO ATIVO EM PO PA 5KG," R$  112,64 ","0,00%",7440-44-0,3802.10.00,NAO,N,N,N,N,-,-,6 - ANO,0,"1,8",Compostos Orgânicos,Diversos
CG06454RA,CARVAO ATIVO GRANULADO (1-2)MM 1KG," R$  50,03 ","0,00%",7440-44-0,3802.10.00,NAO,N,N,N,N,-,-,6 - ANO,0,"1,8",Compostos Orgânicos,Diversos
CG06455RA,CARVAO ATIVO GRANULADO (1-2)MM 250G," R$  20,03 ","0,00%",7440-44-0,3802.10.00,NAO,N,N,N,N,-,-,6 - ANO,0,"1,8",Compostos Orgânicos,Diversos
CG09097RA,CARVAO ATIVO GRANULADO (1-2)MM 500G," R$  30,03 ","0,00%",7440-44-0,3802.10.00,NAO,N,N,N,N,-,-,6 - ANO,0,"1,8",Compostos Orgânicos,Diversos
CG09020RA,CARVAO ATIVO GRANULADO (1-2)MM 5KG," R$  210,08 ","0,00%",7440-44-0,3802.10.00,NAO,N,N,N,N,-,-,6 - ANO,0,"1,8",Compostos Orgânicos,Diversos
CP07266RA,CASEINA PURA 500G," R$  164,78 ","0,00%",9000-71-9,3501.10.00,NAO,N,N,N,N,-,-,4 - ANO,90,1,Compostos Orgânicos,Diversos
C09563RA,CAULIM 1KG," R$  16,95 ","0,00%",1332-58-7,2507.00.10,NAO,N,N,N,N,-,-,6 - ANO,0,"1,8",Compostos Orgânicos,Diversos
C09290RA,CELITE 545 (TERRA DIATOMACEA) PA 250G," R$  23,49 ","0,00%",68855-54-9,3802.90.40,NAO,N,N,N,N,-,-,6 - ANO,0,"2,36",Compostos Orgânicos,Diversos
C07637RA,CELITE 545 (TERRA DIATOMACEA) PA 500G," R$  36,37 ","0,00%",68855-54-9,3802.90.40,NAO,N,N,N,N,-,-,6 - ANO,0,"2,36",Compostos Orgânicos,Diversos
C08111RA,CELITE 545 (TERRA DIATOMACEA) PA 5KG," R$  263,68 ","0,00%",68855-54-9,3802.90.40,NAO,N,N,N,N,-,-,6 - ANO,0,"2,36",Compostos Orgânicos,Diversos
C06534RA,CELOBIOSE(D-CELOBIOSE) PUREX 100G," R$  1.620,93 ","0,00%",528-50-7,2940.00.19,NAO,N,N,N,N,-,-,6 - ANO,98,1,Compostos Orgânicos,Diversos
C05733RA,CELOBIOSE(D-CELOBIOSE) PUREX 25G," R$  452,26 ","0,00%",528-50-7,2940.00.19,NAO,N,N,N,N,-,-,6 - ANO,98,1,Compostos Orgânicos,Diversos
CM06992RA,CELULOSE MICROCRISTALINA PO 250G," R$  35,26 ","3,25%",9004-34-6,3912.90.31,NAO,N,N,N,N,-,-,6 - ANO,0,"1,04",Compostos Orgânicos,Diversos
CA09368RA,CERA DE ABELHA EM FLOCOS (AMARELA) 1KG," R$  213,31 ","0,00%",8012-89-3,1521.90.11,NAO,N,N,N,N,-,-,6 - ANO,0,1,Compostos Orgânicos,Diversos
CC05145RA,CERA DE CARNAUBA 1KG," R$  322,20 ","0,00%",8015-86-9,1521.90.11,NAO,N,N,N,N,-,-,6 - ANO,0,0,Compostos Orgânicos,Diversos
CP09956RA,CERA N. IONICA (TIPO POLAWAX) 500G," R$  275,60 ","0,00%",8012-89-3,1521.90.90,NAO,N,N,N,N,-,-,6 - ANO,0,1,Compostos Orgânicos,Diversos
CF05698RA,CHUMBO EM FOLHAS 250G," R$  565,74 ","0,00%",7439-92-1,7804.20.00,NAO,N,N,N,N,3077,9,6 - ANO,0,"11,34",Metais,Metais de Transição e Outros
CP07501RA,CHUMBO EM PO 500G," R$  135,80 ","0,00%",7439-92-1,7804.20.00,NAO,N,N,N,N,3077,9,6 - ANO,"99,9","11,34",Metais,Metais de Transição e Outros
CS07130RA,CICLAMATO DE SODIO PA 1KG," R$  47,65 ","0,00%",139-05-9,2915.29.90,NAO,N,N,N,N,-,-,6 - ANO,"99,5",1,Metais,Metais Alcalinos e Alcalino-Terrosos
CS07129RA,CICLAMATO DE SODIO PA 500G," R$  24,65 ","0,00%",139-05-9,2915.29.90,NAO,N,N,N,N,-,-,6 - ANO,"99,5",1,Metais,Metais Alcalinos e Alcalino-Terrosos
C07932RA,CICLOHEXANOL PA 1L," R$  334,80 ","0,00%",108-93-0,2906.12.00,NAO,N,N,N,N,3082,9,6 - ANO,99,"0,96",Solventes e Água,Solventes
C05486RA,CICLOHEXILAMINA PUREX 1L," R$  69,03 ","0,00%",108-91-8,2921.30.19,NAO,N,N,N,N,2357,8(3),6 - ANO,"99,5","0,867",Compostos Orgânicos,Diversos
CA09082RA,CICLOHEXIMIDA (ACTIDIONE) 1G," R$  452,36 ","0,00%",66-81-9,2914.22.10,NAO,N,N,N,N,2811,6.1,6 - ANO,98,1,Compostos Orgânicos,Diversos
C05152RA,CICLOPENTANO PA 100ML," R$  881,24 ","0,00%",287-92-3,2902.19.90,NAO,N,N,N,N,1146,3,6 - ANO,97,"0,74",Compostos Orgânicos,Diversos
C05153RA,CICLOPENTANO PA 500ML," R$  3.841,15 ","0,00%",287-92-3,2902.19.90,NAO,N,N,N,N,1146,3,6 - ANO,97,"0,74",Compostos Orgânicos,Diversos
C07854RA,CICLOSERINA-D 1G," R$  203,69 ","0,00%",68-41-7,2941.90.99,NAO,N,N,N,N,-,-,6 - ANO,98,1,Compostos Orgânicos,Diversos
C07973RA,CICLOSERINA-D 5G," R$  1.018,44 ","0,00%",68-41-7,2941.90.99,NAO,N,N,N,N,-,-,6 - ANO,98,1,Compostos Orgânicos,Diversos
C05539RA,CINCONINA PA 25G," R$  563,55 ","0,00%",118-10-5,2922.49.90,NAO,N,N,N,N,-,-,6 - ANO,98,1,Compostos Orgânicos,Diversos
CL09571RA,CISTEINA-L CLORIDRATO H2O PA 100G," R$  19,80 ","0,00%",7048-04-6,2930.90.12,NAO,N,N,N,N,-,-,6 - ANO,99,1,Compostos Orgânicos,Cloridratos e Aminas
CL09572RA,CISTEINA-L CLORIDRATO H2O PA 25G," R$  9,50 ","0,00%",7048-04-6,2930.90.12,NAO,N,N,N,N,-,-,6 - ANO,99,1,Compostos Orgânicos,Cloridratos e Aminas
CL03914RA,CISTEINA-L CLORIDRATO H2O PA 500G," R$  88,79 ","0,00%",7048-04-6,2930.90.12,NAO,N,N,N,N,-,-,6 - ANO,99,1,Compostos Orgânicos,Cloridratos e Aminas
CL03912RA,CISTEINA-L CLORIDRATO H2O PA 5KG," R$  760,45 ","0,00%",7048-04-6,2930.90.12,NAO,N,N,N,N,-,-,6 - ANO,99,1,Compostos Orgânicos,Cloridratos e Aminas
CL03913RA,CISTEINA-L CLORIDRATO PA H2O 1KG," R$  169,58 ","0,00%",7048-04-6,2930.90.12,NAO,N,N,N,N,-,-,6 - ANO,99,1,Compostos Orgânicos,Cloridratos e Aminas
C07951RA,CISTEINA-L PA 100G," R$  116,25 ","0,00%",52-90-4,2930.90.12,NAO,N,N,N,N,-,-,6 - ANO,99,"1,66",Compostos Orgânicos,Aminoácidos
C08052RA,CISTEINA-L PA 25G," R$  42,48 ","0,00%",52-90-4,2930.90.12,NAO,N,N,N,N,-,-,6 - ANO,99,"1,66",Compostos Orgânicos,Aminoácidos
C04384RA,CISTEINA-L PA 500G," R$  519,88 ","0,00%",52-90-4,2930.90.12,NAO,N,N,N,N,-,-,6 - ANO,99,"1,66",Compostos Orgânicos,Aminoácidos
C07833RA,CISTINA-L PA 100G," R$  52,80 ","0,00%",56-89-3,2930.90.12,NAO,N,N,N,N,-,-,6 - ANO,98,"1,66",Compostos Orgânicos,Aminoácidos
C06565RA,CISTINA-L PA 25G," R$  14,85 ","0,00%",56-89-3,2930.90.12,NAO,N,N,N,N,-,-,6 - ANO,98,"1,66",Compostos Orgânicos,Aminoácidos
CS03320SO,"CITRATO COBRE ALCALINO 0,44% TS 1L"," R$  481,12 ","0,00%",866-82-0,2834.21.90,NAO,N,N,N,N,-,-,4 - ANO,"0,44",1,Sais Inorgânicos,Outros Sais
CA08491RA,CITRATO DE AMONIO BIBASICO PA 500G," R$  57,82 ","0,00%",-,2922.19.29,NAO,N,N,N,N,-,-,6 - ANO,98,"1,48",Sais Inorgânicos,Outros Sais
CF09680RA,CITRATO DE AMONIO E FERRO III ICO MARROM 250G," R$  48,94 ","0,00%",1185-57-5,2922.19.29,NAO,N,N,N,N,3077,9,6 - ANO,20,"1,8",Sais Inorgânicos,Outros Sais
CF07638RA,CITRATO DE AMONIO E FERRO III ICO MARROM 500G," R$  83,18 ","0,00%",1185-57-5,2922.19.29,NAO,N,N,N,N,3077,9,6 - ANO,20,"1,8",Sais Inorgânicos,Outros Sais
CA05520SO,CITRATO DE AMONIO E FERRO III ICO SOL.5% AQUOSO 1L," R$  83,55 ","0,00%",1185-57-5,2922.19.29,NAO,N,N,N,N,3082,9,4 - ANO,5,1,Sais Inorgânicos,Outros Sais
CF05674RA,CITRATO DE AMONIO E FERRO III ICO VERDE 250G," R$  1.442,15 ","0,00%",1185-57-5,2922.19.29,NAO,N,N,N,N,3077,9,6 - ANO,0,"1,8",Indicadores,Indicadores e Corantes
CF04732RA,CITRATO DE AMONIO E FERRO III ICO VERDE 500G," R$  2.695,25 ","0,00%",1185-57-5,2922.19.29,NAO,N,N,N,N,3077,9,6 - ANO,0,"1,8",Indicadores,Indicadores e Corantes
CA08905SO,CITRATO DE AMONIO SOL.5% 1L," R$  14,46 ","0,00%",3012-65-5,2922.19.29,NAO,N,N,N,N,3077,9,4 - ANO,5,"1,48",Sais Inorgânicos,Outros Sais
CC04153RA,CITRATO DE CALCIO TB 4H2O PA 1KG," R$  80,73 ","0,00%",5785-44-4,2918.15.00,NAO,N,N,N,N,-,-,6 - ANO,98,1,Sais Inorgânicos,Outros Sais
CC04154RA,CITRATO DE CALCIO TB 4H2O PA 500G," R$  39,25 ","0,00%",5785-44-4,2918.15.00,NAO,N,N,N,N,-,-,6 - ANO,98,1,Sais Inorgânicos,Outros Sais
CC06087RA,CITRATO DE COBRE II 5H2O PUREX 100G," R$  392,70 ","0,00%",10402-15-0,2918.15.00,NAO,N,N,N,N,-,-,6 - ANO,34,1,Sais Inorgânicos,Outros Sais
CM07427RA,CITRATO DE MAGNESIO PA 500G," R$  242,17 ","0,00%",144-23-0,2922.19.21,NAO,N,N,N,N,-,-,6 - ANO,95,1,Sais Inorgânicos,Outros Sais
CP06291RA,CITRATO DE POTASSIO ANIDRO PA 1KG," R$  137,14 ","0,00%",866-83-1,2922.19.21,NAO,N,N,N,N,-,-,6 - ANO,99,1,Sais Inorgânicos,Outros Sais
CP06433RA,CITRATO DE POTASSIO H2O TB PA 1KG," R$  85,02 ","0,00%",6100-05-6,2922.19.29,NAO,N,N,N,N,-,-,6 - ANO,99,1,Sais Inorgânicos,Outros Sais
CP06292RA,CITRATO DE POTASSIO H2O TB PA 500G," R$  47,71 ","0,00%",6100-05-6,2922.19.29,NAO,N,N,N,N,-,-,6 - ANO,99,1,Sais Inorgânicos,Outros Sais
CS05187SO,CITRATO DE SODIO ACIDO CITRICO SOL. PH5 1L," R$  70,00 ","0,00%",68-04-2,2922.19.21,NAO,N,N,N,N,-,-,4 - ANO,0,"1,18",Ácidos e Bases,Ácidos
CS05078RA,CITRATO DE SODIO MONOBASICO PA 500G," R$  374,23 ","0,00%",18996-35-5,2922.19.21,NAO,N,N,N,N,-,-,6 - ANO,99,1,Sais Inorgânicos,Outros Sais
CS04202RA,CITRATO DE SODIO TB. 2H2O PA 1KG," R$  39,87 ","0,00%",6132-04-3,2922.19.21,NAO,N,N,N,N,-,-,6 - ANO,99,1,Sais Inorgânicos,Outros Sais
CS04203RA,CITRATO DE SODIO TB. 2H2O PA 500G," R$  24,86 ","0,00%",6132-04-3,2922.19.21,NAO,N,N,N,N,-,-,6 - ANO,99,1,Sais Inorgânicos,Outros Sais
CS07152RA,CITRATO DE SODIO TB. ANIDRO PA 1KG," R$  178,25 ","0,00%",6858-44-2,2922.19.21,NAO,N,N,N,N,-,-,6 - ANO,97,1,Sais Inorgânicos,Outros Sais
CS05070RA,CITRATO DE SODIO TB. HIDRATADO 99% PA 1KG," R$  189,55 ","0,00%",6858-44-2,2922.19.21,NAO,N,N,N,N,-,-,6 - ANO,99,1,Sais Inorgânicos,Outros Sais
CH06930RA,CLORAL HIDRATADO PA 100G," R$  377,39 ","0,00%",302-17-0,2905.59.90,NAO,N,N,N,N,2811,6.1,6 - ANO,98,1,Compostos Orgânicos,Diversos
CH05092RA,CLORAL HIDRATADO PA 250G," R$  899,52 ","0,00%",302-17-0,2905.59.90,NAO,N,N,N,N,2811,6.1,6 - ANO,98,1,Compostos Orgânicos,Diversos
CH09009RA,CLORAL HIDRATADO PA 500G," R$  1.624,75 ","0,00%",302-17-0,2905.59.90,NAO,N,N,N,N,2811,6.1,6 - ANO,98,1,Compostos Orgânicos,Diversos
CH08904SO,CLORAL HIDRATADO SOL.10% 1L," R$  371,34 ","0,00%",302-17-0,2905.59.90,NAO,N,N,N,N,2811,6.1,4 - ANO,10,1,Compostos Orgânicos,Diversos
CH03311SO,CLORAL HIDRATADO SOL.16% 1L," R$  646,10 ","0,00%",302-17-0,2905.59.90,NAO,N,N,N,N,2811,6.1,4 - ANO,16,"0,94",Compostos Orgânicos,Diversos
CT08511RA,CLORAMINA-T 3H2O PA 250G," R$  89,43 ","0,00%",7080-50-4,2935.90.91,NAO,N,N,N,N,3263,8,6 - ANO,99,1,Compostos Orgânicos,Diversos
C04088RA,CLORAMINA-T PA 100G," R$  43,45 ","0,00%",149358-73-6,2935.90.91,NAO,N,N,N,N,3263,8,6 - ANO,98,1,Compostos Orgânicos,Diversos
CL07834RA,CLORANFENICOL LEVOGIRO PA 100G," R$  199,90 ","0,00%",56-75-7,2941.40.11,NAO,N,N,N,N,-,-,6 - ANO,98,1,Compostos Orgânicos,Diversos
CL06722RA,CLORANFENICOL LEVOGIRO PA 25G," R$  59,96 ","0,00%",56-75-7,2941.40.11,NAO,N,N,N,N,-,-,6 - ANO,98,1,Compostos Orgânicos,Diversos
CC08903SO,CLORETO CUPROSO AMON. P/ DETERM. 1L," R$  83,73 ","0,00%",7758-89-6,2827.39.99,NAO,N,N,N,N,-,-,2 - ANO,1,"0,98",Sais Inorgânicos,Cloretos
CB04871RA,CLORETO DE BARIO 2H2O PA 1KG," R$  25,79 ","0,00%",10326-27-9,2827.39.99,NAO,N,N,N,N,1564,6.1,6 - ANO,99,"3,86",Sais Inorgânicos,Cloretos
CB04872RA,CLORETO DE BARIO 2H2O PA 500G," R$  17,89 ","0,00%",10326-27-9,2827.39.99,NAO,N,N,N,N,1564,6.1,6 - ANO,99,"3,86",Sais Inorgânicos,Cloretos
CB08497RA,CLORETO DE BARIO 2H2O PA ACS 1KG," R$  135,25 ","0,00%",10326-27-9,2827.39.99,NAO,N,N,N,N,1564,6.1,6 - ANO,99,"3,86",Sais Inorgânicos,Cloretos
CB09626RA,CLORETO DE BARIO 2H2O PA ACS 500G," R$  71,40 ","0,00%",10326-27-9,2827.39.99,NAO,N,N,N,N,1564,6.1,6 - ANO,99,"3,86",Sais Inorgânicos,Cloretos
CB06669RA,CLORETO DE BARIO 2H2O PA ACS ISO 1KG," R$  210,16 ","0,00%",10326-27-9,2827.39.99,NAO,N,N,N,N,1564,6.1,6 - ANO,99,"3,86",Sais Inorgânicos,Cloretos
CB06498SO,CLORETO DE BARIO 5% 1L," R$  16,10 ","0,00%",10326-27-9,2827.39.99,NAO,N,N,N,N,1564,6.1,4 - ANO,5,"3,86",Sais Inorgânicos,Cloretos
CB06881RA,CLORETO DE BARIO ANIDRO PA 500G," R$  190,19 ","0,00%",10361-37-2,2827.20.90,NAO,N,N,N,N,1564,6.1,6 - ANO,99,"3,856",Sais Inorgânicos,Cloretos
CB08897SO,"CLORETO DE BARIO SOL.0,1N 1L"," R$  35,63 ","0,00%",10326-27-9,2827.39.99,NAO,N,N,N,N,1564,6.1,2 - ANO,"2,5","0,98",Sais Inorgânicos,Cloretos
CB05523SO,"CLORETO DE BARIO SOL.0,25M 1L"," R$  35,63 ","0,00%",10326-27-9,2827.39.99,NAO,N,N,N,N,1564,6.1,2 - ANO,"5,2","1,02",Sais Inorgânicos,Cloretos
CB08896SO,"CLORETO DE BARIO SOL.0,5N 1L"," R$  35,63 ","0,00%",10326-27-9,2827.39.99,NAO,N,N,N,N,1564,6.1,2 - ANO,"12,5","0,98",Sais Inorgânicos,Cloretos
CB08893SO,CLORETO DE BARIO SOL.10% 1L," R$  12,35 ","0,00%",10326-27-9,2827.39.99,NAO,N,N,N,N,1564,6.1,4 - ANO,10,"1,05",Sais Inorgânicos,Cloretos
CB04090SO,CLORETO DE BARIO SOL.12% (P/V) 1L," R$  64,70 ","0,00%",10326-27-9,2827.39.99,NAO,N,N,N,N,1564,6.1,4 - ANO,12,"1,09",Sais Inorgânicos,Cloretos
CB08895SO,CLORETO DE BARIO SOL.1M 1L," R$  35,63 ","0,00%",10326-27-9,2827.39.99,NAO,N,N,N,N,1564,6.1,2 - ANO,"24,5","1,1",Sais Inorgânicos,Cloretos
CB08894SO,CLORETO DE BARIO SOL.1N 1L," R$  35,63 ","0,00%",10326-27-9,2827.39.99,NAO,N,N,N,N,1564,6.1,2 - ANO,"11,25","1,06",Sais Inorgânicos,Cloretos
CB08892SO,CLORETO DE BARIO SOL.20% 1L," R$  16,84 ","0,00%",10326-27-9,2827.39.99,NAO,N,N,N,N,1564,6.1,4 - ANO,20,"1,15",Sais Inorgânicos,Cloretos
CB08891SO,CLORETO DE BARIO SOL.30% 1L," R$  19,95 ","0,00%",10326-27-9,2827.39.99,NAO,N,N,N,N,1564,6.1,4 - ANO,30,"1,24",Sais Inorgânicos,Cloretos
CB09073RA,CLORETO DE BENZALCONIO 50% PA 1L," R$  74,15 ","0,00%",63449-41-2,2923.90.90,NAO,N,N,N,N,3261,8,6 - ANO,49,"0,98",Sais Inorgânicos,Cloretos
CB05037RA,CLORETO DE BENZALCONIO 95% PA 100G," R$  286,59 ","0,00%",63449-41-2,2923.90.90,NAO,N,N,N,N,3261,8,6 - ANO,95,"0,98",Sais Inorgânicos,Cloretos
CB05036RA,CLORETO DE BENZALCONIO 95% PA 500G," R$  897,08 ","0,00%",63449-41-2,2923.90.90,NAO,N,N,N,N,3261,8,6 - ANO,95,"0,98",Sais Inorgânicos,Cloretos
CB08890SO,"CLORETO DE BENZALCONIO SOL.0,004M 1L"," R$  31,63 ","0,00%",63449-41-2,2923.90.90,NAO,N,N,N,N,3261,8,2 - ANO,"0,16","0,98",Sais Inorgânicos,Cloretos
CB05708RA,CLORETO DE BENZILTRIBUTILAMONIO PUREX 100G," R$  336,05 ","0,00%",23616-79-7,2923.90.90,NAO,N,N,N,N,3263,8,6 - ANO,99,1,Sais Inorgânicos,Cloretos
CC07964RA,CLORETO DE CADMIO PURO H2O 250G," R$  186,70 ","0,00%",654054-66-7,2827.20.90,NAO,N,N,N,N,2570,6.1,4 - ANO,99,"3,327",Sais Inorgânicos,Cloretos
CC06567RA,CLORETO DE CALCIO 2H2O PA 1KG," R$  23,89 ","0,00%",10035-04-8,2827.20.90,NAO,N,N,N,N,-,-,6 - ANO,99,"1,85",Sais Inorgânicos,Cloretos
CC06568RA,CLORETO DE CALCIO 2H2O PA 500G," R$  19,43 ","0,00%",10035-04-8,2827.20.90,NAO,N,N,N,N,-,-,6 - ANO,99,"1,85",Sais Inorgânicos,Cloretos
CC06565RA,CLORETO DE CALCIO ANIDRO PA 1KG," R$  41,55 ","0,00%",10043-52-4,2827.20.90,NAO,N,N,N,N,-,-,6 - ANO,95,"2,15",Sais Inorgânicos,Cloretos
CC06566RA,CLORETO DE CALCIO ANIDRO PA 500G," R$  28,11 ","0,00%",10043-52-4,2827.20.90,NAO,N,N,N,N,-,-,6 - ANO,95,"2,15",Sais Inorgânicos,Cloretos
CC07533RA,CLORETO DE CALCIO PURO GRAN.DESSEC. 500G," R$  16,06 ","0,00%",10043-52-4,2827.20.90,NAO,N,N,N,N,-,-,4 - ANO,70,"2,15",Sais Inorgânicos,Cloretos
CC04192SO,"CLORETO DE CALCIO SOL.0,04M 1L"," R$  27,20 ","0,00%",10043-52-4,2827.20.90,NAO,N,N,N,N,-,-,2 - ANO,"0,04","0,98",Sais Inorgânicos,Cloretos
CC08888SO,"CLORETO DE CALCIO SOL.0,1M 1L"," R$  12,89 ","0,00%",10043-52-4,2827.20.90,NAO,N,N,N,N,-,-,2 - ANO,"1,47","0,98",Sais Inorgânicos,Cloretos
CC08887SO,"CLORETO DE CALCIO SOL.0,1N 1L"," R$  12,64 ","0,00%",10043-52-4,2827.20.90,NAO,N,N,N,N,-,-,2 - ANO,"0,74","0,98",Sais Inorgânicos,Cloretos
CC06207SO,CLORETO DE CALCIO SOL.1% 1L," R$  25,16 ","0,00%",10043-52-4,2827.20.90,NAO,N,N,N,N,-,-,4 - ANO,1,"0,98",Sais Inorgânicos,Cloretos
CC06841SO,CLORETO DE CALCIO SOL.1M 1L," R$  36,15 ","0,00%",10043-52-4,2827.20.90,NAO,N,N,N,N,-,-,2 - ANO,"14,7","0,98",Sais Inorgânicos,Cloretos
CC05501SO,"CLORETO DE CALCIO SOL.2,75% (M/V) 1L"," R$  29,14 ","0,00%",10043-52-4,2827.20.90,NAO,N,N,N,N,-,-,4 - ANO,"2,75","0,98",Sais Inorgânicos,Cloretos
CC05654SO,"CLORETO DE CALCIO SOL.2,75% (M/V) 500ML"," R$  15,82 ","0,00%",10043-52-4,2827.20.90,NAO,N,N,N,N,-,-,4 - ANO,"2,75","0,98",Sais Inorgânicos,Cloretos
CC08886SO,CLORETO DE CALCIO SOL.25% 1L," R$  18,84 ","0,00%",10043-52-4,2827.20.90,NAO,N,N,N,N,-,-,4 - ANO,25,"1,14",Sais Inorgânicos,Cloretos
CC07724SO,CLORETO DE CALCIO SOL.40% 1L," R$  34,18 ","0,00%",10043-52-4,2827.20.90,NAO,N,N,N,N,-,-,4 - ANO,40,"1,38",Sais Inorgânicos,Cloretos
CC03300SO,"CLORETO DE CALCIO SOL.7,5% TS 1L"," R$  36,59 ","0,00%",10043-52-4,2827.20.90,NAO,N,N,N,N,-,-,4 - ANO,7,1,Sais Inorgânicos,Cloretos
CC06048RA,CLORETO DE CERIO III 7H20 PA 100G," R$  361,56 ","0,00%",18618-55-8,2846.10.90,NAO,N,N,N,N,3260,8,6 - ANO,99,"3,94",Sais Inorgânicos,Cloretos
CC06047RA,CLORETO DE CERIO III 7H20 PA 250G," R$  890,33 ","0,00%",18618-55-8,2846.10.90,NAO,N,N,N,N,3260,8,6 - ANO,99,"3,94",Sais Inorgânicos,Cloretos
CP09989RA,CLORETO DE CETIL PIRIDINO H2O PA 100G," R$  69,78 ","0,00%",6004-24-6,2827.39.99,NAO,N,N,N,N,2811,6.1,6 - ANO,98,1,Sais Inorgânicos,Cloretos
CP06581RA,CLORETO DE CETIL PIRIDINO H2O PA 250G," R$  172,65 ","0,00%",6004-24-6,2827.39.99,NAO,N,N,N,N,2811,6.1,6 - ANO,98,1,Sais Inorgânicos,Cloretos
CP06580RA,CLORETO DE CETIL PIRIDINO H2O PA 500G," R$  319,72 ","0,00%",6004-24-6,2827.39.99,NAO,N,N,N,N,2811,6.1,6 - ANO,98,1,Sais Inorgânicos,Cloretos
CC09554SO,CLORETO DE CETIL TRIMETIL AMÔNIO SOL.25% 500ML," R$  495,25 ","0,00%",112-02-7,2827.39.99,NAO,N,N,N,N,3082,8,4 - ANO,25,"0,88",Sais Inorgânicos,Cloretos
CC09945SO,CLORETO DE CETIL TRIMETIL AMÔNIO SOL.50% 500ML," R$  805,82 ","0,00%",112-02-7,2827.39.99,NAO,N,N,N,N,3082,8,4 - ANO,48,"0,88",Sais Inorgânicos,Cloretos
CC06391RA,CLORETO DE CHUMBO II 250G," R$  117,13 ","0,00%",7758-95-4,2827.39.99,NAO,N,N,N,N,2291,6.1,6 - ANO,99,"5,85",Sais Inorgânicos,Cloretos
CC07938SO,"CLORETO DE CHUMBO SOL.0,025M 1L"," R$  58,48 ","0,00%",7758-95-4,2827.39.99,NAO,N,N,N,N,2291,6.1,2 - ANO,"0,69","0,98",Sais Inorgânicos,Cloretos
CC03610RA,CLORETO DE COBALTO ANIDRO PA 100G," R$  168,45 ","0,00%",7646-79-9,2827.39.97,NAO,N,N,N,N,3077,9,6 - ANO,"99,5","3,36",Sais Inorgânicos,Cloretos
CC06241RA,CLORETO DE COBALTO ANIDRO PA 500G," R$  624,15 ","0,00%",7646-79-9,2827.39.97,NAO,N,N,N,N,3077,9,6 - ANO,"99,5","3,36",Sais Inorgânicos,Cloretos
CC09625RA,CLORETO DE COBALTO II OSO 6H2O PA 100G," R$  42,96 ","0,00%",7791-13-1,2827.39.97,NAO,N,N,N,N,3077,9,6 - ANO,98,"3,36",Sais Inorgânicos,Cloretos
CC09468RA,CLORETO DE COBALTO II OSO 6H2O PA 250G," R$  81,70 ","0,00%",7791-13-1,2827.39.97,NAO,N,N,N,N,3077,9,6 - ANO,98,"3,36",Sais Inorgânicos,Cloretos
CC09064RA,CLORETO DE COBALTO II OSO 6H2O PA 500G," R$  162,19 ","0,00%",7791-13-1,2827.39.97,NAO,N,N,N,N,3077,9,6 - ANO,98,"3,36",Sais Inorgânicos,Cloretos
CC06483SO,CLORETO DE COBALTO II SOL.BASE 500ML," R$  168,45 ","0,00%",7646-79-9,2827.39.97,NAO,N,N,N,N,3077,9,2 - ANO,"6,5","3,36",Ácidos e Bases,Bases
CC07446RA,CLORETO DE COBRE I OSO PA 100G," R$  89,50 ","0,00%",7758-89-6,2827.39.10,NAO,N,N,N,N,2802,8,6 - ANO,97,"3,69",Sais Inorgânicos,Cloretos
CC07544RA,CLORETO DE COBRE I OSO PA 250G," R$  149,25 ","0,00%",7758-89-6,2827.39.10,NAO,N,N,N,N,2802,8,6 - ANO,97,"3,69",Sais Inorgânicos,Cloretos
CC05694RA,CLORETO DE COBRE II ANIDRO PA 250G," R$  264,73 ","0,00%",7447-39-4,2827.39.99,NAO,N,N,N,N,2802,8,6 - ANO,97,"3,4",Sais Inorgânicos,Cloretos
CC05693RA,CLORETO DE COBRE II ANIDRO PA 500G," R$  488,66 ","0,00%",7447-39-4,2827.39.99,NAO,N,N,N,N,2802,8,6 - ANO,97,"3,4",Sais Inorgânicos,Cloretos
CC07484RA,CLORETO DE COBRE II ICO 2H2O PA 250G," R$  72,88 ","0,00%",10125-13-0,2827.39.10,NAO,N,N,N,N,2802,8,6 - ANO,97,"2,53",Sais Inorgânicos,Cloretos
CC09788RA,CLORETO DE COBRE II ICO 2H2O PA 500G," R$  132,62 ","0,00%",10125-13-0,2827.39.10,NAO,N,N,N,N,2802,8,6 - ANO,97,"2,53",Sais Inorgânicos,Cloretos
CC08885SO,"CLORETO DE COBRE SOL.0,1N 1L"," R$  24,21 ","0,00%",7447-39-4,2827.39.10,NAO,N,N,N,N,2802,8,2 - ANO,"0,85","3,39",Sais Inorgânicos,Cloretos
CC07538RA,CLORETO DE COLINA PURO 100G," R$  26,95 ","0,00%",67-48-1,2923.10.00,NAO,N,N,N,N,-,-,4 - ANO,98,"1,15",Sais Inorgânicos,Cloretos
CC07537RA,CLORETO DE COLINA PURO 250G," R$  53,26 ","0,00%",67-48-1,2923.10.00,NAO,N,N,N,N,-,-,4 - ANO,98,"1,15",Sais Inorgânicos,Cloretos
CC09988RA,CLORETO DE COLINA PURO 500G," R$  105,89 ","0,00%",67-48-1,2923.10.00,NAO,N,N,N,N,-,-,4 - ANO,98,"1,15",Sais Inorgânicos,Cloretos
CC09336RA,CLORETO DE CROMO III ICO 6H2O PA 250G," R$  82,81 ","0,00%",10060-12-5,2827.39.93,NAO,N,N,N,N,3260,8,6 - ANO,93,"1,76",Sais Inorgânicos,Cloretos
CC07205RA,CLORETO DE CROMO III ICO 6H2O PA 500G," R$  156,44 ","0,00%",10060-12-5,2827.39.93,NAO,N,N,N,N,3260,8,6 - ANO,93,"1,76",Sais Inorgânicos,Cloretos
CD05681RA,"CLORETO DE DINITROBENZOILA - 3,5 PUREX 100G"," R$  423,60 ","0,00%",99-33-2,2916.39.90,NAO,N,N,N,N,3261,8,6 - ANO,98,1,Sais Inorgânicos,Cloretos
CD05682RA,"CLORETO DE DINITROBENZOILA - 3,5 PUREX 25G"," R$  124,90 ","0,00%",99-33-2,2916.39.90,NAO,N,N,N,N,3261,8,6 - ANO,98,1,Sais Inorgânicos,Cloretos
CE05479RA,CLORETO DE ESTANHO II (ANIDRO) PA 100G," R$  217,60 ","0,00%",7772-99-8,2827.39.99,NAO,N,N,N,N,3260,8,6 - ANO,97,"2,71",Sais Inorgânicos,Cloretos
CE09987RA,CLORETO DE ESTANHO II OSO 2H2O PA 100G," R$  58,45 ","0,00%",10025-69-1,2827.39.99,NAO,N,N,N,N,3260,8,6 - ANO,98,"2,71",Sais Inorgânicos,Cloretos
CE08487RA,CLORETO DE ESTANHO II OSO 2H2O PA 250G," R$  128,12 ","0,00%",10025-69-1,2827.39.99,NAO,N,N,N,N,3260,8,6 - ANO,98,"2,71",Sais Inorgânicos,Cloretos
CE09225RA,CLORETO DE ESTANHO II OSO 2H2O PA 500G," R$  244,25 ","0,00%",10025-69-1,2827.39.99,NAO,N,N,N,N,3260,8,6 - ANO,98,"2,71",Sais Inorgânicos,Cloretos
CE03437RA,CLORETO DE ESTANHO II OSO 2H2O PA ACS 100G," R$  87,03 ","0,00%",10025-69-1,2827.39.99,NAO,N,N,N,N,3260,8,6 - ANO,98,"2,71",Sais Inorgânicos,Cloretos
CE03408RA,CLORETO DE ESTANHO II OSO 2H2O PA ACS 1KG," R$  717,84 ","0,00%",10025-69-1,2827.39.99,NAO,N,N,N,N,3260,8,6 - ANO,98,"2,71",Sais Inorgânicos,Cloretos
CE03436RA,CLORETO DE ESTANHO II OSO 2H2O PA ACS 250G," R$  194,46 ","0,00%",10025-69-1,2827.39.99,NAO,N,N,N,N,3260,8,6 - ANO,98,"2,71",Sais Inorgânicos,Cloretos
CE03435RA,CLORETO DE ESTANHO II OSO 2H2O PA ACS 500G," R$  363,52 ","0,00%",10025-69-1,2827.39.99,NAO,N,N,N,N,3260,8,6 - ANO,98,"2,71",Sais Inorgânicos,Cloretos
CE08871SO,CLORETO DE ESTANHO II OSO SOL.40% EM HCl 1L," R$  263,12 ","0,00%",10025-69-1,2827.39.99,NAO,N,N,N,N,1760,8,4 - ANO,40,"1,32",Sais Inorgânicos,Cloretos
CE05020RA,CLORETO DE ESTANHO IV ICO 5H2O PA 100G," R$  466,20 ","0,00%",10026-06-9,2827.39.99,NAO,N,N,N,N,2440,8,6 - ANO,98,1,Sais Inorgânicos,Cloretos
CE06853RA,CLORETO DE ESTANHO IV ICO 5H2O PA 500G," R$  1.902,36 ","0,00%",10026-06-9,2827.39.99,NAO,N,N,N,N,2440,8,6 - ANO,98,1,Sais Inorgânicos,Cloretos
CE04440RA,CLORETO DE ESTRONCIO 6H2O PA 250G," R$  20,95 ","0,00%",10025-70-4,2827.39.94,NAO,N,N,N,N,-,-,6 - ANO,99,"1,95",Sais Inorgânicos,Cloretos
CE04439RA,CLORETO DE ESTRONCIO 6H2O PA 500G," R$  37,84 ","0,00%",10025-70-4,2827.39.94,NAO,N,N,N,N,-,-,6 - ANO,99,"1,95",Sais Inorgânicos,Cloretos
CF05117SO,CLORETO DE FERRO ICO (PERCLORETO) SOL.42% 1L," R$  170,56 ","0,00%",7705-08-0,2827.39.96,NAO,N,N,N,N,1773,8,4 - ANO,42,"1,35",Sais Inorgânicos,Cloretos
CF07674SO,CLORETO DE FERRO ICO SOL. 250ML," R$  21,33 ","0,00%",7705-08-0,2827.39.96,NAO,N,N,N,N,1773,8,4 - ANO,0,1,Sais Inorgânicos,Cloretos
CF04981SO,CLORETO DE FERRO ICO SOL. 3% 1L," R$  33,93 ","0,00%",7705-08-0,2827.39.96,NAO,N,N,N,N,1773,8,4 - ANO,3,1,Sais Inorgânicos,Cloretos
CF05225SO,CLORETO DE FERRO ICO SOL. 45G/L AQUOSO 1L," R$  40,52 ","0,00%",7705-08-0,2827.39.96,NAO,N,N,N,N,1773,8,4 - ANO,"4,5","1,02",Sais Inorgânicos,Cloretos
CF05500SO,"CLORETO DE FERRO ICO SOL.0,025% (M/V) 1L"," R$  28,50 ","0,00%",7705-08-0,2827.39.96,NAO,N,N,N,N,1773,8,4 - ANO,"0,025",1,Sais Inorgânicos,Cloretos
CF05653SO,"CLORETO DE FERRO ICO SOL.0,025% (M/V) 500ML"," R$  17,38 ","0,00%",7705-08-0,2827.39.96,NAO,N,N,N,N,1773,8,4 - ANO,"0,025",1,Sais Inorgânicos,Cloretos
CF08870SO,CLORETO DE FERRO ICO SOL.10% 1L," R$  57,04 ","0,00%",7705-08-0,2827.39.96,NAO,N,N,N,N,2582,8,4 - ANO,10,"1,04",Sais Inorgânicos,Cloretos
CF04310SO,CLORETO DE FERRO ICO SOL.10% 500ML," R$  40,52 ","0,00%",7705-08-0,2827.39.96,NAO,N,N,N,N,1773,8,4 - ANO,10,"1,04",Sais Inorgânicos,Cloretos
PF08692SO,CLORETO DE FERRO ICO SOL.2% 1L," R$  30,16 ","0,00%",7705-08-0,2827.39.96,NAO,N,N,N,N,1773,8,4 - ANO,2,1,Sais Inorgânicos,Cloretos
CF05394SO,CLORETO DE FERRO ICO SOL.29% 1L," R$  128,13 ","0,00%",7705-08-0,2827.39.96,NAO,N,N,N,N,1773,8,4 - ANO,29,"1,18",Sais Inorgânicos,Cloretos
CF03849SO,CLORETO DE FERRO ICO SOL.38% 1L," R$  156,55 ","0,00%",7705-08-0,2827.39.96,NAO,N,N,N,N,1773,8,4 - ANO,38,"1,35",Sais Inorgânicos,Cloretos
CF08317SO,CLORETO DE FERRO ICO SOL.40% 1L," R$  162,45 ","0,00%",7705-08-0,2827.39.96,NAO,N,N,N,N,1773,8,4 - ANO,40,"1,35",Sais Inorgânicos,Cloretos
CF04024SO,CLORETO DE FERRO ICO SOL.47% AQUOSA 1L," R$  186,44 ","0,00%",7705-08-0,2827.39.96,NAO,N,N,N,N,2582,8,4 - ANO,47,"1,45",Sais Inorgânicos,Cloretos
CF06851RA,CLORETO DE FERRO II OSO HIDRATADO PA 250G," R$  191,29 ","0,00%",23838-02-0,2827.39.96,NAO,N,N,N,N,3260,8,6 - ANO,98,1,Sais Inorgânicos,Cloretos
CF09129RA,CLORETO DE FERRO III ICO ANIDRO PA 1KG," R$  73,46 ","0,00%",7705-08-0,2827.39.96,NAO,N,N,N,N,1773,8,6 - ANO,97,"2,89",Sais Inorgânicos,Cloretos
CF09130RA,CLORETO DE FERRO III ICO ANIDRO PA 500G," R$  39,79 ","0,00%",7705-08-0,2827.39.96,NAO,N,N,N,N,1773,8,6 - ANO,97,"2,89",Sais Inorgânicos,Cloretos
CF03870RA,CLORETO DE FERRO III ICO HEXAHIDRATADO (6H2O) PA 1KG," R$  155,85 ","0,00%",10025-77-1,2827.39.96,NAO,N,N,N,N,-,-,6 - ANO,97,"1,82",Sais Inorgânicos,Cloretos
CF03790RA,CLORETO DE FERRO III ICO HEXAHIDRATADO (6H2O) PA 250G," R$  47,36 ","0,00%",10025-77-1,2827.39.96,NAO,N,N,N,N,-,-,6 - ANO,97,"1,82",Sais Inorgânicos,Cloretos
CF03789RA,CLORETO DE FERRO III ICO HEXAHIDRATADO (6H2O) PA 500G," R$  83,52 ","0,00%",10025-77-1,2827.39.96,NAO,N,N,N,N,-,-,6 - ANO,99,"1,82",Sais Inorgânicos,Cloretos
CF03788RA,CLORETO DE FERRO III ICO HEXAHIDRATADO (6H2O) PA 5KG," R$  697,58 ","0,00%",10025-77-1,2827.39.96,NAO,N,N,N,N,-,-,6 - ANO,99,"1,82",Sais Inorgânicos,Cloretos
CL06409RA,CLORETO DE LANTANIO 7H2O PA 100G," R$  130,94 ","0,00%",10025-84-0,2841.90.15,NAO,N,N,N,N,3077,9,6 - ANO,99,1,Sais Inorgânicos,Cloretos
CL04933RA,CLORETO DE LANTANIO 7H2O PA 25G," R$  52,93 ","0,00%",10025-84-0,2841.90.15,NAO,N,N,N,N,3077,9,6 - ANO,99,1,Sais Inorgânicos,Cloretos
CL08174RA,CLORETO DE LITIO PA 100G," R$  140,72 ","0,00%",7447-41-8,2827.39.60,NAO,N,N,N,N,-,-,6 - ANO,98,"2,07",Sais Inorgânicos,Cloretos
CL08512RA,CLORETO DE LITIO PA 250G," R$  339,39 ","0,00%",7447-41-8,2827.39.60,NAO,N,N,N,N,-,-,6 - ANO,98,"2,07",Sais Inorgânicos,Cloretos
CL08513RA,CLORETO DE LITIO PA 500G," R$  676,99 ","0,00%",7447-41-8,2827.39.60,NAO,N,N,N,N,-,-,6 - ANO,98,"2,07",Sais Inorgânicos,Cloretos
CL08883SO,CLORETO DE LITIO SOL.10% ALCOOLICA 1L," R$  62,12 ","0,00%",7447-41-8,2827.39.60,NAO,N,N,N,N,1993,3,4 - ANO,10,"0,89",Solventes e Água,Solventes
CL03832SO,CLORETO DE LITIO SOL.1M ALCOOLICA 250ML," R$  17,40 ","0,00%",7447-41-8,2827.39.60,NAO,N,N,N,N,1993,3,2 - ANO,"4,5","0,97",Solventes e Água,Solventes
CL08164SO,CLORETO DE LITIO SOL.1M ALCOOLICA 500ML," R$  24,41 ","0,00%",7447-41-8,2827.39.60,NAO,N,N,N,N,1993,3,2 - ANO,"2,12","0,9",Solventes e Água,Solventes
CL06083SO,CLORETO DE LITIO SOL.2M ALCOOLICA 1L," R$  43,67 ","0,00%",7447-41-8,2827.39.60,NAO,N,N,N,N,1993,3,2 - ANO,"4,24","0,96",Solventes e Água,Solventes
CL07412SO,CLORETO DE LITIO SOL.2M ALCOOLICA 500ML," R$  24,67 ","0,00%",7447-41-8,2827.39.60,NAO,N,N,N,N,1993,3,2 - ANO,"4,24","0,98",Solventes e Água,Solventes
CL05435SO,CLORETO DE LITIO SOL.3M ALCOOLICA 1L," R$  55,10 ","0,00%",7447-41-8,2827.39.60,NAO,N,N,N,N,1993,3,2 - ANO,"6,36","0,98",Solventes e Água,Solventes
CL08884SO,CLORETO DE LITIO SOL.3M ALCOOLICA 500ML," R$  28,92 ","0,00%",7447-41-8,2827.39.60,NAO,N,N,N,N,1993,3,2 - ANO,"6,36","0,96",Solventes e Água,Solventes
CL03343SO,CLORETO DE LITIO SOL.40% PA 1KG," R$  362,15 ","0,00%",7447-41-8,2827.39.60,NAO,N,N,N,N,-,-,4 - ANO,40,"1,25",Sais Inorgânicos,Cloretos
CM03934RA,CLORETO DE MAGNESIO 6H2O PA 1KG," R$  31,30 ","0,00%",7791-18-6,2827.31.90,NAO,N,N,N,N,-,-,6 - ANO,99,"1,57",Sais Inorgânicos,Cloretos
CM03933RA,CLORETO DE MAGNESIO 6H2O PA 500G," R$  23,25 ","0,00%",7791-18-6,2827.31.90,NAO,N,N,N,N,-,-,6 - ANO,99,"1,57",Sais Inorgânicos,Cloretos
CM06607RA,CLORETO DE MAGNESIO ANIDRO PA 500G," R$  104,58 ","0,00%",7786-30-3,2827.31.90,NAO,N,N,N,N,-,-,6 - ANO,97,"2,32",Sais Inorgânicos,Cloretos
CM03382SO,"CLORETO DE MAGNESIO SOL.0,01M VS 1L"," R$  54,14 ","0,00%",7786-30-3,2827.31.90,NAO,N,N,N,N,-,-,2 - ANO,"0,09",1,Sais Inorgânicos,Cloretos
CM04191SO,"CLORETO DE MAGNESIO SOL.0,04M 1L"," R$  45,10 ","0,00%",7786-30-3,2827.31.90,NAO,N,N,N,N,-,-,2 - ANO,"0,4","0,97",Sais Inorgânicos,Cloretos
CM04056RA,CLORETO DE MANGANES OSO 4H2O PA 1KG," R$  131,93 ","0,00%",13446-34-9,2827.39.95,NAO,N,N,N,N,3288,6.1,6 - ANO,98,"2,01",Sais Inorgânicos,Cloretos
CM04057RA,CLORETO DE MANGANES OSO 4H2O PA 500G," R$  70,97 ","0,00%",13446-34-9,2827.39.95,NAO,N,N,N,N,3288,6.1,6 - ANO,98,"2,01",Sais Inorgânicos,Cloretos
CN07153RA,CLORETO DE NIQUEL OSO 6H2O PA 250G," R$  35,72 ","0,00%",7791-20-0,2827.35.00,NAO,N,N,N,N,3288,6.1,6 - ANO,97,1,Sais Inorgânicos,Cloretos
CN06852RA,CLORETO DE NIQUEL OSO 6H2O PA 500G," R$  61,25 ","0,00%",7791-20-0,2827.35.00,NAO,N,N,N,N,3288,6.1,6 - ANO,97,1,Sais Inorgânicos,Cloretos
CO03491SO,"CLORETO DE OURO 0,2% 500ML"," R$  1.051,25 ","0,00%",16961-25-4,2827.39.99,NAO,N,N,N,N,3260,8,4 - ANO,"0,2",1,Sais Inorgânicos,Cloretos
CO09986RA,CLORETO DE OURO ICO 3H2O PA 1G," R$  1.628,40 ","0,00%",16961-25-4,2827.39.99,NAO,N,N,N,N,3260,8,6 - ANO,99,"3,9",Sais Inorgânicos,Cloretos
CP05982RA,CLORETO DE PALADIO II PA 1G," R$  884,52 ","0,00%",7647-10-1,2827.39.99,NAO,N,N,N,N,3262,8,6 - ANO,"99,9",4,Sais Inorgânicos,Cloretos
CP04930RA,CLORETO DE POTASSIO PA 1KG," R$  38,74 ","0,00%",7447-40-7,3104.20.90,NAO,N,N,N,N,-,-,6 - ANO,99,"1,98",Sais Inorgânicos,Cloretos
CP04919RA,CLORETO DE POTASSIO PA 500G," R$  23,12 ","0,00%",7447-40-7,3104.20.90,NAO,N,N,N,N,-,-,6 - ANO,99,"1,98",Sais Inorgânicos,Cloretos
CP09608RA,CLORETO DE POTASSIO PA ACS 1KG," R$  44,09 ","0,00%",7447-40-7,3104.20.90,NAO,N,N,N,N,-,-,6 - ANO,99,"1,98",Sais Inorgânicos,Cloretos
CP09265RA,CLORETO DE POTASSIO PA ACS 250G," R$  22,23 ","0,00%",7447-40-7,3104.20.90,NAO,N,N,N,N,-,-,6 - ANO,99,"1,98",Sais Inorgânicos,Cloretos
CP09609RA,CLORETO DE POTASSIO PA ACS 500G," R$  27,05 ","0,00%",7447-40-7,3104.20.90,NAO,N,N,N,N,-,-,6 - ANO,99,"1,98",Sais Inorgânicos,Cloretos
CP07665RA,CLORETO DE POTASSIO PA P/SOLOS 1KG," R$  61,74 ","0,00%",7447-40-7,3104.20.90,NAO,N,N,N,N,-,-,6 - ANO,99,"1,98",Sais Inorgânicos,Cloretos
CP08018RA,CLORETO DE POTASSIO PA P/SOLOS 500G," R$  37,87 ","0,00%",7447-40-7,3104.20.90,NAO,N,N,N,N,-,-,6 - ANO,99,"1,98",Sais Inorgânicos,Cloretos
CP03302SO,"CLORETO DE POTASSIO SOL.0,001M RS 1L	"," R$  26,82 ","0,00%",7447-40-7,3104.20.90,NAO,N,N,N,N,-,-,2 - ANO,0,1,Sais Inorgânicos,Cloretos
CP07708SO,"CLORETO DE POTASSIO SOL.0,05N 1L"," R$  26,82 ","0,00%",7447-40-7,3104.20.90,NAO,N,N,N,N,-,-,2 - ANO,"0,37",1,Sais Inorgânicos,Cloretos
CP06842SO,"CLORETO DE POTASSIO SOL.0,1M RS 1L"," R$  26,82 ","0,00%",7447-40-7,3104.20.90,NAO,N,N,N,N,-,-,2 - ANO,"0,75",1,Sais Inorgânicos,Cloretos
CP04841SO,"CLORETO DE POTASSIO SOL.0,1N 1L"," R$  26,82 ","0,00%",7447-40-7,3104.20.90,NAO,N,N,N,N,-,-,2 - ANO,"0,75",1,Sais Inorgânicos,Cloretos
CP03450SO,"CLORETO DE POTASSIO SOL.0,3M RS 1L"," R$  26,82 ","0,00%",7447-40-7,3104.20.90,NAO,N,N,N,N,-,-,2 - ANO,"2,24",1,Sais Inorgânicos,Cloretos
CP07106SO,"CLORETO DE POTASSIO SOL.0,5M 1L"," R$  26,82 ","0,00%",7447-40-7,3104.20.90,NAO,N,N,N,N,-,-,2 - ANO,"3,75",1,Sais Inorgânicos,Cloretos
CP08882SO,"CLORETO DE POTASSIO SOL.0,5N 1L"," R$  26,82 ","0,00%",7447-40-7,3104.20.90,NAO,N,N,N,N,-,-,2 - ANO,"3,75",1,Sais Inorgânicos,Cloretos
CP04424SO,CLORETO DE POTASSIO SOL.1M C/CLORETO DE PRATA (AGCL) 50ML," R$  22,50 ","0,00%",7447-40-7,3104.20.90,NAO,N,N,N,N,-,-,2 - ANO,"22,5","1,12",Sais Inorgânicos,Cloretos
CP09476SO,CLORETO DE POTASSIO SOL.1M ELETROLITICA. 1L," R$  20,76 ","0,00%",7447-40-7,3104.20.90,NAO,N,N,N,N,-,-,2 - ANO,"7,5","1,12",Sais Inorgânicos,Cloretos
CP09449SO,CLORETO DE POTASSIO SOL.3M C/CLORETO DE PRATA (AGCL) 1L," R$  24,28 ","0,00%",7447-40-7,3104.20.90,NAO,N,N,N,N,-,-,2 - ANO,"22,4","1,12",Sais Inorgânicos,Cloretos
CP08350SO,CLORETO DE POTASSIO SOL.3M C/CLORETO DE PRATA (AGCL) 250ML," R$  12,52 ","0,00%",7447-40-7,3104.20.90,NAO,N,N,N,N,-,-,2 - ANO,"22,5","1,12",Sais Inorgânicos,Cloretos
CP09450SO,CLORETO DE POTASSIO SOL.3M C/CLORETO DE PRATA (AGCL) 500ML," R$  17,81 ","0,00%",7447-40-7,3104.20.90,NAO,N,N,N,N,-,-,2 - ANO,"22,5","1,12",Sais Inorgânicos,Cloretos
CP09492SO,CLORETO DE POTASSIO SOL.3M ELETROLITICA. 1L," R$  18,92 ","0,00%",7447-40-7,3104.20.90,NAO,N,N,N,N,-,-,2 - ANO,"22,5","1,12",Sais Inorgânicos,Cloretos
CP08530SO,CLORETO DE POTASSIO SOL.3M ELETROLITICA. 250ML," R$  8,54 ","0,00%",7447-40-7,3104.20.90,NAO,N,N,N,N,-,-,2 - ANO,"22,5","1,12",Sais Inorgânicos,Cloretos
CP08880SO,CLORETO DE POTASSIO SOL.3M ELETROLITICA. 500ML," R$  12,00 ","0,00%",7447-40-7,3104.20.90,NAO,N,N,N,N,-,-,2 - ANO,"22,5","1,12",Sais Inorgânicos,Cloretos
CP07090SO,CLORETO DE POTASSIO SOL.4M ELETROLITICA. 1L," R$  20,75 ","0,00%",7447-40-7,3104.20.90,NAO,N,N,N,N,-,-,2 - ANO,30,"1,14",Sais Inorgânicos,Cloretos
CP08879SO,CLORETO DE POTASSIO SOL.SATURADA 1L," R$  38,42 ","0,00%",7447-40-7,3104.20.90,NAO,N,N,N,N,-,-,4 - ANO,33,"1,15",Sais Inorgânicos,Cloretos
CP09067RA,CLORETO DE PRATA PA 25G," R$  1.210,12 ","0,00%",7783-90-6,2827.39.99,NAO,N,N,N,N,3077,9,6 - ANO,"99,98","5,56",Sais Inorgânicos,Cloretos
CR05691RA,CLORETO DE RUBIDIO PA 25G," R$  796,00 ","0,00%",7791-11-9,2827.39.97,NAO,N,N,N,N,-,-,6 - ANO,99,"2,8",Sais Inorgânicos,Cloretos
CR05692RA,CLORETO DE RUBIDIO PA 5G," R$  199,00 ","0,00%",7791-11-9,2827.39.97,NAO,N,N,N,N,-,-,6 - ANO,99,"2,8",Sais Inorgânicos,Cloretos
CS09711RA,CLORETO DE SODIO CRISTAL PA ACS 1KG," R$  18,75 ","0,00%",7647-14-5,2501.00.90,NAO,N,N,N,N,-,-,6 - ANO,99,"2,16",Sais Inorgânicos,Cloretos
CS09714RA,CLORETO DE SODIO CRISTAL PA ACS 500G," R$  15,64 ","0,00%",7647-14-5,2501.00.90,NAO,N,N,N,N,-,-,6 - ANO,99,"2,16",Sais Inorgânicos,Cloretos
CS06339RA,CLORETO DE SODIO CRISTAL PA ACS ISO 500G," R$  35,55 ","0,00%",7647-14-5,2501.00.90,NAO,N,N,N,N,-,-,6 - ANO,99,"2,16",Sais Inorgânicos,Cloretos
CS05594RA,CLORETO DE SODIO PA ACS 5KG," R$  49,90 ","0,00%",7647-14-5,2501.00.90,NAO,N,N,N,N,-,-,6 - ANO,99,"2,16",Sais Inorgânicos,Cloretos
CS06187SO,"CLORETO DE SODIO SOL.0,001N 1L"," R$  19,40 ","0,00%",7647-14-5,2501.00.90,NAO,N,N,N,N,-,-,2 - ANO,0,1,Sais Inorgânicos,Cloretos
CS08187SO,"CLORETO DE SODIO SOL.0,0141N 1L"," R$  28,40 ","0,00%",7647-14-5,2501.00.90,NAO,N,N,N,N,-,-,2 - ANO,"0,08",1,Sais Inorgânicos,Cloretos
CS05666SO,"CLORETO DE SODIO SOL.0,01N 1L"," R$  28,40 ","0,00%",7647-14-5,2501.00.90,NAO,N,N,N,N,-,-,2 - ANO,"0,06",1,Sais Inorgânicos,Cloretos
CS03629SO,"CLORETO DE SODIO SOL.0,025N 1L"," R$  28,40 ","0,00%",7647-14-5,2501.00.90,NAO,N,N,N,N,-,-,2 - ANO,"0,2",1,Sais Inorgânicos,Cloretos
CS08878SO,"CLORETO DE SODIO SOL.0,1N 1L"," R$  28,40 ","0,00%",7647-14-5,2501.00.90,NAO,N,N,N,N,-,-,2 - ANO,"0,6",1,Sais Inorgânicos,Cloretos
CS07725SO,"CLORETO DE SODIO SOL.0,9% 1L"," R$  22,96 ","0,00%",7647-14-5,2501.00.90,NAO,N,N,N,N,-,-,4 - ANO,"0,9",1,Sais Inorgânicos,Cloretos
CS06287SO,"CLORETO DE SODIO SOL.1,1686N 1L"," R$  48,25 ","0,00%",7647-14-5,2501.00.90,NAO,N,N,N,N,-,-,2 - ANO,7,"1,02",Sais Inorgânicos,Cloretos
CS06245SO,"CLORETO DE SODIO SOL.1,6% 1L"," R$  22,96 ","0,00%",7647-14-5,2501.00.90,NAO,N,N,N,N,-,-,4 - ANO,"1,6",1,Sais Inorgânicos,Cloretos
CS07886SO,CLORETO DE SODIO SOL.1% 1L," R$  22,96 ","0,00%",7647-14-5,2501.00.90,NAO,N,N,N,N,-,-,4 - ANO,1,1,Sais Inorgânicos,Cloretos
CS06998SO,CLORETO DE SODIO SOL.1% 500ML PD.MERCK," R$  53,36 ","0,00%",7647-14-5,2501.00.90,NAO,N,N,N,N,-,-,4 - ANO,1,1,Sais Inorgânicos,Cloretos
CS09185SO,CLORETO DE SODIO SOL.10% 1L," R$  23,60 ","0,00%",7647-14-5,2501.00.90,NAO,N,N,N,N,-,-,4 - ANO,10,1,Sais Inorgânicos,Cloretos
CS04718SO,CLORETO DE SODIO SOL.20% AQUOSA 1L," R$  23,92 ","0,00%",7647-14-5,2501.00.90,NAO,N,N,N,N,-,-,4 - ANO,20,"1,1",Sais Inorgânicos,Cloretos
CS04975SO,CLORETO DE SODIO SOL.35% AQUOSA 1L," R$  24,40 ","0,00%",7647-14-5,2501.00.90,NAO,N,N,N,N,-,-,4 - ANO,35,"1,17",Sais Inorgânicos,Cloretos
CS05472SO,CLORETO DE SODIO SOL.5M 1L," R$  28,40 ","0,00%",7647-14-5,2501.00.90,NAO,N,N,N,N,-,-,2 - ANO,"29,22","1,15",Sais Inorgânicos,Cloretos
CS05866SO,CLORETO DE SODIO SOL.7% AQUOSA 1L," R$  22,80 ","0,00%",7647-14-5,2501.00.90,NAO,N,N,N,N,-,-,4 - ANO,7,"1,02",Sais Inorgânicos,Cloretos
CS03304SO,"CLORETO DE SODIO SOL.8,18 MG/ML 1L	"," R$  66,12 ","0,00%",7647-14-5,2501.00.90,NAO,N,N,N,N,-,-,4 - ANO,"0,81",1,Sais Inorgânicos,Cloretos
CS03303SO,"CLORETO DE SODIO SOL.8,18 MG/ML RS - SOLUCAO ESTOQUE DE SODIO 1L	"," R$  66,21 ","0,00%",7647-14-5,2501.00.90,NAO,N,N,N,N,-,-,4 - ANO,"0,81",1,Sais Inorgânicos,Cloretos
CS04240SO,"CLORETO DE SODIO SOL.8,5% 1L"," R$  23,28 ","0,00%",7647-14-5,2501.00.90,NAO,N,N,N,N,-,-,4 - ANO,"8,5","1,03",Sais Inorgânicos,Cloretos
CS03305SO,CLORETO DE SODIO SOL.9% RS 1L," R$  23,36 ","0,00%",7647-14-5,2501.00.90,NAO,N,N,N,N,-,-,4 - ANO,9,1,Sais Inorgânicos,Cloretos
CT06827RA,CLORETO DE TETRAMETILAMONIO PA 100G," R$  410,23 ","0,00%",75-57-0,2923.90.90,NAO,N,N,N,N,2811,6.1,6 - ANO,98,"1,19",Sais Inorgânicos,Cloretos
CT05011RA,CLORETO DE TETRAMETILAMONIO PA 25G," R$  145,25 ","0,00%",75-57-0,2923.90.90,NAO,N,N,N,N,2811,6.1,6 - ANO,98,"1,19",Sais Inorgânicos,Cloretos
CT06265SO,"CLORETO DE TRIFENILTETRAZOLIO 0,1% 1L"," R$  135,24 ","0,00%",298-96-4,2933.79.90,NAO,N,N,N,N,1325,4.1,4 - ANO,"0,1",1,Sais Inorgânicos,Cloretos
TT05241RA,"CLORETO DE TRIFENILTETRAZOLIO 2,3,5 100G"," R$  789,99 ","0,00%",298-96-4,2933.79.90,NAO,N,N,N,N,1325,4.1,6 - ANO,99,1,Sais Inorgânicos,Cloretos
TT07858RA,"CLORETO DE TRIFENILTETRAZOLIO 2,3,5 10G"," R$  80,62 ","0,00%",298-96-4,2933.79.90,NAO,N,N,N,N,1325,4.1,6 - ANO,99,1,Sais Inorgânicos,Cloretos
TT04853RA,"CLORETO DE TRIFENILTETRAZOLIO 2,3,5 25G"," R$  198,25 ","0,00%",298-96-4,2933.79.90,NAO,N,N,N,N,1325,4.1,6 - ANO,99,1,Sais Inorgânicos,Cloretos
CZ09209RA,CLORETO DE ZINCO ANIDRO PA 1KG," R$  39,38 ","0,00%",7646-85-7,2827.39.39,NAO,N,N,N,N,2331,8,6 - ANO,96,"2,93",Sais Inorgânicos,Cloretos
CZ09053RA,CLORETO DE ZINCO ANIDRO PA 500G," R$  24,29 ","0,00%",7646-85-7,2827.39.39,NAO,N,N,N,N,2331,8,6 - ANO,96,"2,93",Sais Inorgânicos,Cloretos
CZ06188SO,"CLORETO DE ZINCO SOL.0,01M 1L"," R$  23,09 ","0,00%",7646-85-7,2827.39.39,NAO,N,N,N,N,2331,8,2 - ANO,"0,14",1,Sais Inorgânicos,Cloretos
CZ08877SO,"CLORETO DE ZINCO SOL.0,1M L"," R$  23,25 ","0,00%",7646-85-7,2827.39.39,NAO,N,N,N,N,2331,8,2 - ANO,"1,4",1,Sais Inorgânicos,Cloretos
CZ08876SO,"CLORETO DE ZINCO SOL.0,1N L"," R$  23,17 ","0,00%",7646-85-7,2827.39.39,NAO,N,N,N,N,2331,8,2 - ANO,"1,4",1,Sais Inorgânicos,Cloretos
CZ04286SO,CLORETO DE ZINCO SOL.50% 1L," R$  63,25 ","0,00%",7646-85-7,2827.39.39,NAO,N,N,N,N,2331,8,4 - ANO,50,"1,53",Sais Inorgânicos,Cloretos
CZ04908RA,CLORETO DE ZIRCONIO IV PA 100G," R$  1.243,70 ","0,00%",10026-11-6,2827.39.40,NAO,N,N,N,N,2503,8,6 - ANO,99,"2,8",Sais Inorgânicos,Cloretos
CZ04907RA,CLORETO DE ZIRCONIO IV PA 25G," R$  518,42 ","0,00%",10026-11-6,2827.39.40,NAO,N,N,N,N,2503,8,6 - ANO,99,"2,8",Sais Inorgânicos,Cloretos
CF03454SO,"CLORETO FERRICO SOL.4,51% RS 1L"," R$  48,15 ","0,00%",7705-08-0,2915.90.90,NAO,N,N,N,N,1773,8,4 - ANO,"4,51",1,Sais Inorgânicos,Cloretos
CP09031RA,CLORIDRATO DE PIRIDOXINA PA 100G," R$  40,89 ","0,00%",58-56-0,2936.25.20,NAO,N,N,N,N,-,-,6 - ANO,99,"1,44",Compostos Orgânicos,Cloridratos e Aminas
CP08540RA,CLORIDRATO DE PIRIDOXINA PA 25G," R$  16,88 ","0,00%",58-56-0,2936.25.20,NAO,N,N,N,N,-,-,6 - ANO,99,"1,44",Compostos Orgânicos,Cloridratos e Aminas
CQ09081RA,CLORIDRATO DE QUININA 2H2O PA 10G," R$  319,07 ","0,00%",6119-47-7,2939.20.00,NAO,N,N,N,N,-,-,6 - ANO,99,1,Compostos Orgânicos,Cloridratos e Aminas
CQ06378RA,CLORIDRATO DE QUININA 2H2O PA 25G," R$  916,25 ","0,00%",6119-47-7,2939.20.00,NAO,N,N,N,N,-,-,6 - ANO,99,1,Compostos Orgânicos,Cloridratos e Aminas
CR09647RA,CLORIDRATO DE RANITIDINA 99% PURO 5G," R$  488,25 ","0,00%",66357-59-3,2932.19.10,NAO,N,N,N,N,-,-,4 - ANO,99,1,Compostos Orgânicos,Cloridratos e Aminas
CT09032RA,CLORIDRATO DE TIAMINA 98% PA 100G," R$  117,63 ","0,00%",67-03-8,2936.22.10,NAO,N,N,N,N,-,-,6 - ANO,98,"1,414",Compostos Orgânicos,Cloridratos e Aminas
CT08539RA,CLORIDRATO DE TIAMINA 98% PA 25G," R$  36,91 ","0,00%",67-03-8,2936.22.10,NAO,N,N,N,N,-,-,6 - ANO,98,"1,414",Compostos Orgânicos,Cloridratos e Aminas
C06739RA,CLOROACETAMIDA PA 500G," R$  143,38 ","0,00%",79-07-2,2924.19.29,NAO,N,N,N,N,2811,6.1,6 - ANO,98,"1,58",Compostos Orgânicos,Ésteres e Amidas
C06201RA,CLOROANILINA-4 PA 100G," R$  342,16 ","0,00%",106-47-8,2921.42.90,NAO,N,N,N,N,2018,6.1,6 - ANO,"97,5","1,17",Compostos Orgânicos,Cloridratos e Aminas
CA06615RA,COBRE METALICO EM APARAS 500G," R$  191,32 ","0,00%",7440-50-8,7406.20.00,NAO,N,N,N,N,3089,4.1,6 - ANO,99,"8,94",Metais,Metais de Transição e Outros
CM05211RA,COBRE METALICO EM FOLHAS 250G," R$  643,55 ","0,00%",7440-50-8,7406.10.00,NAO,N,N,N,N,3089,4.1,10 - ANO,"99,8","8,94",Metais,Metais de Transição e Outros
CM06942RA,COBRE METALICO EM PO PA 500G," R$  117,08 ","0,00%",7440-50-8,7406.10.90,NAO,N,N,N,N,3089,4.1,6 - ANO,98,"8,94",Metais,Metais de Transição e Outros
CP04760RA,COLAGENO EM PO 100G," R$  490,09 ","0,00%",92113-31-0,3503.00.12,NAO,N,N,N,N,-,-,6 - ANO,0,"0,4",Compostos Orgânicos,Diversos
CH08316RA,COLAGENO HIDROLISADO 500G," R$  289,70 ","0,00%",92113-31-0,3503.00.12,NAO,N,N,N,N,-,-,6 - ANO,0,"0,4",Compostos Orgânicos,Diversos
C07668RA,COLCHICINA 1G," R$  481,37 ","0,00%",64-86-8,2939.80.90,NAO,N,N,N,N,1544,6.1,6 - ANO,94,1,Compostos Orgânicos,Diversos
C08418RA,COLCHICINA 5G," R$  1.965,70 ","0,00%",64-86-8,2939.80.90,NAO,N,N,N,N,1544,6.1,6 - ANO,94,1,Compostos Orgânicos,Diversos
C07141RA,COLESTEROL PA 100G," R$  2.092,35 ","0,00%",57-88-5,2918.15.00,NAO,N,N,N,N,-,-,6 - ANO,"92,5","1,06",Compostos Orgânicos,Diversos
C06288RA,COLESTEROL PA 10G," R$  602,30 ","0,00%",57-88-5,2918.15.00,NAO,N,N,N,N,-,-,6 - ANO,"92,5","1,06",Compostos Orgânicos,Diversos
C06270RA,CREATINA MONOHIDRATADA 1KG," R$  165,49 ","0,00%",6020-87-7,2925.29.90,NAO,N,N,N,N,-,-,6 - ANO,99,1,Compostos Orgânicos,Diversos
CR06614RA,CREATININA 25G," R$  222,41 ","0,00%",60-27-5,2925.29.90,NAO,N,N,N,N,-,-,6 - ANO,0,1,Compostos Orgânicos,Diversos
CC05689RA,CREATININA CLORIDRATO PA 100G," R$  428,75 ","0,00%",19230-81-0,2933.29.99,NAO,N,N,N,N,-,-,6 - ANO,99,1,Compostos Orgânicos,Cloridratos e Aminas
CC05491RA,CREATININA CLORIDRATO PA 25G," R$  171,25 ","0,00%",19230-81-0,2933.29.99,NAO,N,N,N,N,-,-,6 - ANO,99,1,Compostos Orgânicos,Cloridratos e Aminas
C05368RA,CRESOLFTALEINA ORTO (O-CRESOLFTALEINA) 5G," R$  64,44 ","0,00%",596-27-0,3204.13.00,NAO,N,N,N,N,-,-,6 - ANO,0,1,Compostos Orgânicos,Diversos
CB07656RA,CROMATO DE BARIO PA 250G," R$  311,84 ","0,00%",10294-40-3,2841.50.19,NAO,N,N,N,N,1479,5.1,6 - ANO,98,"4,5",Sais Inorgânicos,Cromatos e Percloratos
CS09143RA,CROMATO DE SODIO 4H2O PA 500G," R$  79,58 ","0,00%",10034-82-9,2841.50.13,NAO,N,N,N,N,3290,6.1(8),6 - ANO,98,1,Sais Inorgânicos,Cromatos e Percloratos
CS09342SO,CROMATO DE SODIO SOL.2% 1L," R$  19,86 ","0,00%",7775-11-3,2841.50.13,NAO,N,N,N,N,3290,6.1(8),4 - ANO,2,1,Sais Inorgânicos,Cromatos e Percloratos
CC05688RA,CROMO EM PO PUREX 100G," R$  47,65 ","0,00%",7440-47-3,8112.21.20,NAO,N,N,N,N,3077,9,6 - ANO,98,"7,14",Compostos Orgânicos,Diversos
C05685RA,CROMOTROPE 2B (C.I. 16575) 25G," R$  119,40 ","0,00%",548-80-1,3822.90.00,NAO,N,N,N,N,-,-,4 - ANO,0,1,Compostos Orgânicos,Diversos
CR06077RA,CROMOTROPO 2R 25G," R$  155,80 ","0,00%",4197-07-3,3822.90.00,NAO,N,N,N,N,-,-,4 - ANO,0,1,Compostos Orgânicos,Diversos
C03847RA,"CUMARINA (1,2-BENZOPIRONA) 99% 100G"," R$  42,75 ","0,00%",91-64-5,2921.44.10,NAO,N,N,N,N,2811,6.1,6 - ANO,99,1,Compostos Orgânicos,Diversos
C05617RA,"CUMARINA (1,2-BENZOPIRONA)99% 1KG"," R$  296,90 ","0,00%",91-64-5,2932.19.90,NAO,N,N,N,N,2811,6.1,6 - ANO,99,1,Compostos Orgânicos,Diversos
C08150RA,"CUMARINA (1,2-BENZOPIRONA)99% 250G"," R$  58,79 ","0,00%",91-64-5,2932.19.90,NAO,N,N,N,N,2811,6.1,6 - ANO,99,1,Compostos Orgânicos,Diversos
C09033RA,"CUMARINA (1,2-BENZOPIRONA)99% 25G"," R$  13,36 ","0,00%",91-64-5,2921.44.10,NAO,N,N,N,N,2811,6.1,6 - ANO,99,1,Compostos Orgânicos,Diversos
C06271RA,CURCUMINA 10G," R$  73,15 ","6,50%",458-37-7,3212.90.90,SIM,N,N,N,N,-,-,6 - ANO,95,"1,37",Compostos Orgânicos,Diversos
DL07480RA,D-LIMONENO 100ML," R$  62,99 ","0,00%",5989-27-5,2902.19.10,NAO,N,N,N,N,-,-,6 - ANO,93,"0,842",Compostos Orgânicos,Diversos
D03008RA,D-LIMONENO 1L," R$  472,44 ","0,00%",5989-27-5,2902.19.10,NAO,N,N,N,N,2052,3,6 - ANO,96,"0,84",Compostos Orgânicos,Diversos
D06556RA,DECANO-N 99% PA 100ML," R$  213,58 ","0,00%",124-18-5,2901.10.00,NAO,N,N,N,N,2247,3,6 - ANO,99,"0,73",Compostos Orgânicos,Diversos
D06602RA,DECANO-N 99% PA 500ML," R$  947,75 ","0,00%",124-18-5,2901.10.00,NAO,N,N,N,N,2247,3,6 - ANO,99,"0,73",Compostos Orgânicos,Diversos
DS04622RA,DESOXICOLATO DE SODIO PA 100G," R$  1.314,95 ","0,00%",302-95-4,2918.19.29,NAO,N,N,N,N,-,-,6 - ANO,98,"1,12",Metais,Metais Alcalinos e Alcalino-Terrosos
DS04624RA,DESOXICOLATO DE SODIO PA 25G," R$  392,81 ","0,00%",302-95-4,2918.19.29,NAO,N,N,N,N,-,-,6 - ANO,98,"1,12",Metais,Metais Alcalinos e Alcalino-Terrosos
DA09522RA,"DETERTEX ALCALINO (PH 9,5 A 10,5) 5L"," R$  91,48 ","0,00%",,3402.31.00,SIM,N,N,N,N,,,6 - ANO,0,"1,01",Compostos Orgânicos,Diversos
DN09632RA,"DETERTEX NEUTRO (PH 6,5 A 7,5) 5L"," R$  91,32 ","0,00%",,3402.31.00,SIM,N,N,N,N,-,-,2 - ANO,0,1,Compostos Orgânicos,Diversos
D03505RA,DEXTRINA PA  500G," R$  282,15 ","0,00%",9004-53-9,3505.10.00,NAO,N,N,N,N,-,-,6 - ANO,0,"0,8",Compostos Orgânicos,Diversos
D06218RA,DEXTRINA PA 100G," R$  65,15 ","0,00%",9004-53-9,3505.10.00,NAO,N,N,N,N,-,-,6 - ANO,0,"0,8",Compostos Orgânicos,Diversos
D03504RA,DEXTRINA PA 1KG," R$  495,25 ","0,00%",9004-53-9,3505.10.00,NAO,N,N,N,N,-,-,6 - ANO,0,"0,8",Compostos Orgânicos,Diversos
D09104RA,DEXTROSE (GLICOSE) ANIDRA PA 1KG," R$  31,98 ","0,00%",50-99-7,1702.30.11,NAO,N,N,N,N,-,-,6 - ANO,97,"1,54",Compostos Orgânicos,Açúcares e Carboidratos
D09724RA,DEXTROSE (GLICOSE) ANIDRA PA 500G," R$  19,75 ","0,00%",50-99-7,1702.30.11,NAO,N,N,N,N,-,-,6 - ANO,97,"1,54",Compostos Orgânicos,Açúcares e Carboidratos
D03769RA,DEXTROSE (GLICOSE) ANIDRA PA 5KG," R$  143,91 ","0,00%",50-99-7,1702.30.11,NAO,N,N,N,N,-,-,6 - ANO,97,"1,54",Compostos Orgânicos,Açúcares e Carboidratos
D06817RA,DEXTROSE (GLICOSE) MONOHIDRATADA PA 1KG," R$  31,98 ","0,00%",14431-43-7,1702.30.11,NAO,N,N,N,N,-,-,6 - ANO,"97,5",1,Compostos Orgânicos,Açúcares e Carboidratos
D06816RA,DEXTROSE (GLICOSE) MONOHIDRATADA PA 500G," R$  19,75 ","0,00%",14431-43-7,1702.30.11,NAO,N,N,N,N,-,-,6 - ANO,"97,5",1,Compostos Orgânicos,Açúcares e Carboidratos
DM05806RA,DIACETILMONOXIMA PA 25G," R$  57,10 ","0,00%",57-71-6,2928.00.90,NAO,N,N,N,N,-,-,6 - ANO,"99,6",1,Compostos Orgânicos,Diversos
D06419RA,DIBUTILAMINA-N 1L," R$  90,63 ","0,00%",111-92-2,2921.19.39,NAO,N,N,N,N,2248,8(3),6 - ANO,99,"0,76",Compostos Orgânicos,Diversos
D04486RA,DICICLOHEXILAMINA 99% PA 100ML," R$  275,15 ","0,00%",101-83-7,2921.30.12,NAO,N,N,N,N,2565,8,6 - ANO,"99,5","0,91",Compostos Orgânicos,Diversos
DE05236RA,DICLORIDRATO DE ETILENODIAMINA 98% PA 100G," R$  556,53 ","0,00%",333-18-6,2921.21.00,NAO,N,N,N,N,-,-,6 - ANO,98,"1,46",Compostos Orgânicos,Cloridratos e Aminas
DE04865RA,DICLORIDRATO DE ETILENODIAMINA 98% PA 250G," R$  1.348,80 ","0,00%",333-18-6,2921.21.00,NAO,N,N,N,N,-,-,6 - ANO,98,"1,46",Compostos Orgânicos,Cloridratos e Aminas
DE05237RA,DICLORIDRATO DE ETILENODIAMINA 98% PA 25G," R$  175,95 ","0,00%",333-18-6,2921.21.00,NAO,N,N,N,N,-,-,6 - ANO,98,"1,46",Compostos Orgânicos,Cloridratos e Aminas
DH04564RA,DICLORIDRATO DE HISTAMINA 99% 25G," R$  1.180,25 ","0,00%",56-92-8,2933.29.19,NAO,N,N,N,N,-,-,6 - ANO,98,1,Compostos Orgânicos,Cloridratos e Aminas
DH04510RA,DICLORIDRATO DE HISTAMINA 99% 5G," R$  192,41 ","0,00%",56-92-8,2933.29.19,NAO,N,N,N,N,-,-,6 - ANO,98,1,Compostos Orgânicos,Cloridratos e Aminas
D05384RA,"DICLOROANILINA-3,4 98% PA 25G"," R$  509,67 ","0,00%",95-76-1,2804.50.00,NAO,N,N,N,N,3442,6.1,6 - ANO,98,"1,33",Compostos Orgânicos,Cloridratos e Aminas
D05383RA,"DICLOROANILINA-3,4 98% PA 5G"," R$  130,17 ","0,00%",95-76-1,2804.50.00,NAO,N,N,N,N,3442,6.1,6 - ANO,98,"1,33",Compostos Orgânicos,Cloridratos e Aminas
D07262RA,"DICLOROFLUORESCEINA 2,7 5G"," R$  100,14 ","6,50%",76-54-0,3212.90.90,SIM,N,N,N,N,-,-,6 - ANO,0,"0,79",Compostos Orgânicos,Diversos
D04731SO,"DICLOROFLUORESCEINA 2,7 SOL.0,1% ALCOOL ISOPROPILICO 1L"," R$  54,15 ","6,50%",76-54-0,3212.90.90,SIM,N,N,N,N,1219,3,4 - ANO,"0,1","0,78",Solventes e Água,Solventes
DI06883SO,"DICLOROINDOFENOL 2,6 SOD. SOL.0,05% EM NA 500ML"," R$  62,13 ","0,00%",620-45-1,2908.19.12,NAO,N,N,N,N,,,4 - ANO,"0,05",1,Compostos Orgânicos,Diversos
D07573SO,"DICLOROINDOFENOL 2,6 SOD. SOL.0,2% 500ML"," R$  44,55 ","0,00%",620-45-1,2908.19.12,NAO,N,N,N,N,-,-,4 - ANO,"0,2",1,Compostos Orgânicos,Diversos
D03775RA,"DICLOROINDOFENOL 2,6 SODICO PA ACS 25G"," R$  333,29 ","0,00%",620-45-1,2908.19.12,NAO,N,N,N,N,,,6 - ANO,0,1,Compostos Orgânicos,Diversos
D03776RA,"DICLOROINDOFENOL 2,6 SODICO PA ACS 5G"," R$  74,15 ","0,00%",620-45-1,2908.19.12,NAO,N,N,N,N,,,6 - ANO,0,1,Compostos Orgânicos,Diversos
D06787RA,DICLOROISOCIANURATO DE SOD.2H2O 98% 250G," R$  323,36 ","0,00%",51580-86-0,2933.69.19,NAO,N,N,N,N,3261,8,6 - ANO,98,"1,97",Compostos Orgânicos,Diversos
DA07216RA,DICROMATO DE AMONIO PA 100G," R$  54,61 ","0,00%",7789-09-5,2841.50.11,NAO,N,N,N,N,1439,5.1,6 - ANO,97,"2,15",Sais Inorgânicos,Cromatos e Percloratos
DA06456RA,DICROMATO DE AMONIO PA 250G," R$  84,61 ","0,00%",7789-09-5,2841.50.11,NAO,N,N,N,N,1439,5.1,6 - ANO,97,"2,15",Sais Inorgânicos,Cromatos e Percloratos
DA09050RA,DICROMATO DE AMONIO PA 500G," R$  139,89 ","0,00%",7789-09-5,2841.50.11,NAO,N,N,N,N,1439,5.1,6 - ANO,97,"2,15",Sais Inorgânicos,Cromatos e Percloratos
D08343RA,DIETANOLAMINA (DIETANOLAMIDA) PURA 1L," R$  46,17 ","0,00%",111-42-2,2922.12.00,NAO,N,N,N,N,-,-,4 - ANO,"99,3",1,Solventes e Água,Solventes
D07161RA,DIETILDITIOCARBAMATO DE PRATA PA 5G," R$  260,25 ","0,00%",1470-61-7,2843.29.90,NAO,N,N,N,N,-,-,6 - ANO,99,1,Metais,Metais de Transição e Outros
D06826RA,DIETILDITIOCARBAMATO DE SODIO 3H2O PA 100G," R$  33,31 ","0,00%",20624-25-3,2930.20.29,NAO,N,N,N,N,-,-,6 - ANO,99,1,Metais,Metais Alcalinos e Alcalino-Terrosos
D06355RA,DIETILDITIOCARBAMATO DE SODIO 3H2O PA 25G," R$  22,53 ","0,00%",20624-25-3,2930.20.29,NAO,N,N,N,N,-,-,6 - ANO,99,1,Metais,Metais Alcalinos e Alcalino-Terrosos
D03836RA,DIETILDITIOCARBAMATO DE SODIO 3H2O PA 500G," R$  133,25 ","0,00%",20624-25-3,2930.20.29,NAO,N,N,N,N,-,-,6 - ANO,0,1,Metais,Metais Alcalinos e Alcalino-Terrosos
D03409SO,DIETILDITIOCARBAMATO DE SODIO SOLUCAO RS 1L," R$  136,26 ","0,00%",20624-25-3,2930.20.29,NAO,N,N,N,N,-,-,4 - ANO,0,1,Metais,Metais Alcalinos e Alcalino-Terrosos
D08383RA,DIFENILAMINA PA 100G," R$  17,97 ","0,00%",122-39-4,2921.44.10,NAO,N,N,N,N,2811,6.1,6 - ANO,99,"1,16",Compostos Orgânicos,Diversos
D03857RA,DIFENILAMINA PA 1KG," R$  161,24 ","0,00%",122-39-4,2921.44.10,NAO,N,N,N,N,2811,6.1,6 - ANO,99,"1,16",Compostos Orgânicos,Diversos
DS03227SO,"DIFENILAMINA SOL.0,25% SULF. DE BARIO 1L"," R$  51,15 ","0,00%",6211-24-1,2921.44.10,NAO,N,N,N,N,-,-,4 - ANO,"0,25",1,Metais,Metais Alcalinos e Alcalino-Terrosos
DS08865SO,"DIFENILAMINA SOL.0,3% SULF. DE BARIO 1L"," R$  23,01 ","0,00%",6211-24-1,2921.44.10,NAO,N,N,N,N,-,-,4 - ANO,"0,3",1,Metais,Metais Alcalinos e Alcalino-Terrosos
DS04696SO,DIFENILAMINA SOL.1% SULF. DE BARIO 1L," R$  105,46 ","0,00%",6211-24-1,2921.44.10,NAO,N,N,N,N,-,-,4 - ANO,1,1,Metais,Metais Alcalinos e Alcalino-Terrosos
DS06419SO,DIFENILAMINA SOL.3% SULF. DE BARIO 1L," R$  145,12 ","0,00%",6211-24-1,2921.44.10,NAO,N,N,N,N,-,-,4 - ANO,3,1,Metais,Metais Alcalinos e Alcalino-Terrosos
DS03866SO,"DIFENILAMINA SULFONATO DE SODIO SOL.0,3% 1L"," R$  32,16 ","0,00%",6152-67-6,2921.44.10,NAO,N,N,N,N,-,-,4 - ANO,"0,3",1,Metais,Metais Alcalinos e Alcalino-Terrosos
D03855RA,"DIFENILCARBAZIDA-1,5 PA ACS 100G"," R$  269,31 ","0,00%",140-22-7,2930.90.23,NAO,N,N,N,N,-,-,6 - ANO,0,1,Compostos Orgânicos,Diversos
DC06873RA,"DIFENILCARBAZIDA-1,5 PA ACS 25G"," R$  74,81 ","0,00%",140-22-7,2930.90.23,NAO,N,N,N,N,-,-,6 - ANO,98,1,Compostos Orgânicos,Diversos
DC09347RA,DIFENILCARBAZONA PA 100G," R$  830,15 ","0,00%",538-62-5,2930.90.23,NAO,N,N,N,N,-,-,6 - ANO,99,1,Compostos Orgânicos,Diversos
DC09505RA,DIFENILCARBAZONA PA 10G," R$  92,25 ","0,00%",538-62-5,2930.90.23,NAO,N,N,N,N,-,-,6 - ANO,99,1,Compostos Orgânicos,Diversos
DC09504RA,DIFENILCARBAZONA PA 25G," R$  215,30 ","0,00%",538-62-5,2930.90.23,NAO,N,N,N,N,-,-,6 - ANO,99,1,Compostos Orgânicos,Diversos
D05683RA,"DIHIDROXINAFTALENO - 2,7 PUREX 25G"," R$  201,28 ","0,00%",582-17-2,2907.29.00,NAO,N,N,N,N,-,-,6 - ANO,99,1,Compostos Orgânicos,Diversos
D07788RA,"DIMETILACETAMIDA N,N PA 1L"," R$  199,50 ","0,00%",127-19-5,2924.19.29,NAO,N,N,N,N,1993,3,6 - ANO,99,"0,937",Compostos Orgânicos,Ésteres e Amidas
DB07289RA,DIMETILAMINOBENZALDEIDO-4 99% PA 100G," R$  131,40 ","0,00%",100-10-7,2707.10.00,NAO,N,N,N,N,-,-,6 - ANO,99,"1,22",Compostos Orgânicos,Aldeídos e Cetonas
DB08120RA,DIMETILAMINOBENZALDEIDO-4 99% PA 25G," R$  39,74 ","0,00%",100-10-7,2921.11.29,NAO,N,N,N,N,-,-,6 - ANO,99,"1,22",Compostos Orgânicos,Aldeídos e Cetonas
DL06601RA,DIMETILAMINOETANOL(DMEA) PA 1L," R$  42,15 ","0,00%",108-01-0,2922.19.51,NAO,N,N,N,N,2051,8(3),6 - ANO,"99,8","0,89",Solventes e Água,Solventes
D06338RA,"DIMETILFENOL-2,5 5G"," R$  102,24 ","0,00%",526-75-0,2907.19.90,NAO,N,N,N,N,2261,6.1,6 - ANO,99,1,Compostos Orgânicos,Diversos
D06254RA,"DIMETILFORMAMIDA-N,N P.A ACS 5L"," R$  177,65 ","0,00%",68-12-2,2924.19.22,NAO,N,N,N,N,2265,3,6 - ANO,"99,8","0,944",Compostos Orgânicos,Diversos
D09262RA,"DIMETILFORMAMIDA-N,N PA ACS 1L"," R$  47,52 ","0,00%",68-12-2,2924.19.22,NAO,N,N,N,N,2265,3,6 - ANO,"99,8","0,94",Compostos Orgânicos,Diversos
D09841RA,DIMETILGLIOXIMA PA 100G," R$  57,05 ","0,00%",95-45-4,2928.00.90,NAO,N,N,N,N,1325,4.1,6 - ANO,98,1,Compostos Orgânicos,Diversos
D03999RA,DIMETILGLIOXIMA PA 1KG," R$  689,15 ","0,00%",95-45-4,2928.00.90,NAO,N,N,N,N,1325, 4.1,6 - ANO,98,1,Compostos Orgânicos,Diversos
D04001RA,DIMETILGLIOXIMA PA 250G," R$  169,15 ","0,00%",95-45-4,2928.00.90,NAO,N,N,N,N,1325, 4.1,6 - ANO,98,1,Compostos Orgânicos,Diversos
D04000RA,DIMETILGLIOXIMA PA 500G," R$  359,12 ","0,00%",95-45-4,2928.00.90,NAO,N,N,N,N,1325, 4.1,6 - ANO,98,1,Compostos Orgânicos,Diversos
D08863SO,DIMETILGLIOXIMA SOL.1% ALCOOLICA 1L," R$  37,01 ","0,00%",95-45-4,2928.00.90,NAO,N,N,N,N,1170,3,4 - ANO,1,"0,87",Solventes e Água,Solventes
D04868RA,DIMETILSULFOXIDO (DMSO) GRAU CG 1L," R$  483,26 ","0,00%",67-68-5,2930.90.99,NAO,N,N,N,N,-,-,6 - ANO,"99,9","1,1",Reagentes Especiais,Óxidos e Peróxidos
D08371RA,DIMETILSULFOXIDO (DMSO) PA ACS 1L," R$  132,68 ","0,00%",67-68-5,2930.90.99,NAO,N,N,N,N,-,-,6 - ANO,"99,9","1,1",Reagentes Especiais,Óxidos e Peróxidos
D06405RA,DIMETILSULFOXIDO UV/HPLC PLUS 1L," R$  369,62 ","0,00%",67-68-5,2930.90.99,NAO,N,N,N,N,-,-,6 - ANO,"99,7","1,1",Reagentes Especiais,Óxidos e Peróxidos
D04260RA,DIMETILSULFOXIDO UV/HPLC PLUS 4L," R$  1.325,26 ","0,00%",67-68-5,2930.90.99,NAO,N,N,N,N,-,-,6 - ANO,"99,7","1,1",Reagentes Especiais,Óxidos e Peróxidos
DA04591RA,DINUCLEOTIDEO DE ADENINA B-NICOTINAMIDA 25G," R$  2.752,34 ","0,00%",53-84-9,2936.29.90,NAO,N,N,N,N,-,-,6 - ANO,93,1,Compostos Orgânicos,Diversos
DA04509RA,DINUCLEOTIDEO DE ADENINA B-NICOTINAMIDA 5G," R$  617,46 ","0,00%",53-84-9,2936.29.90,NAO,N,N,N,N,-,-,6 - ANO,93,1,Compostos Orgânicos,Diversos
D07350RA,"DIOXANO 1,4 PA ACS 1L"," R$  135,26 ","0,00%",123-91-1,2932.99.99,NAO,N,N,N,N,1165,3,6 - ANO,99,"1,03",Compostos Orgânicos,Diversos
DS06936RA,DIOXIDO DE SILICIO COLOIDAL(AEROSIL-200) 100G," R$  15,97 ","0,00%",60676-86-0,2811.22.90,NAO,N,N,N,N,-,-,6 - ANO,96,"2,2",Reagentes Especiais,Óxidos e Peróxidos
DS05271RA,DIOXIDO DE SILICIO COLOIDAL(AEROSIL-200) 1KG," R$  43,83 ","0,00%",60676-86-0,2811.22.90,NAO,N,N,N,N,-,-,6 - ANO,96,"2,2",Reagentes Especiais,Óxidos e Peróxidos
DM04348RA,DISSULFETO DE MOLIBDENIO PA 100G," R$  199,00 ","0,00%",1317-33-5,2830.90.19,NAO,N,N,N,N,-,-,6 - ANO,97,"5,06",Sais Inorgânicos,Outros Sais
DM04346RA,DISSULFETO DE MOLIBDENIO PA 1KG," R$  3.219,80 ","0,00%",1317-33-5,2830.90.19,NAO,N,N,N,N,-,-,6 - ANO,97,"5,06",Sais Inorgânicos,Outros Sais
DM04347RA,DISSULFETO DE MOLIBDENIO PA 500G," R$  796,00 ","0,00%",1317-33-5,2830.90.19,NAO,N,N,N,N,-,-,6 - ANO,97,"5,06",Sais Inorgânicos,Outros Sais
DS05415RA,DITIONITO DE SODIO PURO 500G," R$  22,57 ","0,00%",7775-14-6,2831.10.11,NAO,N,N,N,N,1384,4.2,4 - ANO,88,"2,19",Metais,Metais Alcalinos e Alcalino-Terrosos
D05616RA,"DITIOTREITOL 1,4 (DTT) 25GR"," R$  1.699,89 ","0,00%",3483-12-3,2930.90.99,NAO,N,N,N,N,-,-,6 - ANO,98,1,Compostos Orgânicos,Diversos
D05452RA,"DITIOTREITOL 1,4 (DTT) 5GR"," R$  425,15 ","0,00%",3483-12-3,2930.90.99,NAO,N,N,N,N,-,-,6 - ANO,98,1,Compostos Orgânicos,Diversos
D06312RA,DITIZONA PA ACS 25G," R$  229,46 ","0,00%",60-10-6,2930.90.99,NAO,N,N,N,N,-,-,6 - ANO,85,1,Compostos Orgânicos,Diversos
D07307RA,DITIZONA PA ACS 5G," R$  55,15 ","0,00%",60-10-6,2930.90.99,NAO,N,N,N,N,-,-,6 - ANO,85,1,Compostos Orgânicos,Diversos
DO08861SO,"DITIZONA SOL.0,1% 500ML"," R$  50,89 ","0,00%",60-10-6,2930.90.23,NAO,N,N,N,N,1170,3,4 - ANO,"0,1","0,87",Compostos Orgânicos,Diversos
DS03337RA,DOCUSATO DE SODIO 99% PA 100G," R$  431,25 ","0,00%",577-11-7,2917.19.90,NAO,N,N,N,N,-,-,6 - ANO,99,"1,46",Metais,Metais Alcalinos e Alcalino-Terrosos
DS05679RA,DOCUSATO DE SODIO 99% PA 25G," R$  154,27 ","0,00%",577-11-7,2917.19.90,NAO,N,N,N,N,-,-,6 - ANO,99,"1,13",Metais,Metais Alcalinos e Alcalino-Terrosos
DS03779RA,DOCUSATO DE SODIO 99% PA 500G," R$  1.980,88 ","0,00%",577-11-7,2917.19.90,NAO,N,N,N,N,-,-,6 - ANO,99,"1,13",Metais,Metais Alcalinos e Alcalino-Terrosos
D05678RA,DODECANO-N 99% 100ML," R$  593,61 ","0,00%",112-40-3,2901.10.00,NAO,N,N,N,N,1993,3,6 - ANO,99,"0,75",Compostos Orgânicos,Diversos
D05615RA,DODECANO-N 99% 1L," R$  5.862,00 ","0,00%",112-40-3,2901.10.00,NAO,N,N,N,N,1993,3,6 - ANO,99,"0,75",Compostos Orgânicos,Diversos
DS05746SO,DODECIL SULFATO DE SODIO 10% 1L," R$  48,15 ","0,00%",151-21-3,2920.90.49,NAO,N,N,N,N,1325,4.1,4 - ANO,10,1,Sais Inorgânicos,Sulfatos e Sulfitos
DA04589SO,DORNIK SOL. ALCALINA 1L," R$  11,29 ","0,00%",1310-73-2,3204.12.20,NAO,N,N,N,N,-,-,2 - ANO,"0,38","0,98",Compostos Orgânicos,Diversos
DO06082RA,"DPD OXALATO (N,N -DIETIL - P - FENILENODIAMINA OXALATO ) PA 25G"," R$  194,26 ","0,00%",62637-92-7,2921.51.90,NAO,N,N,N,N,2211,6.1,6 - ANO,85,1,Sais Inorgânicos,Outros Sais
O05450RA,"DPD OXALATO (N,N-DIMETIL-1,4-FENILENODIAMINA OXALATO) PA 25G"," R$  799,36 ","0,00%",62778-12-5,2921.51.90,NAO,N,N,N,N,2211,6.1,6 - ANO,98,1,Sais Inorgânicos,Outros Sais
O05451RA,"DPD OXALATO (N,N-DIMETIL-1,4-FENILENODIAMINA OXALATO) PA 5G"," R$  199,72 ","0,00%",62778-12-5,2921.51.90,NAO,N,N,N,N,2211,6.1,6 - ANO,98,1,Sais Inorgânicos,Outros Sais
DS08015RA,"DPD SULFATO (N,N -DIETIL - P - FENILENODIAMINA SULFATO) 98% PA 100G"," R$  286,75 ","0,00%",6283-63-2,2833.11.10,NAO,N,N,N,N,-,-,6 - ANO,98,1,Sais Inorgânicos,Sulfatos e Sulfitos
DS06269RA,"DPD SULFATO (N,N -DIETIL - P - FENILENODIAMINA SULFATO) 98% PA 25G"," R$  90,24 ","0,00%",6283-63-2,2921.51.90,NAO,N,N,N,N,-,-,6 - ANO,98,1,Sais Inorgânicos,Sulfatos e Sulfitos
DS04873RA,"DPD SULFATO (N,N -DIETIL - P - FENILENODIAMINA SULFATO) 99,5% IR 25G"," R$  311,55 ","0,00%",6283-63-2,2921.51.90,NAO,N,N,N,N,-,-,6 - ANO,"99,5",1,Sais Inorgânicos,Sulfatos e Sulfitos
DP07389RA,DULCITOL PURISSIMO 25G," R$  95,68 ","0,00%",608-66-2,3822.90.00,NAO,N,N,N,N,-,-,6 - ANO,98,1,Compostos Orgânicos,Diversos
E06273RA,ECOL (METOL) PA ACS 100G," R$  89,73 ","0,00%",55-55-0,2922.29.90,NAO,N,N,N,N,3077,9,6 - ANO,99,1,Compostos Orgânicos,Diversos
E06272RA,ECOL (METOL) PA ACS 250G," R$  227,25 ","0,00%",55-55-0,2922.29.90,NAO,N,N,N,N,3077,9,6 - ANO,99,1,Compostos Orgânicos,Diversos
E08082RA,EDTA ACIDO PA 500G," R$  28,32 ","0,00%",60-00-4,2922.49.20,NAO,N,N,N,N,-,-,6 - ANO,98,"0,08",Ácidos e Bases,Ácidos
EC05360RA,EDTA CALCIO E SODIO DIHIDRATADO PA 100G," R$  39,59 ","0,00%",23411-34-9,2922.49.20,NAO,N,N,N,N,-,-,6 - ANO,98,1,Reagentes Especiais,EDTA e Complexantes
EC05359RA,EDTA CALCIO E SODIO DIHIDRATADO PA 1KG," R$  292,28 ","0,00%",23411-34-9,2922.49.20,NAO,N,N,N,N,-,-,6 - ANO,98,1,Reagentes Especiais,EDTA e Complexantes
ET04877SO,"EDTA DISSODICO 65G/L (ZINC REAGENTE 0,5% )250ML"," R$  65,40 ","0,00%",6381-92-6,2922.49.20,NAO,N,N,N,N,-,-,4 - ANO,"6,5",1,Reagentes Especiais,EDTA e Complexantes
EF07368RA,EDTA FERRICO E SODICO (3H2O) PA 100G," R$  29,14 ","0,00%",15708-41-5,2922.49.20,NAO,N,N,N,N,-,-,6 - ANO,0,"1,78",Reagentes Especiais,EDTA e Complexantes
EF06586RA,EDTA FERRICO E SODICO (3H2O) PA 1KG," R$  227,67 ","0,00%",15708-41-5,2922.49.20,NAO,N,N,N,N,-,-,6 - ANO,0,"1,78",Reagentes Especiais,EDTA e Complexantes
EF06588RA,EDTA FERRICO E SODICO (3H2O) PA 250G," R$  63,70 ","0,00%",15708-41-5,2922.49.20,NAO,N,N,N,N,-,-,6 - ANO,0,"1,78",Reagentes Especiais,EDTA e Complexantes
EF06587RA,EDTA FERRICO E SODICO (3H2O) PA 500G," R$  122,50 ","0,00%",15708-41-5,2922.49.20,NAO,N,N,N,N,-,-,6 - ANO,0,"1,78",Reagentes Especiais,EDTA e Complexantes
E06796RA,EDTA SAL DIPOTASSICO PA 100G," R$  98,69 ","0,00%",25102-12-9,2922.49.20,NAO,N,N,N,N,,,6 - ANO,98,1,Reagentes Especiais,EDTA e Complexantes
E08073RA,EDTA SAL DISSODICO 2H2O PA ACS 1KG," R$  60,29 ","0,00%",6381-92-6,2922.49.20,NAO,N,N,N,N,-,-,6 - ANO,99,1,Reagentes Especiais,EDTA e Complexantes
E09869RA,EDTA SAL DISSODICO 2H2O PA ACS 500G," R$  34,18 ","0,00%",6381-92-6,2922.49.20,NAO,N,N,N,N,-,-,6 - ANO,99,1,Reagentes Especiais,EDTA e Complexantes
E06618RA,EDTA SAL MAGNESIO E DISSODICO PA 100G," R$  425,66 ","0,00%",14402-88-1,2922.49.20,NAO,N,N,N,N,-,-,6 - ANO,98,1,Reagentes Especiais,EDTA e Complexantes
E06499RA,EDTA SAL TETRASSODICO 3H2O PA 1KG," R$  46,80 ","0,00%",194491-31-1,2922.49.20,NAO,N,N,N,N,-,-,6 - ANO,99,1,Reagentes Especiais,EDTA e Complexantes
E07835RA,EDTA SAL TETRASSODICO 3H2O PA 500G," R$  25,86 ","0,00%",194491-31-1,2922.49.20,NAO,N,N,N,N,-,-,6 - ANO,99,1,Reagentes Especiais,EDTA e Complexantes
E05426RA,EDTA SAL TRISSODICO PA 250G," R$  41,58 ","0,00%",150-38-9,2922.49.20,NAO,N,N,N,N,-,-,6 - ANO,98,"1,77",Reagentes Especiais,EDTA e Complexantes
E05425RA,EDTA SAL TRISSODICO PA 500G," R$  67,71 ","0,00%",150-38-9,2922.49.20,NAO,N,N,N,N,-,-,6 - ANO,98,"1,77",Reagentes Especiais,EDTA e Complexantes
E07845SO,"EDTA SOL.0,001M (0,002N) 1L"," R$  14,99 ","0,00%",6381-92-6,2922.49.20,NAO,N,N,N,N,-,-,2 - ANO,"0,03",1,Reagentes Especiais,EDTA e Complexantes
E08857SO,"EDTA SOL.0,0025M (0,005N) 1L"," R$  14,99 ","0,00%",6381-92-6,2922.49.20,NAO,N,N,N,N,-,-,2 - ANO,"0,09",1,Reagentes Especiais,EDTA e Complexantes
E06741SO,"EDTA SOL.0,005M (0,01N) AQUOSA 1L"," R$  14,99 ","0,00%",6381-92-6,2922.49.20,NAO,N,N,N,N,-,-,2 - ANO,"0,18",1,Reagentes Especiais,EDTA e Complexantes
E08858SO,"EDTA SOL.0,0145M (0,029N) 1L"," R$  14,99 ","0,00%",6381-92-6,2922.49.20,NAO,N,N,N,N,-,-,2 - ANO,"0,54",1,Reagentes Especiais,EDTA e Complexantes
E08855SO,"EDTA SOL.0,01M (0,02N) 1L"," R$  14,99 ","0,00%",6381-92-6,2922.49.20,NAO,N,N,N,N,-,-,2 - ANO,"0,37",1,Reagentes Especiais,EDTA e Complexantes
E08854SO,"EDTA SOL.0,01N (0,005M) 1L"," R$  26,52 ","0,00%",6381-92-6,2922.49.20,NAO,N,N,N,N,-,-,2 - ANO,"0,18",1,Reagentes Especiais,EDTA e Complexantes
E08853SO,"EDTA SOL.0,0575M (0,115N) 1L"," R$  14,99 ","0,00%",6381-92-6,2922.49.20,NAO,N,N,N,N,-,-,2 - ANO,"2,14",1,Reagentes Especiais,EDTA e Complexantes
E08852SO,"EDTA SOL.0,05M (0,1N) 1L"," R$  14,99 ","0,00%",6381-92-6,2922.49.20,NAO,N,N,N,N,-,-,2 - ANO,"1,86",1,Reagentes Especiais,EDTA e Complexantes
E02991SO,"EDTA SOL.0,05M (0,1N) VS 1L"," R$  14,99 ","0,00%",6381-92-6,2922.49.20,NAO,N,N,N,N,-,-,2 - ANO,"0,18",1,Reagentes Especiais,EDTA e Complexantes
E05370SO,"EDTA SOL.0,05N (0,025M) 1L"," R$  14,99 ","0,00%",6381-92-6,2922.49.20,NAO,N,N,N,N,-,-,2 - ANO,"0,93",1,Reagentes Especiais,EDTA e Complexantes
E06207SO,"EDTA SOL.0,06M (0,12N) 1L"," R$  14,99 ","0,00%",6381-92-6,2922.49.20,NAO,N,N,N,N,-,-,2 - ANO,"2,23",1,Reagentes Especiais,EDTA e Complexantes
E09483SO,"EDTA SOL.0,1M (0,2N) 1L"," R$  14,99 ","0,00%",6381-92-6,2922.49.20,NAO,N,N,N,N,-,-,2 - ANO,"3,72",1,Reagentes Especiais,EDTA e Complexantes
E08850SO,"EDTA SOL.0,2M (0,4N) 1L"," R$  22,12 ","0,00%",6381-92-6,2922.49.20,NAO,N,N,N,N,-,-,2 - ANO,"7,45",1,Reagentes Especiais,EDTA e Complexantes
E06072SO,"EDTA SOL.0,5M ( PH8 ) ESPEC. 500ML"," R$  39,16 ","0,00%",6381-92-6,2922.49.20,NAO,N,N,N,N,-,-,2 - ANO,"18,6",1,Reagentes Especiais,EDTA e Complexantes
E08848SO,"EDTA SOL.0,5N (0,25M) 1L"," R$  22,12 ","0,00%",6381-92-6,2922.49.20,NAO,N,N,N,N,-,-,2 - ANO,"9,3",1,Reagentes Especiais,EDTA e Complexantes
E04363SO,EDTA SOL.10% AQUOSA 1L," R$  29,99 ","0,00%",6381-92-6,2922.49.20,NAO,N,N,N,N,-,-,4 - ANO,10,1,Reagentes Especiais,EDTA e Complexantes
E08847SO,EDTA SOL.1M (2N) 1L," R$  22,12 ","0,00%",6381-92-6,2922.49.20,NAO,N,N,N,N,-,-,2 - ANO,"37,5","1,08",Reagentes Especiais,EDTA e Complexantes
E04480SO,"EDTA SOL.2,5% 1L"," R$  22,16 ","0,00%",6381-92-6,2922.49.20,NAO,N,N,N,N,-,-,4 - ANO,"2,5",1,Reagentes Especiais,EDTA e Complexantes
E08846SO,EDTA SOL.2% ANTICOAGULANTE 1L," R$  18,25 ","0,00%",6381-92-6,2922.49.20,NAO,N,N,N,N,-,-,4 - ANO,2,1,Reagentes Especiais,EDTA e Complexantes
E07181SO,EDTA SOL.4% EM MEIO AQUOSO 1L," R$  25,66 ","0,00%",6381-92-6,2922.49.20,NAO,N,N,N,N,-,-,4 - ANO,4,1,Reagentes Especiais,EDTA e Complexantes
E03521SO,EDTA SOL.5% AQUOSO 1L	," R$  25,66 ","0,00%",6381-92-6,2922.49.20,NAO,N,N,N,N,-,-,4 - ANO,5,1,Reagentes Especiais,EDTA e Complexantes
EU08844SO,EHRLICH UROBILINOGENIO 1L," R$  42,50 ","0,00%",-,2922.49.20,NAO,N,N,N,N,1760,8,2 - ANO,0,1,Compostos Orgânicos,Diversos
EA09229RA,EOSINA AMARELADA Y (CI.45380) 100G," R$  114,10 ","0,00%",17372-87-1,3822.90.00,NAO,N,N,N,N,-,-,4 - ANO,95,"1,02",Indicadores,Indicadores e Corantes
EA09228RA,EOSINA AMARELADA Y (CI.45380) 25G," R$  32,25 ","0,00%",17372-87-1,3822.90.00,NAO,N,N,N,N,-,-,4 - ANO,95,"1,02",Indicadores,Indicadores e Corantes
EA09540RA,EOSINA AZUL DE METILENO GIEMSA 100G," R$  382,12 ","0,00%",51811-82-6,3822.90.00,NAO,N,N,N,N,-,-,4 - ANO,0,1,Indicadores,Indicadores e Corantes
EA09643RA,EOSINA AZUL DE METILENO GIEMSA 25G," R$  103,20 ","0,00%",51811-82-6,3822.90.00,NAO,N,N,N,N,-,-,4 - ANO,0,1,Indicadores,Indicadores e Corantes
EA07297RA,EOSINA AZUL DE METILENO LEISHMAN 100G," R$  269,07 ","0,00%",12627-53-1,3822.90.00,NAO,N,N,N,N,-,-,4 - ANO,0,1,Indicadores,Indicadores e Corantes
EA07298RA,EOSINA AZUL DE METILENO LEISHMAN 25G," R$  76,26 ","0,00%",12627-53-1,3822.90.00,NAO,N,N,N,N,-,-,4 - ANO,0,1,Indicadores,Indicadores e Corantes
EA06570RA,EOSINA AZUL DE METILENO M.GRUNWALD 100G," R$  166,55 ","0,00%",62851-42-7,3822.90.00,NAO,N,N,N,N,-,-,4 - ANO,0,1,Indicadores,Indicadores e Corantes
EA08180RA,EOSINA AZUL DE METILENO M.GRUNWALD 25G," R$  43,55 ","0,00%",62851-42-7,3822.90.00,NAO,N,N,N,N,-,-,4 - ANO,0,1,Indicadores,Indicadores e Corantes
EA08108RA,EOSINA AZUL DE METILENO WRIGHT 100G," R$  225,84 ","0,00%",68988-92-1,3822.90.00,NAO,N,N,N,N,-,-,4 - ANO,0,1,Indicadores,Indicadores e Corantes
EA08109RA,EOSINA AZUL DE METILENO WRIGHT 25G," R$  62,15 ","0,00%",68988-92-1,3822.90.00,NAO,N,N,N,N,-,-,4 - ANO,0,1,Indicadores,Indicadores e Corantes
EB06299RA,EOSINA B CD CERTIF 5G," R$  217,60 ","0,00%",56360-46-4,3822.90.00,NAO,N,N,N,N,-,-,4 - ANO,0,1,Indicadores,Indicadores e Corantes
E04155RA,EPICLORIDRINA PA 1L," R$  210,29 ","0,00%",106-89-8,2910.30.00,NAO,N,N,N,N,2023,6.1(3),6 - ANO,99,"1,17",Compostos Orgânicos,Diversos
E07282RA,ERIOCROMOCIANINA 25G," R$  284,99 ","6,50%",3564-18-9,3212.90.90,SIM,N,N,N,N,-,-,4 - ANO,0,1,Compostos Orgânicos,Diversos
E04682RA,ERITRITOL PUREX 100G," R$  1.389,45 ","0,00%",149-32-6,2940.00.99,NAO,N,N,N,N,-,-,6 - ANO,"99,5","1,45",Compostos Orgânicos,Diversos
E04683RA,ERITRITOL PUREX 25G," R$  166,48 ","0,00%",149-32-6,2940.00.99,NAO,N,N,N,N,-,-,6 - ANO,99,"1,45",Compostos Orgânicos,Diversos
E08659RA,ERITROSINA B (CI.45430) 25G," R$  78,48 ","0,00%",16423-68-0,3822.90.00,NAO,N,N,N,N,3077,9,4 - ANO,80,"0,67",Compostos Orgânicos,Diversos
E07750RA,ESCARLAT BIEBRICH (CI.26905) 25G," R$  111,61 ","0,00%",4196-99-0,3822.90.00,NAO,N,N,N,N,-,-,4 - ANO,70,1,Compostos Orgânicos,Diversos
EG09820RA,ESTANHO GRANULADO (20 MESH) PA 250G," R$  99,50 ","0,00%",7440-31-5,2609.00.00,NAO,N,N,N,N,-,-,6 - ANO,"99,5","7,31",Metais,Metais de Transição e Outros
EC04518RA,ESTEARATO DE CALCIO PA 1KG," R$  125,46 ","0,00%",1592-23-0,2915.70.39,NAO,N,N,N,N,-,-,6 - ANO,0,"1,12",Metais,Metais Alcalinos e Alcalino-Terrosos
EC04532RA,ESTEARATO DE CALCIO PA 500G," R$  75,15 ","0,00%",1592-23-0,2915.70.39,NAO,N,N,N,N,-,-,6 - ANO,0,"1,12",Metais,Metais Alcalinos e Alcalino-Terrosos
EM09530RA,ESTEARATO DE MAGNESIO PA 500G," R$  104,30 ","0,00%",557-04-0,2915.70.39,NAO,N,N,N,N,-,-,6 - ANO,90,"1,02",Metais,Metais Alcalinos e Alcalino-Terrosos
ES03563RA,ESTEARATO DE SODIO PA 250G," R$  68,25 ","0,00%",822-16-2,2915.70.39,NAO,N,N,N,N,-,-,6 - ANO,0,"1,07",Metais,Metais Alcalinos e Alcalino-Terrosos
ES03562RA,ESTEARATO DE SODIO PA 500G," R$  98,25 ","0,00%",822-16-2,2915.70.39,NAO,N,N,N,N,-,-,6 - ANO,0,"1,07",Metais,Metais Alcalinos e Alcalino-Terrosos
EZ03430RA,ESTEARATO DE ZINCO PA 1KG," R$  219,89 ","0,00%",557-05-1,2915.70.39,NAO,N,N,N,N,3077,9,6 - ANO,0,1,Metais,Metais de Transição e Outros
EZ03372RA,ESTEARATO DE ZINCO PA 500G," R$  134,15 ","0,00%",557-05-1,2915.70.39,NAO,N,N,N,N,3077,9,6 - ANO,0,1,Metais,Metais de Transição e Outros
ED06270RA,ETER DI-ISOPROPILICO PA 1L," R$  285,12 ","0,00%",108-20-3,2909.44.11,NAO,N,N,N,N,1159,3,6 - ANO,99,"0,72",Solventes e Água,Solventes
EI05821SO,ETER ISOPROPANOL SOL. 1:1 500ML," R$  41,29 ","0,00%",-,2207.10.10,NAO,N,N,N,N,1993,3,2 - ANO,99,1,Solventes e Água,Solventes
MB05853RA,ETER METIL TERC-BUTILICO PA ACS 1L," R$  143,22 ","0,00%",1634-04-4,2909.19.10,NAO,N,N,N,N,2398,3,6 - ANO,99,"0,74",Solventes e Água,Solventes
E08388SO,ETILENODIAMINA CUPRICA SOLUCAO 1L," R$  536,75 ","0,00%",14552-35-3,2921.21.00,NAO,N,N,N,N,1761,8(6.1),4 - ANO,0,"1,08",Compostos Orgânicos,Diversos
E05849RA,ETILENODIAMINA PA 1L," R$  98,89 ","0,00%",107-15-3,2921.21.00,NAO,N,N,N,N,1604,8(3),6 - ANO,98,"0,89",Compostos Orgânicos,Diversos
E09962RA,EUGENOL PURISSIMO 100ML," R$  310,81 ","0,00%",97-53-0,2909.50.12,NAO,N,N,N,N,-,-,6 - ANO,98,"1,06",Compostos Orgânicos,Diversos
EL04113RA,EXTRATO DE LEVEDURA 1KG," R$  67,49 ","0,00%",8013-01-2,3504.00.11,NAO,N,N,N,N,-,-,4 - ANO,0,1,Compostos Orgânicos,Diversos
EL04211RA,EXTRATO DE LEVEDURA 500G," R$  51,15 ","0,00%",8013-01-2,3504.00.11,NAO,N,N,N,N,-,-,4 - ANO,0,1,Compostos Orgânicos,Diversos
EM04091RA,EXTRATO DE MALTE PA 1KG," R$  53,46 ","0,00%",8002-48-0,1901.90.10,NAO,N,N,N,N,-,-,4 - ANO,0,"0,3",Compostos Orgânicos,Diversos
FB03972RA,FAST BLUE B (CI.37235) 10G," R$  952,12 ","0,00%",14263-94-6,3822.90.00,NAO,N,N,N,N,,,4 - ANO,0,"1,07",Compostos Orgânicos,Diversos
FB05199RA,FAST BLUE B 25G," R$  2.180,33 ","0,00%",14263-94-6,3822.90.00,NAO,N,N,N,N,-,-,4 - ANO,0,1,Compostos Orgânicos,Diversos
FO06558RA,"FENANTROLINA-ORTO 1,10 PA ACS 10G"," R$  85,46 ","0,00%",5144-89-8,2933.99.99,NAO,N,N,N,N,2811,6.1,6 - ANO,0,1,Compostos Orgânicos,Diversos
FO09985RA,"FENANTROLINA-ORTO 1,10 PA ACS 25G"," R$  195,10 ","0,00%",5144-89-8,2933.99.99,NAO,N,N,N,N,2811,6.1,6 - ANO,0,1,Compostos Orgânicos,Diversos
OF08706SO,"FENANTROLINA-ORTO SOL.0,1% ALCOOLICA 1L"," R$  25,16 ","0,00%",5144-89-8,2933.99.99,NAO,N,N,N,N,1992,6.1,4 - ANO,1,"0,88",Solventes e Água,Solventes
F09593RA,FENILALANINA-L PA 100G," R$  28,76 ","0,00%",63-91-2,2921.44.10,NAO,N,N,N,N,-,-,6 - ANO,"98,5","1,34",Compostos Orgânicos,Aminoácidos
F05410RA,FENILALANINA-L PA 1KG," R$  241,16 ","0,00%",63-91-2,2921.44.10,NAO,N,N,N,N,-,-,6 - ANO,"98,5","1,34",Compostos Orgânicos,Aminoácidos
F09580RA,FENILALANINA-L PA 25G," R$  17,25 ","0,00%",63-91-2,2921.44.10,NAO,N,N,N,N,-,-,6 - ANO,"98,5","1,34",Compostos Orgânicos,Aminoácidos
F06229RA,FENILTIOCARBAMIDA (FENILTIOUREIA) PA 5G," R$  447,00 ","0,00%",103-85-5,2930.90.99,NAO,N,N,N,N,2811,6.1,6 - ANO,96,"1,3",Compostos Orgânicos,Diversos
F09868RA,FENOLFTALEINA PA ACS (CI.764) 100G," R$  43,83 ","0,00%",77-09-8,2932.20.00,NAO,N,N,N,N,-,-,6 - ANO,0,"1,27",Indicadores,Indicadores e Corantes
F07780RA,FENOLFTALEINA PA ACS (CI.764) 1KG," R$  366,66 ","0,00%",77-09-8,2932.20.00,NAO,N,N,N,N,-,-,6 - ANO,0,"1,27",Indicadores,Indicadores e Corantes
F09867RA,FENOLFTALEINA PA ACS (CI.764) 250G," R$  94,25 ","0,00%",77-09-8,2932.20.00,NAO,N,N,N,N,-,-,6 - ANO,0,"1,27",Indicadores,Indicadores e Corantes
F09835RA,FENOLFTALEINA PA ACS (CI.764) 25G," R$  18,45 ","0,00%",77-09-8,2932.20.00,NAO,N,N,N,N,-,-,6 - ANO,0,"1,27",Indicadores,Indicadores e Corantes
F04938RA,FENOLFTALEINA PA ACS (CI.764) 500G," R$  187,08 ","0,00%",77-09-8,2932.20.00,NAO,N,N,N,N,-,-,6 - ANO,0,"1,27",Indicadores,Indicadores e Corantes
F04940SO,"FENOLFTALEINA SOL.0,1% ALCOOLICA 1L"," R$  20,93 ","0,00%",77-09-8,2932.20.00,NAO,N,N,N,N,1170,3,4 - ANO,"0,1","0,84",Indicadores,Indicadores e Corantes
F04939SO,"FENOLFTALEINA SOL.0,5% ALCOOLICA 1L"," R$  20,93 ","0,00%",77-09-8,2932.20.00,NAO,N,N,N,N,1170,3,4 - ANO,"0,5","0,88",Indicadores,Indicadores e Corantes
F09785SO,FENOLFTALEINA SOL.1% ALCOOLICA 1L," R$  20,93 ","0,00%",77-09-8,2932.20.00,NAO,N,N,N,N,1170,3,4 - ANO,1,"0,87",Indicadores,Indicadores e Corantes
F08842SO,FENOLFTALEINA SOL.2% ALCOOLICA 1L," R$  20,93 ","0,00%",77-09-8,2932.20.00,NAO,N,N,N,N,1170,3,4 - ANO,2,"0,87",Indicadores,Indicadores e Corantes
FR09181RA,FERRO REDUZIDO PO PA 1KG," R$  55,85 ","3,25%",7439-89-6,7205.29.10,NAO,N,N,N,N,3178,4.1,6 - ANO,99,"7,87",Metais,Metais de Transição e Outros
FR04704RA,FERRO REDUZIDO PO PA 500G," R$  30,52 ","3,25%",7439-89-6,7205.29.10,NAO,N,N,N,N,3178,4.1,6 - ANO,99,"7,87",Metais,Metais de Transição e Outros
F06534RA,FERROCENO 98% PA 100G," R$  260,24 ","0,00%",102-54-5,2931.90.90,NAO,N,N,N,N,1325,4.1,6 - ANO,98,"1,49",Compostos Orgânicos,Diversos
F04508RA,FERROCENO 98% PA 500G," R$  585,10 ","0,00%",102-54-5,2931.90.90,NAO,N,N,N,N,1325,4.1,6 - ANO,98,"1,49",Compostos Orgânicos,Diversos
F08837SO,FERROINA 1/40M 100ML," R$  19,90 ","0,00%",14634-91-4,2601.11.00,NAO,N,N,N,N,-,-,2 - ANO,0,1,Compostos Orgânicos,Diversos
F08836SO,FERROINA 1/40M 1L," R$  149,25 ","0,00%",14634-91-4,2601.11.00,NAO,N,N,N,N,-,-,2 - ANO,0,1,Compostos Orgânicos,Diversos
FB08835SO,FIXADOR BOUIN SOL. AQUOSA 1L," R$  209,59 ","0,00%",-,2828.90.11,NAO,N,N,N,N,2922,8(6.1),4 - ANO,0,1,Compostos Orgânicos,Diversos
B07672SO,FIXADOR BOUIN SOL. AQUOSA 250ML," R$  124,36 ","0,00%",-,2850.00.90,NAO,N,N,N,N,2929,6.1(3),2 - ANO,0,"1,07",Compostos Orgânicos,Diversos
F08467RA,FLOROGLUCINOL (FLUROGLUCINA) 2H2O PA 25G," R$  140,54 ","0,00%",6099-90-7,2826.19.90,NAO,N,N,N,N,-,-,6 - ANO,99,1,Compostos Orgânicos,Diversos
F07399RA,FLOXINA B (CI.45410) 25G," R$  105,45 ","0,00%",18472-87-2,3822.90.00,NAO,N,N,N,N,-,-,4 - ANO,0,1,Compostos Orgânicos,Diversos
FA05336RA,FLUORESCEINA ACIDA (CI.43350) 25G," R$  33,21 ","0,00%",2321-07-5,3822.90.00,NAO,N,N,N,N,-,-,4 - ANO,0,1,Compostos Orgânicos,Diversos
FS08003RA,FLUORESCEINA SODICA PA (CI.45350) 100G," R$  54,76 ","0,00%",518-47-8,3822.90.00,NAO,N,N,N,N,-,-,6 - ANO,0,"0,78",Compostos Orgânicos,Diversos
FS06036RA,FLUORESCEINA SODICA PA (CI.45350) 1KG," R$  380,46 ","0,00%",518-47-8,3822.90.00,NAO,N,N,N,N,-,-,6 - ANO,0,"0,78",Compostos Orgânicos,Diversos
FS07933RA,FLUORESCEINA SODICA PA (CI.45350) 25G," R$  19,77 ","0,00%",518-47-8,3822.90.00,NAO,N,N,N,N,-,-,6 - ANO,0,"0,78",Compostos Orgânicos,Diversos
FA05032RA,FLUORETO DE ALUMINIO PA 100G," R$  4.759,02 ","0,00%",7784-18-1,2826.12.00,NAO,N,N,N,N,-,-,6 - ANO,"99,8","3,1",Sais Inorgânicos,"Brometos, Iodetos e Fluoretos"
FA05031RA,FLUORETO DE ALUMINIO PA 25G," R$  1.488,09 ","0,00%",7784-18-1,2826.12.00,NAO,N,N,N,N,-,-,6 - ANO,"99,8","3,1",Sais Inorgânicos,"Brometos, Iodetos e Fluoretos"
FA05197RA,FLUORETO DE AMONIO PA 500GR," R$  63,37 ","0,00%",12125-01-8,2826.19.90,NAO,N,N,N,N,2505,6.1,6 - ANO,98,"1,01",Sais Inorgânicos,"Brometos, Iodetos e Fluoretos"
FC05455RA,FLUORETO DE CALCIO PUREX 100G," R$  253,65 ","0,00%",7789-75-5,2826.19.90,NAO,N,N,N,N,-,-,6 - ANO,96,"3,18",Sais Inorgânicos,"Brometos, Iodetos e Fluoretos"
FE05879RA,FLUORETO DE ESTANHO PA 100G," R$  99,50 ","0,00%",7783-47-3,3825.30.00,NAO,N,N,N,N,2923,8,2 - ANO,"74,6","4,57",Sais Inorgânicos,"Brometos, Iodetos e Fluoretos"
FE05724RA,FLUORETO DE ESTANHO PA 500G," R$  348,25 ","0,00%",7783-47-3,3825.30.00,NAO,N,N,N,N,2923,8,2 - ANO,"74,6","4,57",Sais Inorgânicos,"Brometos, Iodetos e Fluoretos"
FL05380RA,FLUORETO DE LITIO PA 100G," R$  696,50 ","0,00%",7789-24-4,2826.19.90,NAO,N,N,N,N,3288,6.1,6 - ANO,98,"2,64",Sais Inorgânicos,"Brometos, Iodetos e Fluoretos"
FL07879RA,FLUORETO DE LITIO PA 250G," R$  1.399,90 ","0,00%",7789-24-4,2826.19.90,NAO,N,N,N,N,3288,6.1,6 - ANO,98,"2,64",Sais Inorgânicos,"Brometos, Iodetos e Fluoretos"
FL05381RA,FLUORETO DE LITIO PA 25G," R$  255,45 ","0,00%",7789-24-4,2826.19.90,NAO,N,N,N,N,3288,6.1,6 - ANO,98,"2,64",Sais Inorgânicos,"Brometos, Iodetos e Fluoretos"
FT05643RA,FLUORETO DE TETRABUTILAMONIO TRIHIDRATADO PA 25G," R$  751,14 ","0,00%",87749-50-6,2923.90.90,NAO,N,N,N,N,-,-,6 - ANO,99,1,Sais Inorgânicos,"Brometos, Iodetos e Fluoretos"
FZ05030RA,FLUORETO DE ZINCO PA 100G," R$  810,83 ","0,00%",7783-49-5,2826.19.90,NAO,N,N,N,N,-,-,6 - ANO,62,"4,9",Sais Inorgânicos,"Brometos, Iodetos e Fluoretos"
FZ05029RA,FLUORETO DE ZINCO PA 25G," R$  266,82 ","0,00%",7783-49-5,2826.19.90,NAO,N,N,N,N,-,-,6 - ANO,62,"4,9",Sais Inorgânicos,"Brometos, Iodetos e Fluoretos"
FS01967RA,FLUORSILICATO DE SODIO 25KG," R$  756,00 ",,16893-85-9,2826.90.20,#N/A,N,N,N,N,2674,6.1,6 - ANO,99,"2,68",Sais Inorgânicos,Boratos e Silicatos
FS08333RA,FLUORSILICATO DE SODIO 500G," R$  29,82 ","0,00%",16893-85-9,2826.90.20,NAO,N,N,N,N,2674,6.1,6 - ANO,99,"2,68",Sais Inorgânicos,Boratos e Silicatos
FC09272SO,FOLIN CIOCALTEU FENOL 2M 100ML," R$  75,15 ","0,00%",-,3822.90.00,NAO,N,N,N,N,-,-,2 - ANO,"1,98","1,24",Compostos Orgânicos,Diversos
FC09270SO,FOLIN CIOCALTEU FENOL 2M 500ML," R$  110,82 ","0,00%",-,3822.90.00,NAO,N,N,N,N,3264,8,2 - ANO,"1,98","1,24",Compostos Orgânicos,Diversos
FT03828SO,"FORMALDEIDO 10% TAMPONADO + CLORETO DE SODIO 0,9% 1L SOL. AQUOSA 1L"," R$  36,26 ","0,00%",50-00-0,2912.11.00,NAO,N,N,N,N,-,-,4 - ANO,10,"1,09",Sais Inorgânicos,Cloretos
F08554RA,FORMALDEIDO INIBIDO 37% PURO 1L," R$  17,81 ","0,00%",50-00-0,2912.11.00,NAO,N,N,N,N,1198,3(8),4 - ANO,37,"1,09",Compostos Orgânicos,Aldeídos e Cetonas
F08555RA,FORMALDEIDO INIBIDO 37% PURO 5L," R$  54,46 ","0,00%",50-00-0,2912.11.00,NAO,N,N,N,N,1198,3(8),4 - ANO,37,"1,09",Compostos Orgânicos,Aldeídos e Cetonas
F09312RA,FORMALDEIDO PA 1L," R$  17,81 ","0,00%",50-00-0,2912.11.00,NAO,N,N,N,N,1198,3(8),4 - ANO,"36,5","1,09",Compostos Orgânicos,Aldeídos e Cetonas
F07087RA,FORMALDEIDO PA 5L," R$  54,46 ","0,00%",50-00-0,2912.11.00,NAO,N,N,N,N,1198,3(8),4 - ANO,"36,5","1,09",Compostos Orgânicos,Aldeídos e Cetonas
F06122SO,"FORMALDEIDO SOL.0,5% V/V AQUOSO 1L"," R$  12,25 ","0,00%",50.00-0,2912.11.00,NAO,N,N,N,N,-,-,4 - ANO,10,"1,09",Compostos Orgânicos,Aldeídos e Cetonas
F09640SO,FORMALDEIDO SOL.10% 1L," R$  7,48 ","0,00%",50-00-0,2912.11.00,NAO,N,N,N,N,-,-,4 - ANO,10,"1,09",Compostos Orgânicos,Aldeídos e Cetonas
F09298SO,FORMALDEIDO SOL.10% 5L," R$  18,12 ","0,00%",50-00-0,2912.11.00,NAO,N,N,N,N,-,-,4 - ANO,10,"1,09",Compostos Orgânicos,Aldeídos e Cetonas
FT07107SO,FORMALDEIDO SOL.10% TAMPONADO 1L," R$  10,25 ","0,00%",50-00-0,2912.11.00,NAO,N,N,N,N,-,-,4 - ANO,10,"1,09",Compostos Orgânicos,Aldeídos e Cetonas
FT06938SO,FORMALDEIDO SOL.10% TAMPONADO 5L," R$  46,55 ","0,00%",50-00-0,2912.11.00,NAO,N,N,N,N,-,-,4 - ANO,10,"1,09",Compostos Orgânicos,Aldeídos e Cetonas
F06533SO,FORMALDEIDO SOL.12% V/V 1L," R$  12,25 ","0,00%",50-00-0,2912.11.00,NAO,N,N,N,N,-,-,4 - ANO,12,"1,09",Compostos Orgânicos,Aldeídos e Cetonas
F07614SO,FORMALDEIDO SOL.20% 1L," R$  12,25 ","0,00%",50-00-0,2912.11.00,NAO,N,N,N,N,-,-,4 - ANO,20,"1,09",Compostos Orgânicos,Aldeídos e Cetonas
F04833SO,"FORMALDEIDO SOL.3,7% 1L"," R$  7,48 ","0,00%",50-00-0,2912.11.00,NAO,N,N,N,N,-,-,4 - ANO,"3,7","1,09",Compostos Orgânicos,Aldeídos e Cetonas
F08828SO,FORMALDEIDO SOL.3% 1L," R$  7,48 ","0,00%",50-00-0,2912.11.00,NAO,N,N,N,N,-,-,4 - ANO,3,"1,09",Compostos Orgânicos,Aldeídos e Cetonas
F05120SO,FORMALDEIDO SOL.3% 5L," R$  18,89 ","0,00%",50-00-0,2912.11.00,NAO,N,N,N,N,-,-,4 - ANO,3,"1,09",Compostos Orgânicos,Aldeídos e Cetonas
F07699SO,FORMALDEIDO SOL.4% 1L," R$  9,30 ","0,00%",50-00-0,2912.11.00,NAO,N,N,N,N,-,-,4 - ANO,4,"1,09",Compostos Orgânicos,Aldeídos e Cetonas
FT07423SO,FORMALDEIDO SOL.4% TAMPONADO 1L," R$  10,25 ","0,00%",50-00-0,2912.11.00,NAO,N,N,N,N,-,-,4 - ANO,4,"1,09",Compostos Orgânicos,Aldeídos e Cetonas
FT07424SO,FORMALDEIDO SOL.4% TAMPONADO 5L," R$  46,55 ","0,00%",50-00-0,2912.11.00,NAO,N,N,N,N,-,-,4 - ANO,4,"1,09",Compostos Orgânicos,Aldeídos e Cetonas
F05824SO,FORMALDEIDO SOL.50% V/V 1L," R$  12,25 ","0,00%",50.00-0,2912.11.00,NAO,N,N,N,N,-,-,4 - ANO,50,"1,09",Compostos Orgânicos,Aldeídos e Cetonas
F06264SO,FORMALDEIDO SOL.8% V/V 1L," R$  15,30 ","0,00%",50-00-0,2912.11.00,NAO,N,N,N,N,-,-,4 - ANO,8,"1,09",Compostos Orgânicos,Aldeídos e Cetonas
FE05673RA,FORMIATO DE ETILA PA 100ML," R$  84,59 ","0,00%",109-94-4,2915.12.90,NAO,N,N,N,N,1190,3,4 - ANO,98,"0,9168",Compostos Orgânicos,Diversos
FE03144RA,FORMIATO DE ETILA PA 500ML," R$  256,36 ","0,00%",109-94-4,2915.12.90,NAO,N,N,N,N,1190,3,6 - ANO,97,"1,91",Compostos Orgânicos,Diversos
FS06953RA,FORMIATO DE SODIO (FORMATO) PA 500G," R$  14,85 ","0,00%",141-53-7,2915.11.00,NAO,N,N,N,N,-,-,6 - ANO,98,"1,92",Metais,Metais Alcalinos e Alcalino-Terrosos
FA04268RA,FOSFATO DE AMONIO BB. PA 1KG," R$  65,58 ","0,00%",7783-28-0,2835.39.90,NAO,N,N,N,N,,,6 - ANO,98,"1,62",Sais Inorgânicos,Fosfatos
FA04269RA,FOSFATO DE AMONIO BB. PA 500G," R$  36,56 ","0,00%",7783-28-0,2835.39.90,NAO,N,N,N,N,-,-,6 - ANO,98,"1,62",Sais Inorgânicos,Fosfatos
FA05079RA,FOSFATO DE AMONIO MB. HPLC 1KG," R$  1.449,25 ","0,00%",7722-76-1,2835.39.90,NAO,N,N,N,N,-,-,6 - ANO,98,"1,8",Sais Inorgânicos,Fosfatos
FA05019RA,FOSFATO DE AMONIO MB. HPLC 250G," R$  453,55 ","0,00%",7722-76-1,2835.39.90,NAO,N,N,N,N,-,-,6 - ANO,98,"1,8",Sais Inorgânicos,Fosfatos
FA07946RA,FOSFATO DE AMONIO MB. PA 1KG," R$  45,25 ","0,00%",7722-76-1,2835.39.90,NAO,N,N,N,N,-,-,6 - ANO,97,"1,8",Sais Inorgânicos,Fosfatos
FA09268RA,FOSFATO DE AMONIO MB. PA 500G," R$  27,63 ","0,00%",7722-76-1,2835.39.90,NAO,N,N,N,N,-,-,6 - ANO,97,"1,8",Sais Inorgânicos,Fosfatos
FC05815RA,FOSFATO DE CALCIO BB. 2H2O PA 1KG," R$  73,80 ","0,00%",7789-77-7,2510.20.10,NAO,N,N,N,N,-,-,6 - ANO,98,1,Sais Inorgânicos,Fosfatos
FC05814RA,FOSFATO DE CALCIO BB. 2H2O PA 500G," R$  39,89 ","0,00%",7789-77-7,2510.20.10,NAO,N,N,N,N,-,-,6 - ANO,98,1,Sais Inorgânicos,Fosfatos
FC07832RA,FOSFATO DE CALCIO BB. ANIDRO PA 500G," R$  30,59 ","0,00%",7757-93-9,2510.20.10,NAO,N,N,N,N,-,-,6 - ANO,98,"2,89",Sais Inorgânicos,Fosfatos
FC06552RA,FOSFATO DE CALCIO MB. H2O PA 1KG," R$  39,30 ","0,00%",10031-30-8,2510.20.10,NAO,N,N,N,N,-,-,6 - ANO,"15,9","2,22",Sais Inorgânicos,Fosfatos
FC07547RA,FOSFATO DE CALCIO MB. H2O PA 500G," R$  23,69 ","0,00%",10031-30-8,2510.20.10,NAO,N,N,N,N,-,-,6 - ANO,"15,9","2,22",Sais Inorgânicos,Fosfatos
FC09327RA,FOSFATO DE CALCIO MB.ANIDRO PA 1KG," R$  40,24 ","0,00%",7758-23-8,2510.20.10,NAO,N,N,N,N,-,-,6 - ANO,"15,9","2,22",Sais Inorgânicos,Fosfatos
FC09326RA,FOSFATO DE CALCIO MB.ANIDRO PA 500G," R$  22,36 ","0,00%",7758-23-8,2510.20.10,NAO,N,N,N,N,-,-,6 - ANO,"15,9","2,22",Sais Inorgânicos,Fosfatos
FC07626RA,FOSFATO DE CALCIO TB. ANIDRO PA 1KG," R$  27,93 ","0,00%",7758-87-4,2510.20.10,NAO,N,N,N,N,-,-,6 - ANO,90,"3,14",Sais Inorgânicos,Fosfatos
FC07794RA,FOSFATO DE CALCIO TB. ANIDRO PA 500G," R$  15,47 ","0,00%",7758-87-4,2510.20.10,NAO,N,N,N,N,-,-,6 - ANO,90,"3,14",Sais Inorgânicos,Fosfatos
FP05015RA,FOSFATO DE POTASSIO BB. 3H2O PA 500G," R$  145,36 ","0,00%",16788-57-1,2835.24.00,NAO,N,N,N,N,-,-,6 - ANO,99,"2,33",Sais Inorgânicos,Fosfatos
FP06518RA,FOSFATO DE POTASSIO BB. ANIDRO PA ACS 250G," R$  24,48 ","0,00%",7758-11-4,2835.24.00,NAO,N,N,N,N,-,-,6 - ANO,98,"2,33",Sais Inorgânicos,Fosfatos
FP04007RA,FOSFATO DE POTASSIO BB.ANIDRO PA 1KG," R$  54,15 ","0,00%",7758-11-4,2835.24.00,NAO,N,N,N,N,,,6 - ANO,98,"2,33",Sais Inorgânicos,Fosfatos
FP04008RA,FOSFATO DE POTASSIO BB.ANIDRO PA 500G," R$  29,99 ","0,00%",7758-11-4,2835.24.00,NAO,N,N,N,N,,,6 - ANO,98,"2,33",Sais Inorgânicos,Fosfatos
FP09360RA,FOSFATO DE POTASSIO BB.ANIDRO PA ACS 1KG," R$  59,40 ","0,00%",7758-11-4,2835.24.00,NAO,N,N,N,N,-,-,6 - ANO,98,"2,33",Sais Inorgânicos,Fosfatos
FP09359RA,FOSFATO DE POTASSIO BB.ANIDRO PA ACS 500G," R$  34,65 ","0,00%",7758-11-4,2835.24.00,NAO,N,N,N,N,-,-,6 - ANO,98,"2,33",Sais Inorgânicos,Fosfatos
FP04434RA,FOSFATO DE POTASSIO MB. ANIDRO PA 1KG," R$  50,38 ","0,00%",7778-77-0,2835.24.00,NAO,N,N,N,N,-,-,6 - ANO,98,"2,33",Sais Inorgânicos,Fosfatos
FP06302RA,FOSFATO DE POTASSIO MB. ANIDRO PA 500G," R$  37,73 ","0,00%",7778-77-0,2835.24.00,NAO,N,N,N,N,-,-,6 - ANO,98,"2,33",Sais Inorgânicos,Fosfatos
FP05280RA,FOSFATO DE POTASSIO MB. HPLC 1KG," R$  741,16 ","0,00%",7778-77-0,2835.24.00,NAO,N,N,N,N,-,-,6 - ANO,99,"2,33",Sais Inorgânicos,Fosfatos
FP05281RA,FOSFATO DE POTASSIO MB. HPLC 250G," R$  274,00 ","0,00%",7778-77-0,2835.24.00,NAO,N,N,N,N,-,-,6 - ANO,99,"2,33",Sais Inorgânicos,Fosfatos
FP05441SO,"FOSFATO DE POTASSIO MB. SOL.0,2M 1L"," R$  38,15 ","0,00%",7778-77-0,2835.24.00,NAO,N,N,N,N,-,-,2 - ANO,"2,75",1,Sais Inorgânicos,Fosfatos
FP07923RA,FOSFATO DE POTASSIO TB.ANIDRO PA 500G," R$  106,85 ","0,00%",7778-53-2,2835.24.00,NAO,N,N,N,N,-,-,6 - ANO,95,"2,56",Sais Inorgânicos,Fosfatos
FS07581RA,FOSFATO DE SODIO BB. 12H2O PA 1KG," R$  23,59 ","0,00%",10039-32-4,2835.22.00,NAO,N,N,N,N,-,-,6 - ANO,99,"1,52",Sais Inorgânicos,Fosfatos
FS08481RA,FOSFATO DE SODIO BB. 12H2O PA 500G," R$  13,89 ","0,00%",10039-32-4,2835.22.00,NAO,N,N,N,N,-,-,6 - ANO,99,"1,52",Sais Inorgânicos,Fosfatos
FS08567RA,FOSFATO DE SODIO BB. 2H2O PA 1KG," R$  79,70 ","0,00%",10028-24-7,2835.22.00,NAO,N,N,N,N,-,-,6 - ANO,98,"2,1",Sais Inorgânicos,Fosfatos
FS09065RA,FOSFATO DE SODIO BB. 2H2O PA 500G," R$  53,85 ","0,00%",10028-24-7,2835.22.00,NAO,N,N,N,N,-,-,6 - ANO,98,"2,1",Sais Inorgânicos,Fosfatos
FS04186RA,FOSFATO DE SODIO BB. 7H2O PA 1KG," R$  83,80 ","0,00%",7782-85-6,2835.22.00,NAO,N,N,N,N,-,-,6 - ANO,98,"1,68",Sais Inorgânicos,Fosfatos
FS04187RA,FOSFATO DE SODIO BB. 7H2O PA 500G," R$  46,90 ","0,00%",7782-85-6,2835.22.00,NAO,N,N,N,N,-,-,6 - ANO,98,"1,68",Sais Inorgânicos,Fosfatos
FS04449RA,FOSFATO DE SODIO BB. ANIDRO PA 1KG," R$  66,72 ","0,00%",7558-79-4,2835.22.00,NAO,N,N,N,N,-,-,6 - ANO,98,"1,53",Sais Inorgânicos,Fosfatos
FS04450RA,FOSFATO DE SODIO BB. ANIDRO PA 500G," R$  31,80 ","0,00%",7558-79-4,2835.22.00,NAO,N,N,N,N,-,-,6 - ANO,98,"1,53",Sais Inorgânicos,Fosfatos
FS04788RA,FOSFATO DE SODIO E AMONIO 4H2O PA 250G," R$  27,69 ","0,00%",7783-13-3,2835.29.90,NAO,N,N,N,N,-,-,6 - ANO,99,"1,52",Sais Inorgânicos,Fosfatos
FS06733RA,FOSFATO DE SODIO MB. 2H2O PA 1KG," R$  143,49 ","0,00%",13472-35-0,2835.22.00,NAO,N,N,N,N,-,-,6 - ANO,98,"1,915",Sais Inorgânicos,Fosfatos
FS07722RA,FOSFATO DE SODIO MB. 2H2O PA 500G," R$  85,21 ","0,00%",13472-35-0,2835.22.00,NAO,N,N,N,N,-,-,6 - ANO,98,"1,915",Sais Inorgânicos,Fosfatos
FS09614RA,FOSFATO DE SODIO MB. ANIDRO PA 1KG," R$  39,89 ","0,00%",7558-80-7,2835.22.00,NAO,N,N,N,N,-,-,6 - ANO,98,"2,36",Sais Inorgânicos,Fosfatos
FS09756RA,FOSFATO DE SODIO MB. ANIDRO PA 500G," R$  19,90 ","0,00%",7558-80-7,2835.22.00,NAO,N,N,N,N,-,-,6 - ANO,98,"2,36",Sais Inorgânicos,Fosfatos
FS04304RA,FOSFATO DE SODIO MB. H2O PA 1KG," R$  69,87 ","0,00%",10049-21-5,2835.22.00,NAO,N,N,N,N,-,-,6 - ANO,98,"2,04",Sais Inorgânicos,Fosfatos
FS04305RA,FOSFATO DE SODIO MB. H2O PA 500G," R$  37,81 ","0,00%",10049-21-5,2835.22.00,NAO,N,N,N,N,-,-,6 - ANO,98,"2,04",Sais Inorgânicos,Fosfatos
FS08997RA,FOSFATO DE SODIO TB. 12H2O PA ACS 1KG," R$  27,32 ","0,00%",10101-89-0,2835.22.00,NAO,N,N,N,N,-,-,6 - ANO,98,"1,62",Sais Inorgânicos,Fosfatos
FS08998RA,FOSFATO DE SODIO TB. 12H2O PA ACS 500G," R$  16,41 ","0,00%",10101-89-0,2835.22.00,NAO,N,N,N,N,-,-,6 - ANO,98,"1,62",Sais Inorgânicos,Fosfatos
FS06548RA,FOSFATO DE SODIO TB. ANIDRO PA 1KG," R$  65,60 ","0,00%",7601-54-9,2835.22.00,NAO,N,N,N,N,-,-,6 - ANO,98,"2,536",Sais Inorgânicos,Fosfatos
FS08474RA,FOSFATO DE SODIO TB. ANIDRO PA 500G," R$  35,59 ","0,00%",7601-54-9,2835.22.00,NAO,N,N,N,N,-,-,6 - ANO,98,"2,536",Sais Inorgânicos,Fosfatos
FT05642RA,FOSFATO DE TETRABUTILAMONIO PA 10G," R$  1.597,00 ","0,00%",5574-97-0,2923.90.90,NAO,N,N,N,N,-,-,6 - ANO,97,"1,04",Sais Inorgânicos,Fosfatos
FT04452RA,FOSFATO DE TETRABUTILAMONIO PA 25G," R$  3.560,25 ","0,00%",5574-97-0,2923.90.90,NAO,N,N,N,N,-,-,6 - ANO,97,"1,04",Sais Inorgânicos,Fosfatos
FZ07018RA,FOSFATO DE ZINCO PA 500G," R$  38,70 ","0,00%",7779-90-0,2835.39.30,NAO,N,N,N,N,3077,9,6 - ANO,99,"3,26",Sais Inorgânicos,Fosfatos
FF03306RA,FOSFATO FERRICO (ORTO) DIHIDRATADO PA 500G," R$  448,20 ","0,00%",13463-10-0 ,2835.29.10,NAO,N,N,N,N,-,-,6 - ANO,26,1,Sais Inorgânicos,Fosfatos
F07562RA,FRUTOSE (LEVULOSE) PA 100G," R$  8,55 ","0,00%",57-48-7,1702.50.00,NAO,N,N,N,N,-,-,6 - ANO,98,"1,58",Compostos Orgânicos,Açúcares e Carboidratos
F08339RA,FRUTOSE (LEVULOSE) PA 1KG," R$  47,74 ","0,00%",57-48-7,1702.50.00,NAO,N,N,N,N,-,-,6 - ANO,98,"1,58",Compostos Orgânicos,Açúcares e Carboidratos
F06671RA,FRUTOSE (LEVULOSE) PA 250G," R$  14,96 ","0,00%",57-48-7,1702.50.00,NAO,N,N,N,N,-,-,6 - ANO,98,"1,58",Compostos Orgânicos,Açúcares e Carboidratos
F07551RA,FRUTOSE (LEVULOSE) PA 500G," R$  24,75 ","0,00%",57-48-7,1702.50.00,NAO,N,N,N,N,-,-,6 - ANO,98,"1,58",Compostos Orgânicos,Açúcares e Carboidratos
F05680RA,FTALATO DE DI OCTIL 500ML," R$  210,26 ","0,00%",117-84-0,2917.32.00,NAO,N,N,N,N,-,-,6 - ANO,98,"0,98",Compostos Orgânicos,Diversos
FA08506RA,FUCSINA ACIDA (CI.42685) 100G," R$  280,60 ","0,00%",3244-88-0,3822.90.00,NAO,N,N,N,N,-,-,4 - ANO,0,1,Compostos Orgânicos,Diversos
FA08507RA,FUCSINA ACIDA (CI.42685) 25G," R$  77,65 ","0,00%",3244-88-0,3822.90.00,SIM,N,N,N,N,-,-,4 - ANO,0,1,Compostos Orgânicos,Diversos
FB09289RA,FUCSINA BASICA (CI.42510) PA 100G," R$  92,30 ","0,00%",632-99-5,3204.13.00,SIM,N,N,N,N,-,-,6 - ANO,0,1,Compostos Orgânicos,Diversos
FB09299RA,FUCSINA BASICA (CI.42510) PA 25G," R$  24,25 ","0,00%",632-99-5,3204.13.00,SIM,N,N,N,N,-,-,6 - ANO,0,1,Compostos Orgânicos,Diversos
FN05672RA,FUCSINA NOVA (C.I.42520) 25G," R$  256,74 ","0,00%",3248-91-7,3822.90.00,SIM,N,N,N,N,3077,9,4 - ANO,0,1,Compostos Orgânicos,Diversos
FF03304RA,FUMARATO FERROSO 500G," R$  152,96 ","0,00%",141-01-5,2917.19.30,NAO,N,N,N,N,-,-,6 - ANO,97,"2,43",Compostos Orgânicos,Diversos
G07107RA,GALACTOSE-D PURISSIMO 100G," R$  149,25 ","0,00%",59-23-4,2940.00.99,NAO,N,N,N,N,-,-,6 - ANO,0,"1,616",Compostos Orgânicos,Açúcares e Carboidratos
GH09352RA,GELATINA EM PO PA 500G," R$  55,20 ","0,00%",9000-70-8,3503.00.12,NAO,N,N,N,N,-,-,6 - ANO,0,"1,35",Compostos Orgânicos,Diversos
GF04953RA,GLICERO FOSFATO DE SODIO PA 100G," R$  63,95 ","0,00%",55073-41-1,2919.90.90,NAO,N,N,N,N,-,-,6 - ANO,0,1,Sais Inorgânicos,Fosfatos
GF04955RA,GLICERO FOSFATO DE SODIO PA 1KG," R$  531,52 ","0,00%",55073-41-1,2919.90.90,NAO,N,N,N,N,-,-,6 - ANO,0,1,Sais Inorgânicos,Fosfatos
GF04954RA,GLICERO FOSFATO DE SODIO PA 500G," R$  271,76 ","0,00%",55073-41-1,2919.90.90,NAO,N,N,N,N,-,-,6 - ANO,0,1,Sais Inorgânicos,Fosfatos
G08364RA,GLICINA (ACIDO AMINO ACETICO) PA 100G," R$  12,33 ","0,00%",56-40-6,2922.49.10,NAO,N,N,N,N,-,-,6 - ANO,"98,5","1,161",Ácidos e Bases,Ácidos
G08991RA,GLICINA (ACIDO AMINO ACETICO) PA 250G," R$  22,51 ","0,00%",56-40-6,2922.49.10,NAO,N,N,N,N,-,-,6 - ANO,"98,5","1,161",Ácidos e Bases,Ácidos
G09529RA,GLICINA (ACIDO AMINO ACETICO) PA 500G," R$  34,87 ","0,00%",56-40-6,2922.49.10,NAO,N,N,N,N,-,-,6 - ANO,"98,5","1,161",Ácidos e Bases,Ácidos
GB03067RA,GLICINA BETAINA PA 100G," R$  28,91 ","0,00%",56-40-6,2922.49.10,NAO,N,N,N,N,-,-,6 - ANO,98,"1,16",Compostos Orgânicos,Diversos
GB03475RA,GLICINA BETAINA PA 1KG," R$  139,92 ","0,00%",107-43-7,2922.49.10,NAO,N,N,N,N,-,-,6 - ANO,98,1,Compostos Orgânicos,Diversos
B04393RA,GLICINA BETAINA PA 500G," R$  86,09 ","0,00%",107-43-7,2923.90.10,NAO,N,N,N,N,-,-,6 - ANO,98,"1,19",Compostos Orgânicos,Diversos
GA05762SO,GLICOSE + ACIDO GLUTAMICO 1L," R$  188,16 ","0,00%",-,1702.30.11,NAO,N,N,N,N,-,-,2 - ANO,0,1,Ácidos e Bases,Ácidos
GC09366RA,GLUCONATO DE CALCIO PA 500G," R$  173,56 ","0,00%",299-28-5,2918.16.10,NAO,N,N,N,N,-,-,6 - ANO,99,1,Metais,Metais Alcalinos e Alcalino-Terrosos
GS09123RA,GLUCONATO DE SODIO PA 1KG," R$  25,79 ","0,00%",527-07-1,2918.16.90,NAO,N,N,N,N,-,-,6 - ANO,98,"1,8",Metais,Metais Alcalinos e Alcalino-Terrosos
GS08515RA,GLUCONATO DE SODIO PA 500G," R$  15,18 ","0,00%",527-07-1,2918.16.90,NAO,N,N,N,N,-,-,6 - ANO,98,"1,8",Metais,Metais Alcalinos e Alcalino-Terrosos
GS07426RA,GLUTAMATO-L DE SODIO 1H2O PA 500G," R$  21,15 ","0,00%",6106-04-3,2922.42.20,NAO,N,N,N,N,-,-,6 - ANO,99,"0,68",Metais,Metais Alcalinos e Alcalino-Terrosos
G06689RA,GLUTAMINA-L PA 100G," R$  19,37 ","0,00%",56-85-9,2922.42.20,NAO,N,N,N,N,-,-,6 - ANO,99,"1,47",Compostos Orgânicos,Aminoácidos
G06785RA,GLUTAMINA-L PA 250G," R$  74,19 ","0,00%",56-85-9,2922.42.20,NAO,N,N,N,N,-,-,6 - ANO,99,"1,47",Compostos Orgânicos,Aminoácidos
G09547SO,GLUTARALDEIDO 25% EM AGUA PS 1L," R$  40,94 ","0,00%",111-30-8,2912.19.12,NAO,N,N,N,N,2922,8,4 - ANO,25,"0,72",Solventes e Água,Água e Diluentes
GO05209RA,GLUTATIONE OXIDASE (GSSG) 1G," R$  300,93 ","0,00%",27025-41-8,2930.90.99,NAO,N,N,N,N,-,-,6 - ANO,98,"1,3688",Compostos Orgânicos,Diversos
GO05210RA,GLUTATIONE OXIDASE (GSSG) 5G," R$  1.059,82 ","0,00%",27025-41-8,2930.90.99,NAO,N,N,N,N,-,-,6 - ANO,98,"1,3688",Compostos Orgânicos,Diversos
GA09983RA,GOMA ARABICA EM PO PURA 1KG," R$  124,02 ","0,00%",9000-01-5,1301.20.00,NAO,N,N,N,N,-,-,4 - ANO,0,"1,35",Compostos Orgânicos,Diversos
GA09982RA,GOMA ARABICA EM PO PURA 500G," R$  66,61 ","0,00%",9000-01-5,1301.20.00,NAO,N,N,N,N,-,-,4 - ANO,0,"1,35",Compostos Orgânicos,Diversos
GG05051RA,GOMA GUAR 100G," R$  16,25 ","0,00%",9000-30-0,1302.32.20,NAO,N,N,N,N,-,-,6 - ANO,0,1,Compostos Orgânicos,Diversos
GG06488RA,GOMA GUAR 1KG," R$  59,40 ","0,00%",9000-30-0,1302.32.20,NAO,N,N,N,N,-,-,6 - ANO,0,1,Compostos Orgânicos,Diversos
GG05050RA,GOMA GUAR 5KG," R$  278,60 ","0,00%",9000-30-0,1302.32.20,NAO,N,N,N,N,-,-,6 - ANO,0,1,Compostos Orgânicos,Diversos
GX03396RA,GOMA XANTANA MESH 200 500G	," R$  47,82 ","3,25%",11138-66-2,3913.90.20,NAO,N,N,N,N,-,-,6 - ANO,91,"1,5",Compostos Orgânicos,Diversos
G04208RA,GOMA XANTANA MESH 80 500G," R$  49,50 ","3,25%",11138-66-2,3913.90.20,NAO,N,N,N,N,-,-,6 - ANO,91,"1,61",Compostos Orgânicos,Diversos
GR06524RA,GRAFITE EM PO PURO (MALHA 140) 500G," R$  30,00 ","0,00%",7782-42-5,3801.10.00,NAO,N,N,N,N,-,-,4 - ANO,0,"2,09",Compostos Orgânicos,Diversos
GS09175RA,GRAXA DE SILICONE (P/AUTO VACUO) 50G," R$  24,82 ","3,25%",-,3910.00.90,NAO,N,N,N,N,-,-,6 - ANO,0,1,Compostos Orgânicos,Diversos
GS09638RA,GRAXA DE SILICONE (P/VEDACAO) 50G," R$  24,82 ","3,25%",-,3910.00.90,NAO,N,N,N,N,-,-,6 - ANO,0,1,Compostos Orgânicos,Diversos
GS04418RA,GRAXA DE SILICONE 500G," R$  129,38 ","3,25%",-,3910.00.90,NAO,N,N,N,N,-,-,6 - ANO,0,1,Compostos Orgânicos,Diversos
GS06690RA,GRAXA DE SILICONE 5KG," R$  1.417,88 ","3,25%",-,3910.00.90,NAO,N,N,N,N,-,-,6 - ANO,0,1,Compostos Orgânicos,Diversos
G06771RA,GUAIACOL PA 250ML," R$  95,13 ","0,00%",90-05-1,2909.50.19,NAO,N,N,N,N,-,-,6 - ANO,99,"1,1287",Compostos Orgânicos,Diversos
G07074RA,GUAIACOL PURO 99% 100ML," R$  47,57 ","0,00%",90-05-1,2909.50.19,NAO,N,N,N,N,-,-,4 - ANO,99,"1,1287",Compostos Orgânicos,Diversos
G07982RA,GUAIACOL PURO 99% 1L," R$  302,82 ","0,00%",90-05-1,2909.50.90,NAO,N,N,N,N,-,-,4 - ANO,99,"1,1287",Compostos Orgânicos,Diversos
G07913RA,GUAIACOL PURO 99% 500ML," R$  164,21 ","0,00%",90-05-1,2909.50.90,NAO,N,N,N,N,-,-,4 - ANO,99,"1,1287",Compostos Orgânicos,Diversos
G09041SO,GUAIACOL SOL.1% ALCOOLICA 1L," R$  34,55 ","0,00%",90-05-1,2909.50.19,NAO,N,N,N,N,1170,3,4 - ANO,1,"0,78",Solventes e Água,Solventes
G08824SO,GUAIACOL SOL.2% ALCOOLICA 1L," R$  37,55 ","0,00%",90-05-1,2909.50.19,NAO,N,N,N,N,1170,3,4 - ANO,2,"0,78",Solventes e Água,Solventes
G05128RA,GUANINA 100G," R$  565,26 ","0,00%",73-40-5,2933.59.99,NAO,N,N,N,N,-,-,6 - ANO,98,"2,2",Compostos Orgânicos,Diversos
HM09936RA,HEMATOXILINA (CI.75290) 25G," R$  656,73 ","0,00%",517-28-2,3203.00.19,NAO,N,N,N,N,-,-,4 - ANO,82,1,Compostos Orgânicos,Diversos
H06109RA,HEPES BUFFER ÁCIDO ETANOSULFÔNICO 4-2 HIDROXIETIL PIPERAZINA-1 100G," R$  124,23 ","0,00%",7365-45-9,2933.59.19,NAO,N,N,N,N,-,-,6 - ANO,"99,5","1,43",Compostos Orgânicos,Diversos
H05934RA,HEPES BUFFER ÁCIDO ETANOSULFÔNICO 4-2 HIDROXIETIL PIPERAZINA-1 1KG," R$  1.155,84 ","0,00%",7365-45-9,2933.59.19,NAO,N,N,N,N,-,-,6 - ANO,"99,5","1,43",Compostos Orgânicos,Diversos
H05981RA,HEPES BUFFER ÁCIDO ETANOSULFÔNICO 4-2 HIDROXIETIL PIPERAZINA-1 25G," R$  39,85 ","0,00%",7365-45-9,2933.59.19,NAO,N,N,N,N,-,-,6 - ANO,"99,5","1,43",Compostos Orgânicos,Diversos
HS05371RA,HEPES SÓDICO ÁCIDO ETANOSULFÔNICO 4-2 HIDROXIETIL PIPERAZINA-1 SAL SÓDICO 100G," R$  134,11 ","0,00%",75277-39-3,2933.59.19,NAO,N,N,N,N,-,-,6 - ANO,98,"1,07",Compostos Orgânicos,Diversos
HS05372RA,HEPES SÓDICO ÁCIDO ETANOSULFÔNICO 4-2 HIDROXIETIL PIPERAZINA-1 SAL SÓDICO 25G," R$  38,15 ","0,00%",75277-39-3,2933.59.19,NAO,N,N,N,N,-,-,6 - ANO,98,"1,07",Compostos Orgânicos,Diversos
H07579RA,HEPTANO (MISTURA DE ISOMEROS) PA 1L," R$  44,15 ","0,00%",142-82-5,2901.29.00,NAO,N,N,N,N,1206,3,6 - ANO,"99,5","0,68",Compostos Orgânicos,Diversos
H07727RA,HEXACLOROPLATINATO DE POTASSIO 1G," R$  1.645,00 ","0,00%",16921-30-5,2837.20.21,NAO,N,N,N,N,3290,6.1,6 - ANO,"99,9","3,34",Metais,Metais Alcalinos e Alcalino-Terrosos
H05513RA,HEXADECANO-N 99% PA 100ML," R$  471,20 ","0,00%",544-76-3,2901.10.00,NAO,N,N,N,N,-,-,6 - ANO,99,"0,7734",Compostos Orgânicos,Diversos
H06603RA,HEXADECANO-N 99% PA 1L," R$  3.453,00 ","0,00%",544-76-3,2901.10.00,NAO,N,N,N,N,-,-,6 - ANO,99,"0,7734",Compostos Orgânicos,Diversos
HS08560RA,HEXAMETAFOSFATO DE SODIO PA 1KG," R$  42,25 ","0,00%",68915-31-1,2835.39.10,NAO,N,N,N,N,-,-,6 - ANO,68,"2,06",Sais Inorgânicos,Fosfatos
HS08558RA,HEXAMETAFOSFATO DE SODIO PA 500G," R$  24,35 ","0,00%",68915-31-1,2835.39.10,NAO,N,N,N,N,-,-,6 - ANO,68,"2,06",Sais Inorgânicos,Fosfatos
H09000RA,HEXAMETILENO TETRAMINA PA 500G," R$  39,47 ","0,00%",100-97-0,2921.11.29,NAO,N,N,N,N,1328,4.1,6 - ANO,99,"1,33",Compostos Orgânicos,Diversos
H03322SO,HEXAMETILENO TETRAMINA SOL. 3% AQUOSA 1L," R$  29,45 ","0,00%",100-97-0,2921.11.29,NAO,N,N,N,N,1198,3(8),4 - ANO,3,1,Compostos Orgânicos,Diversos
H07808SO,HEXAMETILENO TETRAMINA SOL.20% 1L," R$  46,20 ","0,00%",100-97-0,2921.11.29,NAO,N,N,N,N,1328,4.1,4 - ANO,20,"1,04",Compostos Orgânicos,Diversos
H03334RA,HEXANO PA (MISTURA DE ISOMEROS) 5L," R$  127,66 ","5,20%",110-54-3,2710.12.10,NAO,N,N,N,N,1208,3,6 - ANO,99,"0,65",Solventes e Água,Solventes
HT05048RA,HIDROGENOSSULFATO DE TETRAMETILAMONIO P.A HIDRATADO 100G," R$  5.397,70 ","0,00%",207738-07-6,2923.90.90,NAO,N,N,N,N,-,-,6 - ANO,"97,5",1,Sais Inorgânicos,Sulfatos e Sulfitos
HT05049RA,HIDROGENOSSULFATO DE TETRAMETILAMONIO P.A HIDRATADO 25G," R$  1.500,30 ","0,00%",207738-07-6,2923.90.90,NAO,N,N,N,N,-,-,6 - ANO,"97,5",1,Sais Inorgânicos,Sulfatos e Sulfitos
H04023RA,HIDROQUINONA PA 250G," R$  99,48 ","0,00%",123-31-9,2907.22.00,NAO,N,N,N,N,3077,9,6 - ANO,99,"1,33",Compostos Orgânicos,Diversos
H09933RA,HIDROQUINONA PA 500G," R$  198,95 ","0,00%",123-31-9,2907.22.00,NAO,N,N,N,N,3077,9,6 - ANO,99,"1,332",Compostos Orgânicos,Diversos
HA09679RA,HIDROXIDO DE ALUMINIO PA 250G," R$  22,18 ","0,00%",21645-51-2,2818.30.00,NAO,N,N,N,N,-,-,6 - ANO,47,"2,42",Ácidos e Bases,Bases
HA03324RA,HIDROXIDO DE ALUMINIO PA 500G," R$  38,50 ","0,00%",21645-51-2,2818.30.00,NAO,N,N,N,N,-,-,6 - ANO,47,"2,42",Ácidos e Bases,Bases
HB07747RA,HIDROXIDO DE BARIO 8H2O PA 1KG," R$  108,45 ","0,00%",12230-71-6,2816.40.10,NAO,N,N,N,N,3262,8,6 - ANO,98,"2,18",Ácidos e Bases,Bases
HB08048RA,HIDROXIDO DE BARIO 8H2O PA 500G," R$  42,20 ","0,00%",12230-71-6,2816.40.10,NAO,N,N,N,N,3262,8,6 - ANO,98,"2,18",Ácidos e Bases,Bases
HB06617RA,HIDROXIDO DE BARIO ANIDRO PA 500G," R$  211,55 ","0,00%",17194-00-2,2816.40.10,NAO,N,N,N,N,3262,8,6 - ANO,98,"1,025",Ácidos e Bases,Bases
HB08819SO,"HIDROXIDO DE BARIO SOL.0,1N 1L"," R$  48,45 ","0,00%",12230-71-6,2816.40.10,NAO,N,N,N,N,1760,8,2 - ANO,"0,95",1,Ácidos e Bases,Bases
HC08818SO,HIDROXIDO DE CALCIO (AGUA DE CAL)10% 1L," R$  16,17 ","0,00%",1305-62-0,2825.90.90,NAO,N,N,N,N,-,-,4 - ANO,10,"0,98",Ácidos e Bases,Bases
HC07136RA,HIDROXIDO DE CALCIO PA 1KG," R$  33,12 ","0,00%",1305-62-0,2825.90.90,NAO,N,N,N,N,-,-,6 - ANO,95,"2,24",Ácidos e Bases,Bases
HC09743RA,HIDROXIDO DE CALCIO PA 500G," R$  11,55 ","0,00%",1305-62-0,2825.90.90,NAO,N,N,N,N,-,-,6 - ANO,95,"2,24",Ácidos e Bases,Bases
HC06925RA,HIDROXIDO DE CALCIO PA 5KG," R$  70,40 ","0,00%",1305-62-0,2825.90.90,NAO,N,N,N,N,-,-,6 - ANO,95,"2,24",Ácidos e Bases,Bases
HC03432SO,HIDROXIDO DE CALCIO SOL. 3g/L 1L," R$  28,15 ","0,00%",1305-62-0,2825.90.90,NAO,N,N,N,N,-,-,4 - ANO,3,1,Ácidos e Bases,Bases
HC03301SO,HIDROXIDO DE CALCIO SOL. SATURADA TS 1L	," R$  38,48 ","0,00%",1305-62-0,2825.90.90,NAO,N,N,N,N,-,-,4 - ANO,"0,15",1,Ácidos e Bases,Bases
HC04345RA,HIDROXIDO DE COBRE II 250G," R$  285,36 ","0,00%",20427-59-2,2825.50.90,NAO,N,N,N,N,3288,6.1,6 - ANO,57,"3,37",Ácidos e Bases,Bases
HL06625RA,HIDROXIDO DE LITIO MONOHIDRATADO PA 100G," R$  91,25 ","0,00%",1310-66-3,2825.20.20,NAO,N,N,N,N,2680,8,6 - ANO,98,"1,51",Ácidos e Bases,Bases
HL03861RA,HIDROXIDO DE LITIO MONOHIDRATADO PA 1KG," R$  599,50 ","0,00%",1310-66-3,2825.20.20,NAO,N,N,N,N,2680,8,6 - ANO,98,"1,51",Ácidos e Bases,Bases
HL03862RA,HIDROXIDO DE LITIO MONOHIDRATADO PA 500G," R$  278,60 ","0,00%",1310-66-3,2825.20.20,NAO,N,N,N,N,2680,8,6 - ANO,98,"1,51",Ácidos e Bases,Bases
HM07055RA,HIDROXIDO DE MAGNESIO PA 250G," R$  13,66 ","0,00%",1309-42-8,2816.10.10,NAO,N,N,N,N,-,-,6 - ANO,95,"2,36",Ácidos e Bases,Bases
HM09814RA,HIDROXIDO DE MAGNESIO PA 500G," R$  26,52 ","0,00%",1309-42-8,2816.10.10,NAO,N,N,N,N,-,-,6 - ANO,95,"2,36",Ácidos e Bases,Bases
HP08817SO,"HIDROXIDO DE POTASSIO SOL.0,01N(M) EM ALCOOL ETILICO 1L"," R$  66,36 ","0,00%",1310-58-3,2815.20.00,NAO,N,N,N,N,2924,3,2 - ANO,"0,06","0,87",Ácidos e Bases,Bases
HP06410SO,"HIDROXIDO DE POTASSIO SOL.0,02N(M) EM ALCOOL ETILICO 1L"," R$  66,75 ","0,00%",1310-58-3,2815.20.00,NAO,N,N,N,N,2924,3,2 - ANO,"0,01","0,87",Ácidos e Bases,Bases
HP08816SO,"HIDROXIDO DE POTASSIO SOL.0,05N(M) EM ALCOOL ETILICO 1L"," R$  68,67 ","0,00%",1310-58-3,2815.20.00,NAO,N,N,N,N,2924,3,2 - ANO,"0,03","0,87",Ácidos e Bases,Bases
HP09759SO,"HIDROXIDO DE POTASSIO SOL.0,1N(M) EM ALCOOL ETILICO 1L"," R$  69,15 ","0,00%",1310-58-3,2815.20.00,NAO,N,N,N,N,2924,3,2 - ANO,"0,56","0,87",Ácidos e Bases,Bases
HP07034SO,"HIDROXIDO DE POTASSIO SOL.0,56M(N) EM ALCOOL ETILICO 1L"," R$  70,50 ","0,00%",1310-58-3,2815.20.00,NAO,N,N,N,N,2924,3,2 - ANO,"3,1","0,87",Ácidos e Bases,Bases
HP09864SO,"HIDROXIDO DE POTASSIO SOL.0,5N(M) EM ALCOOL ETILICO 1L"," R$  70,65 ","0,00%",1310-58-3,2815.20.00,NAO,N,N,N,N,2924,3,2 - ANO,"2,8","0,9",Ácidos e Bases,Bases
HP08812SO,HIDROXIDO DE POTASSIO SOL.1N(M) EM ALCOOL ETILICO 1L," R$  71,58 ","0,00%",1310-58-3,2815.20.00,NAO,N,N,N,N,2924,3,2 - ANO,"6,24","0,87",Ácidos e Bases,Bases
HP08810SO,HIDROXIDO DE POTASSIO SOL.2N(M) EM ALCOOL ETILICO 1L," R$  72,42 ","0,00%",1310-58-3,2815.20.00,NAO,N,N,N,N,2924,3,2 - ANO,"11,2","0,93",Ácidos e Bases,Bases
HP06584SO,HIDROXIDO DE POTASSIO SOL.4% EM ALCOOL ETILICO 1L," R$  67,50 ","0,00%",1310-58-3,2815.20.00,NAO,N,N,N,N,2924,3,4 - ANO,4,"0,87",Ácidos e Bases,Bases
HT04763RA,HIDROXIDO DE TETRABUTILAMONIO 30H2O 98% PA 100G," R$  1.227,60 ","0,00%",147741-30-8,2923.90.90,NAO,N,N,N,N,3263,8,6 - ANO,98,1,Ácidos e Bases,Bases
HT04764RA,HIDROXIDO DE TETRABUTILAMONIO 30H2O 98% PA 25G," R$  341,15 ","0,00%",147741-30-8,2923.90.90,NAO,N,N,N,N,3263,8,6 - ANO,98,1,Ácidos e Bases,Bases
HT06194SO,HIDROXIDO DE TETRABUTILAMONIO SOL. 40% EM AGUA  500ML," R$  895,36 ","0,00%",2052-49-5,2923.90.90,NAO,N,N,N,N,3267,8,4 - ANO,38,1,Ácidos e Bases,Bases
HT06282SO,HIDROXIDO DE TETRABUTILAMONIO SOL. 40% EM AGUA 100ML," R$  241,90 ","0,00%",2052-49-5,2923.90.90,NAO,N,N,N,N,3267,8,4 - ANO,38,1,Ácidos e Bases,Bases
HT04444SO,"HIDROXIDO DE TETRABUTILAMONIO SOL.0,1M (2-PROPANOL/METANOL) 500ML"," R$  342,15 ","0,00%",2052-49-5,2923.90.90,NAO,N,N,N,N,3286,6.1.8,2 - ANO,"2,6","0,79",Ácidos e Bases,Bases
HT05742SO,"HIDROXIDO DE TETRABUTILAMONIO SOL.0,1M ALCOOL ISOPROPILICO 1L"," R$  485,12 ","0,00%",2052-49-5,2923.90.90,NAO,N,N,N,N,3286,6.1.8,2 - ANO,"2,6","0,78",Ácidos e Bases,Bases
HT04335SO,"HIDROXIDO DE TETRABUTILAMONIO SOL.0,1M EM TOLUENO 500ML"," R$  342,15 ","0,00%",2052-49-5,2923.90.90,NAO,N,N,N,N,3286,6.1.8,2 - ANO,"2,6","0,78",Ácidos e Bases,Bases
HT06195SO,"HIDROXIDO DE TETRABUTILAMONIO SOL.0,1N AQUOSA 1L"," R$  326,63 ","0,00%",2052-49-5,2923.90.90,NAO,N,N,N,N,3267,8,2 - ANO,"2,6",1,Ácidos e Bases,Bases
HT06102SO,"HIDROXIDO DE TETRABUTILAMONIO SOL.0,1N EM AGUA 500ML"," R$  285,20 ","0,00%",2052-49-5,2923.90.90,NAO,N,N,N,N,3267,8,2 - ANO,"2,6","0,79",Ácidos e Bases,Bases
HT06437SO,"HIDROXIDO DE TETRABUTILAMONIO SOL.0,1N EM METANOL 1L"," R$  365,25 ","0,00%",2052-49-5,2923.90.90,NAO,N,N,N,N,3286,6.1.8,2 - ANO,"2,6","0,82",Ácidos e Bases,Bases
HT03181SO,"HIDROXIDO DE TETRABUTILAMONIO SOL.0,1N EM TOLUENO/METANOL 1L 	"," R$  562,36 ","0,00%",2052-49-5,2923.90.90,NAO,N,N,N,N,3286,"3(6.1, 8)",2 - ANO,"2,5","0,83",Ácidos e Bases,Bases
HT06283SO,"HIDROXIDO DE TETRABUTILAMONIO SOL.0,4M EM AGUA 500ML"," R$  642,19 ","0,00%",2052-49-5,2923.90.90,NAO,N,N,N,N,3267,8,2 - ANO,"10,4",1,Ácidos e Bases,Bases
HT05457SO,"HIDROXIDO DE TETRABUTILAMONIO SOL.0,5M EM AGUA 1L"," R$  1.785,00 ","0,00%",2052-49-5,2923.90.90,NAO,N,N,N,N,3267,8,2 - ANO,13,"0,98",Ácidos e Bases,Bases
HT04380SO,"HIDROXIDO DE TETRABUTILAMONIO SOL.0,5M EM METANOL 500ML"," R$  1.246,88 ","0,00%",2052-49-5,2923.90.90,NAO,N,N,N,N,3286,6.1.8,2 - ANO,"0,49","0,87",Ácidos e Bases,Bases
HT06543SO,HIDROXIDO DE TETRABUTILAMONIO SOL.10% EM AGUA 250ML," R$  210,23 ","0,00%",2052-49-5,2923.90.90,NAO,N,N,N,N,3267,8,4 - ANO,10,"0,98",Ácidos e Bases,Bases
HT06130SO,HIDROXIDO DE TETRABUTILAMONIO SOL.10% EM METANOL 100ML," R$  210,23 ","0,00%",2052-49-5,2923.90.90,NAO,N,N,N,N,3286,6.1.8,4 - ANO,10,"0,78",Ácidos e Bases,Bases
HT06295SO,HIDROXIDO DE TETRABUTILAMONIO SOL.1M EM METANOL 100ML," R$  389,46 ","0,00%",2052-49-5,2923.90.90,NAO,N,N,N,N,3286,6.1.8,2 - ANO,26,"0,92",Ácidos e Bases,Bases
HT04634SO,HIDROXIDO DE TETRABUTILAMONIO SOL.1M EM METANOL 1L," R$  2.451,12 ","0,00%",2052-49-5,2923.90.90,NAO,N,N,N,N,3286,6.1.8,2 - ANO,26,"0,87",Ácidos e Bases,Bases
HT03842SO,HIDROXIDO DE TETRABUTILAMONIO SOL.1M EM METANOL 250ML," R$  875,25 ","0,00%",2052-49-5,2923.90.90,NAO,N,N,N,N,3286,6.1.8,2 - ANO,"25,9","0,92",Ácidos e Bases,Bases
HT04625SO,HIDROXIDO DE TETRABUTILAMONIO SOL.20% EM AGUA 1L," R$  1.495,25 ","0,00%",2052-49-5,2923.90.90,NAO,N,N,N,N,3267,8,4 - ANO,20,"0,98",Ácidos e Bases,Bases
HT06303SO,HIDROXIDO DE TETRABUTILAMONIO SOL.25% EM AGUA 100ML," R$  248,15 ","0,00%",2052-49-5,2923.90.90,NAO,N,N,N,N,3267,8,4 - ANO,25,"0,98",Ácidos e Bases,Bases
HT07240SO,HIDROXIDO DE TETRABUTILAMONIO SOL.25% EM METANOL 100ML," R$  248,15 ","0,00%",2052-49-5,2923.90.90,NAO,N,N,N,N,3286,6.1.8,4 - ANO,25,"0,95",Ácidos e Bases,Bases
HT04901SO,HIDROXIDO DE TETRABUTILAMONIO SOL.40% EM AGUA 1L," R$  1.612,36 ","0,00%",2052-49-5,2923.90.90,NAO,N,N,N,N,3267,8,4 - ANO,40,"0,95",Ácidos e Bases,Bases
HT06256SO,HIDROXIDO DE TETRAMETILAMONIO 10% METANOL 100ML," R$  210,33 ","0,00%",75-59-2,2923.90.90,NAO,N,N,N,N,3286,3,4 - ANO,10,"0,78",Ácidos e Bases,Bases
TH05745SO,HIDROXIDO DE TETRAMETILAMONIO 25% EM H2O 100ML," R$  350,66 ","0,00%",75-59-2,2921.19.39,NAO,N,N,N,N,1835,8,4 - ANO,25,1,Ácidos e Bases,Bases
HT04785SO,HIDROXIDO DE TETRAMETILAMONIO 25% EM H2O 250ML," R$  974,15 ","0,00%",75-59-2,2921.19.39,NAO,N,N,N,N,1835,8,4 - ANO,25,1,Ácidos e Bases,Bases
HT05136SO,HIDROXIDO DE TETRAMETILAMONIO 25% METANOL 100ML," R$  346,21 ","0,00%",75-59-2,2921.19.39,NAO,N,N,N,N,3286,3,4 - ANO,25,"0,87",Ácidos e Bases,Bases
TH06183RA,HIDROXIDO DE TETRAMETILAMONIO 25% METANOL 500ML," R$  1.612,25 ","0,00%",75-59-2,2921.19.39,NAO,N,N,N,N,3286,3,4 - ANO,25,"1,015",Ácidos e Bases,Bases
HT05311RA,HIDROXIDO DE TETRAMETILAMONIO 5H2O 97% 100G," R$  1.495,25 ","0,00%",10424-65-4,2923.90.90,NAO,N,N,N,N,1835,8,6 - ANO,97,"1,015",Ácidos e Bases,Bases
HT05312RA,HIDROXIDO DE TETRAMETILAMONIO 5H2O 97% 25G," R$  465,27 ","0,00%",10424-65-4,2923.90.90,NAO,N,N,N,N,3423,8,6 - ANO,97,"1,015",Ácidos e Bases,Bases
HT06828SO,HIDROXIDO DE TETRAMETILAMONIO SOL.10% H2O 100ML," R$  182,34 ","0,00%",75-59-2,2825.90.90,NAO,N,N,N,N,1835,8,4 - ANO,12,"0,99",Ácidos e Bases,Bases
HT04096SO,HIDROXIDO DE TETRAMETILAMONIO SOL.10% H2O 1L," R$  1.232,25 ","0,00%",75-59-2,2825.90.90,NAO,N,N,N,N,1835,8,4 - ANO,10,"0,99",Ácidos e Bases,Bases
HT06938SO,HIDROXIDO TETRAETILAMONIO 20% H2O 100ML," R$  125,88 ","0,00%",77-98-5,2923.90.90,NAO,N,N,N,N,3267,8,4 - ANO,20,"0,99",Ácidos e Bases,Bases
HT04151SO,HIDROXIDO TETRAETILAMONIO SOL.20% H2O 1L," R$  834,94 ","0,00%",77-98-5,2923.90.90,NAO,N,N,N,N,3267,8,4 - ANO,20,1,Ácidos e Bases,Bases
HT04152SO,HIDROXIDO TETRAETILAMONIO SOL.20% H2O 500ML," R$  449,51 ","0,00%",77-98-5,2923.90.90,NAO,N,N,N,N,3267,8,4 - ANO,20,1,Ácidos e Bases,Bases
HT04150SO,HIDROXIDO TETRAETILAMONIO SOL.20% METANOL 100ML," R$  129,27 ","0,00%",77-98-5,2923.90.90,NAO,N,N,N,N,3286,3,4 - ANO,20,"0,8",Ácidos e Bases,Bases
HT04147SO,HIDROXIDO TETRAETILAMONIO SOL.20% METANOL 1L," R$  994,50 ","0,00%",77-98-5,2923.90.90,NAO,N,N,N,N,3286,3,4 - ANO,20,"0,8",Ácidos e Bases,Bases
HT04148SO,HIDROXIDO TETRAETILAMONIO SOL.20% METANOL 500ML," R$  550,33 ","0,00%",77-98-5,2923.90.90,NAO,N,N,N,N,3286,3,4 - ANO,20,"0,8",Ácidos e Bases,Bases
HI06480RA,HIDROXIQUINOLINA-8 PA 250G," R$  425,21 ","0,00%",148-24-3,2933.49.90,NAO,N,N,N,N,2811,6.1,6 - ANO,99,"1,03",Compostos Orgânicos,Diversos
HD06501RA,HIDROXIQUINOLINA-8 PA 25G," R$  33,84 ","0,00%",148-24-3,2933.49.90,NAO,N,N,N,N,2811,6.1,6 - ANO,99,"1,03",Compostos Orgânicos,Diversos
HC04724RA,HIPOFOSFITO DE CALCIO PA 500G," R$  397,09 ","0,00%",7789-79-9,2835.26.00,NAO,N,N,N,N,3178,4.1,6 - ANO,98,"2,243",Metais,Metais Alcalinos e Alcalino-Terrosos
HS05734RA,HIPOFOSFITO DE SODIO (1H2O) PA 1KG," R$  66,34 ","0,00%",10039-56-2,2835.10.11,NAO,N,N,N,N,-,-,6 - ANO,98,"0,8",Metais,Metais Alcalinos e Alcalino-Terrosos
HS05735RA,HIPOFOSFITO DE SODIO (1H2O) PA 500G," R$  38,17 ","0,00%",10039-56-2,2835.10.11,NAO,N,N,N,N,-,-,6 - ANO,98,"0,8",Metais,Metais Alcalinos e Alcalino-Terrosos
HI06331RA,HISTIDINA-L HCL(H20) PA 100G," R$  197,92 ","0,00%",5934-29-2,2933.29.92,NAO,N,N,N,N,-,-,6 - ANO,99,"1,47",Compostos Orgânicos,Aminoácidos
H06690RA,HYAMINE 1622 (CLORETO DE BENZETONIO) 250G," R$  167,64 ","0,00%",121-54-0,2923.90.90,NAO,N,N,N,N,2923,8,6 - ANO,99,"1,1",Sais Inorgânicos,Cloretos
H03462RA,HYAMINE 1622 (CLORETO DE BENZETONIO) 500G," R$  244,64 ","0,00%",121-54-0,2923.90.90,NAO,N,N,N,N,2923,8,6 - ANO,99,"1,1",Sais Inorgânicos,Cloretos
H07234RA,HYAMINE 1622 (CLORETO DE BENZETONIO) 50G," R$  40,18 ","0,00%",121-54-0,2923.90.90,NAO,N,N,N,N,2923,8,6 - ANO,99,"1,1",Sais Inorgânicos,Cloretos
H09889SO,"HYAMINE 1622 SOL.0,004M 1L"," R$  29,85 ","0,00%",121-54-0,2923.90.90,NAO,N,N,N,N,-,-,2 - ANO,"0,18","0,98",Compostos Orgânicos,Diversos
H08779SO,"HYAMINE 1622 SOL.0,04M 1L"," R$  37,67 ","0,00%",121-54-0,2923.90.90,NAO,N,N,N,N,-,-,2 - ANO,"1,9","0,98",Compostos Orgânicos,Diversos
I09153RA,IMIDAZOL PS 100G," R$  28,32 ","0,00%",288-32-4,2933.29.91,NAO,N,N,N,N,3263,8,6 - ANO,99,"1,036",Compostos Orgânicos,Diversos
I09151RA,IMIDAZOL PS 250G," R$  67,79 ","0,00%",288-32-4,2933.29.91,NAO,N,N,N,N,3263,8,6 - ANO,99,"1,036",Compostos Orgânicos,Diversos
I09152RA,IMIDAZOL PS 500G," R$  138,98 ","0,00%",288-32-4,2933.29.91,NAO,N,N,N,N,3263,8,6 - ANO,99,"1,04",Compostos Orgânicos,Diversos
I04392RA,IMIDAZOL PS 5KG," R$  1.146,00 ","0,00%",288-32-4,2933.29.91,NAO,N,N,N,N,3263,8,6 - ANO,99,"1,036",Compostos Orgânicos,Diversos
IU06675RA,IMIDAZOLIDINIL UREIA 500G," R$  356,52 ","0,00%",39236-46-9,2933.29.99,NAO,N,N,N,N,-,-,6 - ANO,0,"1,24",Compostos Orgânicos,Diversos
IA03269SO,INDICADOR AMIDO SOLUCAO TS 1L	," R$  45,89 ","0,00%",9005-84-9,3822.90.00,NAO,N,N,N,N,-,-,2 - ANO,0,1,Indicadores,Indicadores e Corantes
IM03259SO,INDICADOR MISTO BROMETO DE DIMIDIUM/AZUL DE DISSULFINA  (SOL. ESTOQUE) 1L," R$  265,15 ","0,00%",-,2827.51.00,NAO,N,N,N,N,1170,3,2 - ANO,"0,2","0,8",Indicadores,Indicadores e Corantes
IM03260SO,INDICADOR MISTO BROMETO DE DIMIDIUM/AZUL DE DISSULFINA – SOLUCAO ACIDA 1L	," R$  265,15 ","0,00%",-,2827.51.00,NAO,N,N,N,N,2796,8,2 - ANO,4,"0,8",Indicadores,Indicadores e Corantes
IO03377SO,INDICADOR ORACET BLUE B TS 1L," R$  641,10 ","0,00%",12769-16-3,3822.90.00,NAO,N,N,N,N,-,-,2 - ANO,0,1,Indicadores,Indicadores e Corantes
IC09339RA,INDIGO CARMIN PA ACS (CI.73015) 25G," R$  14,79 ","0,00%",860-22-0,3822.90.00,NAO,N,N,N,N,-,-,6 - ANO,85,"1,2",Indicadores,Indicadores e Corantes
IC08777SO,"INDIGO CARMIN SOL.0,1% 1L"," R$  14,13 ","0,00%",860-22-0,3822.90.00,NAO,N,N,N,N,-,-,4 - ANO,"0,1","0,98",Indicadores,Indicadores e Corantes
IC07221SO,"INDIGO CARMIN SOL.0,2% EM ACIDO AC. 1L"," R$  66,33 ","0,00%",860-22-0,3822.90.00,NAO,N,N,N,N,2789,3,4 - ANO,"0,2","1,03",Indicadores,Indicadores e Corantes
IC06907SO,"INDIGO CARMIN SOL.0,3% AQUOSA 1L"," R$  32,14 ","0,00%",860-22-0,3822.90.00,NAO,N,N,N,N,-,-,4 - ANO,"0,3","0,98",Indicadores,Indicadores e Corantes
IC07370SO,"INDIGO CARMIN SOL.0,5% AQUOSA 1L"," R$  36,18 ","0,00%",860-22-0,3822.90.00,NAO,N,N,N,N,-,-,4 - ANO,"0,5","0,98",Indicadores,Indicadores e Corantes
CA07235SO,"INDIGO CARMIN SOL.1,2% 1L"," R$  39,89 ","0,00%",860-22-0,3822.90.00,NAO,N,N,N,N,-,-,4 - ANO,"1,2","0,98",Indicadores,Indicadores e Corantes
I04534RA,INOSINA PA 25G," R$  1.317,25 ","0,00%",58-63-9,2934.99.99,NAO,N,N,N,N,-,-,6 - ANO,98,"1,6",Compostos Orgânicos,Diversos
I04535RA,INOSINA PA 5G," R$  310,25 ","0,00%",58-63-9,2934.99.99,NAO,N,N,N,N,-,-,6 - ANO,98,"1,6",Compostos Orgânicos,Diversos
I09205RA,INOSITOL PA 100G," R$  26,16 ","0,00%",87-89-8,2906.13.00,NAO,N,N,N,N,-,-,6 - ANO,97,"1,75",Compostos Orgânicos,Diversos
I07398RA,INOSITOL PA 500G," R$  115,60 ","0,00%",87-89-8,2906.13.00,NAO,N,N,N,N,-,-,6 - ANO,97,"1,75",Compostos Orgânicos,Diversos
IC08382RA,IODATO DE CALCIO PA 100G," R$  248,75 ","0,00%",7789-80-2,2829.90.32,NAO,N,N,N,N,1479,5.1,6 - ANO,99,"4,52",Sais Inorgânicos,"Brometos, Iodetos e Fluoretos"
IC04163RA,IODATO DE CALCIO PA 500G," R$  1.115,00 ","0,00%",7789-80-2,2829.90.32,NAO,N,N,N,N,1479,5.1,6 - ANO,99,"4,52",Sais Inorgânicos,"Brometos, Iodetos e Fluoretos"
IP04072RA,IODATO DE POTASSIO PA 100G," R$  92,53 ","0,00%", 7758-05-6,2829.90.31,NAO,N,N,N,N,1479,5.1,6 - ANO,99,"3,98",Sais Inorgânicos,"Brometos, Iodetos e Fluoretos"
IP04069RA,IODATO DE POTASSIO PA 1KG," R$  835,30 ","0,00%", 7758-05-6,2829.90.31,NAO,N,N,N,N,1479,5.1,6 - ANO,99,"3,98",Sais Inorgânicos,"Brometos, Iodetos e Fluoretos"
IP04071RA,IODATO DE POTASSIO PA 250G," R$  216,33 ","0,00%", 7758-05-6,2829.90.31,NAO,N,N,N,N,1479,5.1,6 - ANO,99,"3,98",Sais Inorgânicos,"Brometos, Iodetos e Fluoretos"
IP04070RA,IODATO DE POTASSIO PA 500G," R$  422,65 ","0,00%", 7758-05-6,2829.90.31,NAO,N,N,N,N,1479,5.1,6 - ANO,99,"3,98",Sais Inorgânicos,"Brometos, Iodetos e Fluoretos"
IP04448SO,"IODATO DE POTASSIO SOL.0,0005 N 1L"," R$  64,15 ","0,00%",7758-05-6,2829.90.31,NAO,N,N,N,N,-,-,2 - ANO,"0,0018",1,Sais Inorgânicos,"Brometos, Iodetos e Fluoretos"
IP04245SO,"IODATO DE POTASSIO SOL.0,0025M 1L"," R$  64,15 ","0,00%",7758-05-6,2829.90.31,NAO,N,N,N,N,-,-,2 - ANO,"0,053",1,Sais Inorgânicos,"Brometos, Iodetos e Fluoretos"
IP08776SO,"IODATO DE POTASSIO SOL.0,01N 1L"," R$  20,88 ","0,00%",7758-05-6,2829.90.31,NAO,N,N,N,N,-,-,2 - ANO,"0,036",1,Sais Inorgânicos,"Brometos, Iodetos e Fluoretos"
IP04244SO,"IODATO DE POTASSIO SOL.0,025M 1L"," R$  64,15 ","0,00%",7758-05-6,2829.90.31,NAO,N,N,N,N,-,-,2 - ANO,"0,53",1,Sais Inorgânicos,"Brometos, Iodetos e Fluoretos"
IP07180SO,"IODATO DE POTASSIO SOL.0,025N 1L"," R$  64,15 ","0,00%",7758-05-6,2829.90.31,NAO,N,N,N,N,-,-,2 - ANO,"0,09",1,Sais Inorgânicos,"Brometos, Iodetos e Fluoretos"
IP04481SO,"IODATO DE POTASSIO SOL.0,02M 1L"," R$  64,15 ","0,00%",7758-05-6,2829.90.31,NAO,N,N,N,N,-,-,2 - ANO,"0,42",1,Sais Inorgânicos,"Brometos, Iodetos e Fluoretos"
IP06467SO,"IODATO DE POTASSIO SOL.0,05M 1L"," R$  23,09 ","0,00%",7758-05-6,2829.90.31,NAO,N,N,N,N,-,-,2 - ANO,"1,07",1,Sais Inorgânicos,"Brometos, Iodetos e Fluoretos"
IP09350SO,"IODATO DE POTASSIO SOL.0,1N 1L"," R$  18,80 ","0,00%",7758-05-6,2829.90.31,NAO,N,N,N,N,-,-,2 - ANO,"0,36",1,Sais Inorgânicos,"Brometos, Iodetos e Fluoretos"
IS06561RA,IODATO DE SODIO PA 100G," R$  113,76 ","0,00%",7681-55-2,2829.90.39,NAO,N,N,N,N,1479,5.1,6 - ANO,99,"4,28",Sais Inorgânicos,"Brometos, Iodetos e Fluoretos"
IS08182RA,IODATO DE SODIO PA 250G," R$  282,30 ","0,00%",7681-55-2,2829.90.31,NAO,N,N,N,N,1479,5.1,6 - ANO,99,"4,28",Sais Inorgânicos,"Brometos, Iodetos e Fluoretos"
IA04567RA,IODETO DE AMONIO PA 100G," R$  330,80 ","0,00%",12027-06-4,2827.60.19,NAO,N,N,N,N,-,-,6 - ANO,99,"2,51",Sais Inorgânicos,"Brometos, Iodetos e Fluoretos"
IA04566RA,IODETO DE AMONIO PA 25G," R$  156,25 ","0,00%",12027-06-4,2827.60.19,NAO,N,N,N,N,-,-,6 - ANO,99,"2,51",Sais Inorgânicos,"Brometos, Iodetos e Fluoretos"
IP09981RA,IODETO DE POTASSIO PA ACS 100G," R$  129,30 ","0,00%",7681-11-0,2827.60.12,NAO,N,N,N,N,-,-,6 - ANO,99,"3,13",Sais Inorgânicos,"Brometos, Iodetos e Fluoretos"
IP09940RA,IODETO DE POTASSIO PA ACS 1KG," R$  1.018,85 ","0,00%",7681-11-0,2827.60.12,NAO,N,N,N,N,-,-,6 - ANO,99,"3,13",Sais Inorgânicos,"Brometos, Iodetos e Fluoretos"
IP09938RA,IODETO DE POTASSIO PA ACS 250G," R$  272,98 ","0,00%",7681-11-0,2827.60.12,NAO,N,N,N,N,-,-,6 - ANO,99,"3,13",Sais Inorgânicos,"Brometos, Iodetos e Fluoretos"
IP09939RA,IODETO DE POTASSIO PA ACS 500G," R$  536,38 ","0,00%",7681-11-0,2827.60.12,NAO,N,N,N,N,-,-,6 - ANO,99,"3,13",Sais Inorgânicos,"Brometos, Iodetos e Fluoretos"
IP03514SO,"IODETO DE POTASSIO SOL. 16,5% 1L"," R$  262,01 ","0,00%",7681-11-0,2829.90.31,NAO,N,N,N,N,-,-,4 - ANO,"16,5",1,Sais Inorgânicos,"Brometos, Iodetos e Fluoretos"
IP06080SO,IODETO DE POTASSIO SOL. SATURADA 1L," R$  1.099,88 ","0,00%",7681-11-0,2829.90.31,NAO,N,N,N,N,-,-,4 - ANO,65,"1,445",Sais Inorgânicos,"Brometos, Iodetos e Fluoretos"
IP08771SO,"IODETO DE POTASSIO SOL.0,01N 1L"," R$  22,93 ","0,00%",7681-11-0,2829.90.31,NAO,N,N,N,N,-,-,2 - ANO,"0,17","0,98",Sais Inorgânicos,"Brometos, Iodetos e Fluoretos"
IP06198SO,"IODETO DE POTASSIO SOL.0,025N 1L"," R$  27,31 ","0,00%",7681-11-0,2829.90.31,NAO,N,N,N,N,-,-,2 - ANO,"0,42","0,98",Sais Inorgânicos,"Brometos, Iodetos e Fluoretos"
IP06444SO,"IODETO DE POTASSIO SOL.0,02N 1L"," R$  25,85 ","0,00%",7681-11-0,2829.90.31,NAO,N,N,N,N,-,-,2 - ANO,"0,33","0,98",Sais Inorgânicos,"Brometos, Iodetos e Fluoretos"
IP06835SO,"IODETO DE POTASSIO SOL.0,05M 1L"," R$  34,59 ","0,00%",7681-11-0,2829.90.31,NAO,N,N,N,N,-,-,2 - ANO,"0,83","0,98",Sais Inorgânicos,"Brometos, Iodetos e Fluoretos"
IP05902SO,"IODETO DE POTASSIO SOL.0,1M 1L"," R$  49,15 ","0,00%",7681-11-0,2827.60.12,NAO,N,N,N,N,-,-,2 - ANO,"1,66",1,Sais Inorgânicos,"Brometos, Iodetos e Fluoretos"
IP08770SO,"IODETO DE POTASSIO SOL.0,1N 1L"," R$  48,11 ","0,00%",7681-11-0,2829.90.31,NAO,N,N,N,N,-,-,2 - ANO,"1,66",1,Sais Inorgânicos,"Brometos, Iodetos e Fluoretos"
IP06818SO,"IODETO DE POTASSIO SOL.0,282N 500ML"," R$  109,28 ","0,00%",7681-11-0,2827.60.12,NAO,N,N,N,N,-,-,2 - ANO,"4,68","0,98",Sais Inorgânicos,"Brometos, Iodetos e Fluoretos"
IP07137SO,"IODETO DE POTASSIO SOL.0,2N 1L"," R$  82,80 ","0,00%",7681-11-0,2829.90.31,NAO,N,N,N,N,-,-,2 - ANO,"3,32","0,98",Sais Inorgânicos,"Brometos, Iodetos e Fluoretos"
IP04447SO,"IODETO DE POTASSIO SOL.0,4N 1L"," R$  132,48 ","0,00%",7681-11-0,2829.90.31,NAO,N,N,N,N,-,-,2 - ANO,"6,64","0,99",Sais Inorgânicos,"Brometos, Iodetos e Fluoretos"
IP06390SO,"IODETO DE POTASSIO SOL.0,5M 1L"," R$  160,60 ","0,00%",7681-11-0,2827.60.12,NAO,N,N,N,N,-,-,2 - ANO,"8,3","0,98",Sais Inorgânicos,"Brometos, Iodetos e Fluoretos"
IP09095SO,IODETO DE POTASSIO SOL.10% 1L," R$  165,69 ","0,00%",7681-11-0,2827.60.12,NAO,N,N,N,N,-,-,4 - ANO,10,"1,04",Sais Inorgânicos,"Brometos, Iodetos e Fluoretos"
IP06620SO,IODETO DE POTASSIO SOL.15% 1L," R$  241,50 ","0,00%",7681-11-0,2829.90.31,NAO,N,N,N,N,-,-,4 - ANO,15,"1,07",Sais Inorgânicos,"Brometos, Iodetos e Fluoretos"
IP08769SO,IODETO DE POTASSIO SOL.1M 1L," R$  263,76 ","0,00%",7681-11-0,2829.90.31,NAO,N,N,N,N,-,-,2 - ANO,"16,6","1,1",Sais Inorgânicos,"Brometos, Iodetos e Fluoretos"
IP05216SO,IODETO DE POTASSIO SOL.2% 1L," R$  44,35 ","0,00%",7681-11-0,2827.60.12,NAO,N,N,N,N,-,-,4 - ANO,2,1,Sais Inorgânicos,"Brometos, Iodetos e Fluoretos"
IP08767SO,IODETO DE POTASSIO SOL.20% 1L," R$  317,35 ","0,00%",7681-11-0,2829.90.31,NAO,N,N,N,N,-,-,4 - ANO,20,"1,09",Sais Inorgânicos,"Brometos, Iodetos e Fluoretos"
IP06300SO,IODETO DE POTASSIO SOL.3M 100ML," R$  97,13 ","0,00%",7681-11-0,2829.90.31,NAO,N,N,N,N,-,-,2 - ANO,"49,8","1,2",Sais Inorgânicos,"Brometos, Iodetos e Fluoretos"
IP06994SO,IODETO DE POTASSIO SOL.3M 1L," R$  845,25 ","0,00%",7681-11-0,2829.90.31,NAO,N,N,N,N,-,-,2 - ANO,"49,8","1,2",Sais Inorgânicos,"Brometos, Iodetos e Fluoretos"
IP05596SO,IODETO DE POTASSIO SOL.4% 1L," R$  74,66 ","0,00%",7681-11-0,2827.60.12,NAO,N,N,N,N,-,-,4 - ANO,4,1,Sais Inorgânicos,"Brometos, Iodetos e Fluoretos"
IP04679SO,IODETO DE POTASSIO SOL.40% AQUOSA 1L," R$  620,69 ","0,00%",7681-11-0,2829.90.31,NAO,N,N,N,N,-,-,4 - ANO,40,"1,26",Sais Inorgânicos,"Brometos, Iodetos e Fluoretos"
IP06227SO,IODETO DE POTASSIO SOL.5% 1L," R$  89,85 ","0,00%",7681-11-0,2829.90.31,NAO,N,N,N,N,-,-,4 - ANO,5,1,Sais Inorgânicos,"Brometos, Iodetos e Fluoretos"
IP08766SO,IODETO DE POTASSIO SOL.50% 1L," R$  772,38 ","0,00%",7681-11-0,2829.90.31,NAO,N,N,N,N,-,-,4 - ANO,50,"1,23",Sais Inorgânicos,"Brometos, Iodetos e Fluoretos"
IP08768SO,"IODETO DE POTASSIO SOL.7,5% 1L"," R$  127,75 ","0,00%",7681-11-0,2829.90.31,NAO,N,N,N,N,-,-,4 - ANO,"7,5",1,Sais Inorgânicos,"Brometos, Iodetos e Fluoretos"
IP05980RA,IODETO DE PRATA PA 5G," R$  2.367,78 ","0,00%",7783-96-2,2827.60.19,NAO,N,N,N,N,-,-,6 - ANO,44,"5,67",Sais Inorgânicos,"Brometos, Iodetos e Fluoretos"
IS08057RA,IODETO DE SODIO PA 100G," R$  138,66 ","0,00%",7681-82-5,2827.60.11,NAO,N,N,N,N,3077,9,6 - ANO,99,"3,67",Sais Inorgânicos,"Brometos, Iodetos e Fluoretos"
IS08058RA,IODETO DE SODIO PA 250G," R$  343,46 ","0,00%",7681-82-5,2827.60.11,NAO,N,N,N,N,3077,9,6 - ANO,99,"3,67",Sais Inorgânicos,"Brometos, Iodetos e Fluoretos"
IS07550RA,IODETO DE SODIO PA 500G," R$  671,63 ","0,00%",7681-82-5,2827.60.11,NAO,N,N,N,N,3077,9,6 - ANO,99,"3,67",Sais Inorgânicos,"Brometos, Iodetos e Fluoretos"
IT05641RA,IODETO DE TETRABUTILAMONIO PA 25G," R$  86,73 ","0,00%",311-28-4,2923.90.90,NAO,N,N,N,N,-,-,6 - ANO,99,"0,572",Sais Inorgânicos,"Brometos, Iodetos e Fluoretos"
IP04658SO,"IODETO IODATO DE POTASSIO SOL.0,0025N 1L"," R$  23,52 ","0,00%",-,2829.90.31,NAO,N,N,N,N,-,-,2 - ANO,0,"0,97",Sais Inorgânicos,"Brometos, Iodetos e Fluoretos"
IP08775SO,"IODETO IODATO DE POTASSIO SOL.0,0125N 1L"," R$  22,14 ","0,00%",-,2829.90.31,NAO,N,N,N,N,-,-,2 - ANO,"0,01","0,98",Sais Inorgânicos,"Brometos, Iodetos e Fluoretos"
IP06801SO,"IODETO IODATO DE POTASSIO SOL.0,0248N 1L"," R$  23,52 ","0,00%",-,2829.90.31,NAO,N,N,N,N,-,-,2 - ANO,"0,02","0,98",Sais Inorgânicos,"Brometos, Iodetos e Fluoretos"
IP09070SO,"IODETO IODATO DE POTASSIO SOL.0,025N 1L"," R$  23,52 ","0,00%",-,2829.90.31,NAO,N,N,N,N,-,-,2 - ANO,0,"0,98",Sais Inorgânicos,"Brometos, Iodetos e Fluoretos"
IP08774SO,"IODETO IODATO DE POTASSIO SOL.0,02N 1L"," R$  22,94 ","0,00%",-,2829.90.31,NAO,N,N,N,N,-,-,2 - ANO,0,"0,98",Sais Inorgânicos,"Brometos, Iodetos e Fluoretos"
IP08773SO,"IODETO IODATO DE POTASSIO SOL.0,125N 1L"," R$  23,52 ","0,00%",-,2829.90.31,NAO,N,N,N,N,-,-,2 - ANO,"0,12","0,98",Sais Inorgânicos,"Brometos, Iodetos e Fluoretos"
IP08772SO,"IODETO IODATO DE POTASSIO SOL.0,1N 1L"," R$  23,52 ","0,00%",-,2829.90.31,NAO,N,N,N,N,-,-,2 - ANO,0,"0,98",Sais Inorgânicos,"Brometos, Iodetos e Fluoretos"
I06859SO,"IODO SOL.0,5% ALCOOL ETILICO 70% 1L"," R$  38,02 ","0,00%",7553-56-2,2801.20.90,NAO,N,N,N,N,1170,3,4 - ANO,"0,5","0,87",Solventes e Água,Solventes
I05503SO,"IODO SOL.1N(0,5M) 1L"," R$  623,39 ","0,00%",7553-56-2,2801.20.90,NAO,N,N,N,N,-,-,2 - ANO,"12,6","1,06",Compostos Orgânicos,Diversos
I05670RA,IODOETANO PURO 100ML," R$  363,54 ","0,00%",75-03-6,2903.69.90,NAO,N,N,N,N,1993,3,4 - ANO,99,"1,93",Compostos Orgânicos,Diversos
IF06479RA,IODOFORMIO PURO 100G," R$  99,50 ","0,00%",75-47-8,2903.69.20,NAO,N,N,N,N,-,-,4 - ANO,99,4,Compostos Orgânicos,Diversos
IF08544RA,IODOFORMIO PURO 1KG," R$  1.078,92 ","0,00%",75-47-8,2903.69.20,NAO,N,N,N,N,-,-,4 - ANO,99,4,Compostos Orgânicos,Diversos
IF06458RA,IODOFORMIO PURO 250G," R$  333,25 ","0,00%",75-47-8,2903.69.20,NAO,N,N,N,N,-,-,4 - ANO,99,4,Compostos Orgânicos,Diversos
IF07476RA,IODOFORMIO PURO 500G," R$  598,74 ","0,00%",75-47-8,2903.69.20,NAO,N,N,N,N,-,-,4 - ANO,99,4,Compostos Orgânicos,Diversos
I09307RA,IRGASAN (TRICLOSAN) 100G," R$  361,15 ","0,00%",3380-34-5,2918.23.00,NAO,N,N,N,N,3077,9,6 - ANO,97,"1,55",Compostos Orgânicos,Diversos
I09306RA,IRGASAN (TRICLOSAN) 500G," R$  1.420,96 ","0,00%",3380-34-5,2918.23.00,NAO,N,N,N,N,3077,9,6 - ANO,97,"1,55",Compostos Orgânicos,Diversos
II04882SO,"IRON INDICADOR DIFENILAMINA SULFONATO DE BARIO 3,2G/L + 5G/L SULFATO DE SODIO SOL. AQUOSA 250ML"," R$  254,15 ","0,00%",-,2921.44.10,NAO,N,N,N,N,-,-,2 - ANO,0,"0,98",Indicadores,Indicadores e Corantes
I05669RA,ISATINA PA 25G," R$  183,80 ","0,00%",91-56-5,2933.79.90,NAO,N,N,N,N,-,-,6 - ANO,98,"1,4",Compostos Orgânicos,Diversos
IO07164RA,ISO OCTANO (TRIMETILPENTANO) HPLC PLUS 1L," R$  232,15 ","0,00%",540-84-1,2901.10.00,NAO,N,N,N,N,1262,3,6 - ANO,99,"0,69",Compostos Orgânicos,Diversos
IO09343RA,ISO OCTANO (TRIMETILPENTANO) PA ACS 1L," R$  195,25 ","0,00%",540-84-1,2901.10.00,NAO,N,N,N,N,1262,3,6 - ANO,99,"0,69",Compostos Orgânicos,Diversos
I04443RA,ISOHEXANO PURO 1L," R$  1.910,12 ","0,00%",110-54-3,2901.10.00,NAO,N,N,N,N,1208,3,4 - ANO,97,"0,65",Solventes e Água,Solventes
I04838RA,ISOPARAFINA 13/15 PA 1L," R$  56,04 ","0,00%",8002-74-2,2710.19.91,NAO,N,N,N,N,-,-,6 - ANO,0,"0,7",Compostos Orgânicos,Diversos
KF06394SO,KARL FISCHER (ISENTO DE PIRIDINA)2MG PA 1L," R$  142,15 ","0,00%",-,3822.90.00,NAO,N,N,N,N,1230,3,2 - ANO,0,1,Compostos Orgânicos,Diversos
KF07993SO,KARL FISCHER (ISENTO DE PIRIDINA)5MG PA 1L," R$  611,10 ","0,00%",-,3822.90.00,NAO,N,N,N,N,1230,3,2 - ANO,0,1,Compostos Orgânicos,Diversos
KS07324SO,KELLER SOLUCAO 1L," R$  191,14 ","0,00%",-,3824.99.89,NAO,N,N,N,N,3264,8,2 - ANO,0,1,Compostos Orgânicos,Diversos
K03314RA,KINETIN 99% 100G," R$  342,15 ","0,00%",525-79-1,3808.93.59,NAO,N,N,N,N,-,-,6 - ANO,99,1,Compostos Orgânicos,Diversos
KI05831RA,KINETIN 99% 25G," R$  95,01 ","0,00%",525-79-1,3808.93.59,NAO,N,N,N,N,-,-,6 - ANO,99,"1,49",Compostos Orgânicos,Diversos
KI05830RA,KINETIN 99% 5G," R$  28,59 ","0,00%",525-79-1,3808.93.59,NAO,N,N,N,N,-,-,6 - ANO,99,"1,49",Compostos Orgânicos,Diversos
LG05007RA,L GLUTATIONA REDUZIDA (GSH) 25G," R$  795,12 ","0,00%",70-18-8,2930.90.99,NAO,N,N,N,N,-,-,6 - ANO,97,1,Compostos Orgânicos,Diversos
LG05801RA,L GLUTATIONA REDUZIDA (GSH) 5G," R$  169,08 ","0,00%",70-18-8,2930.90.99,NAO,N,N,N,N,-,-,6 - ANO,97,1,Compostos Orgânicos,Diversos
O07425RA,L-ORNITINA HCL PA 25G," R$  27,05 ","0,00%",3184-13-2,2922.49.90,NAO,N,N,N,N,-,-,6 - ANO,"98,5","1,41",Compostos Orgânicos,Diversos
LC02067RA,LA DE CERAMICA 100G," R$  44,35 ","6,50%",65997-17-3,7019.73.90,NAO,N,N,N,N,-,-,6 - ANO,0,1,Compostos Orgânicos,Diversos
LV02130RA,LA DE CERAMICA 1KG," R$  245,25 ","6,50%",65997-17-3,7019.73.90,NAO,N,N,N,N,-,-,6 - ANO,0,1,Compostos Orgânicos,Diversos
LC02066RA,LA DE CERAMICA 250G," R$  71,24 ","6,50%",65997-17-3,7019.73.90,NAO,N,N,N,N,-,-,6 - ANO,0,1,Compostos Orgânicos,Diversos
LV05352RA,LA DE VIDRO 100G," R$  28,45 ","6,50%",65997-17-3,7019.80.00,NAO,N,N,N,N,-,-,6 - ANO,0,"1,1",Compostos Orgânicos,Diversos
LV05351RA,LA DE VIDRO 250G," R$  65,93 ","6,50%",65997-17-3,7019.80.00,NAO,N,N,N,N,-,-,6 - ANO,0,"1,1",Compostos Orgânicos,Diversos
LC08347RA,LACTATO DE CALCIO 5H2O PA 500G," R$  68,59 ","0,00%",5743-47-5,2918.11.00,NAO,N,N,N,N,-,-,6 - ANO,"94,5","1,5",Metais,Metais Alcalinos e Alcalino-Terrosos
LS06406SO,LACTATO DE SODIO SOL 50% 1L," R$  71,85 ","0,00%",72-17-3,2918.11.00,NAO,N,N,N,N,-,-,4 - ANO,49,"1,2",Metais,Metais Alcalinos e Alcalino-Terrosos
LD03568RA,LACTOSE-D (+) H2O PA 1KG," R$  39,99 ","0,00%",64044-51-5,1702.11.00,NAO,N,N,N,N,-,-,6 - ANO,99,"0,58",Compostos Orgânicos,Açúcares e Carboidratos
LD03567RA,LACTOSE-D (+) H2O PA 500G," R$  24,21 ","0,00%",64044-51-5,1702.11.00,NAO,N,N,N,N,-,-,6 - ANO,99,"0,58",Compostos Orgânicos,Açúcares e Carboidratos
LA09823RA,LANOLINA ANIDRA PA 1KG," R$  119,40 ","0,00%",8006-54-0,1505.00.10,NAO,N,N,N,N,-,-,6 - ANO,0,"0,932",Compostos Orgânicos,Diversos
ML04548RA,LAURATO DE METILA (METIL LAURATO) 98% PA 1KG," R$  1.365,25 ","0,00%",111-82-0,2915.90.49,NAO,N,N,N,N,3082,9,6 - ANO,98,"0,87",Compostos Orgânicos,Diversos
ML03392RA,LAURATO DE METILA (METIL LAURATO) 98% PA 250GR	," R$  350,25 ","0,00%",111-82-0,2915.90.49,NAO,N,N,N,N,3082,9,6 - ANO,98,"0,87",Compostos Orgânicos,Diversos
LE06915RA,LAURIL ETER SULFATO DE SODIO 1L," R$  39,55 ","0,00%",68585-34-2,2905.17.10,NAO,N,N,N,N,-,-,6 - ANO,25,1,Solventes e Água,Solventes
LS08750SO,"LAURIL SULFATO DE SODIO (DODECILSULFATO) 0,004M 1L"," R$  46,82 ","0,00%",151-21-3,2920.90.49,NAO,N,N,N,N,-,-,2 - ANO,"0,115",1,Sais Inorgânicos,Sulfatos e Sulfitos
LS06186SO,"LAURIL SULFATO DE SODIO (DODECILSULFATO) 0,008M 1L"," R$  46,82 ","0,00%",151-21-3,2920.90.49,NAO,N,N,N,N,-,-,2 - ANO,"0,24",1,Sais Inorgânicos,Sulfatos e Sulfitos
LS08749SO,"LAURIL SULFATO DE SODIO (DODECILSULFATO) 0,1M 1L"," R$  46,82 ","0,00%",151-21-3,2920.90.49,NAO,N,N,N,N,-,-,2 - ANO,"2,8",1,Sais Inorgânicos,Sulfatos e Sulfitos
LS04362SO,"LAURIL SULFATO DE SODIO (DODECILSULFATO) SOL.0,01M 1L"," R$  46,82 ","0,00%",151-21-3,2920.90.49,NAO,N,N,N,N,-,-,2 - ANO,1,1,Sais Inorgânicos,Sulfatos e Sulfitos
LS06434SO,"LAURIL SULFATO DE SODIO (DODECILSULFATO) SOL.0,02N 1L"," R$  46,82 ","0,00%",151-21-3,2920.90.49,NAO,N,N,N,N,-,-,2 - ANO,"1,16",1,Sais Inorgânicos,Sulfatos e Sulfitos
LS07790RA,LAURIL SULFATO DE SODIO PA (DODECILSULFATO) 250G," R$  23,88 ","0,00%",151-21-3,2920.90.49,NAO,N,N,N,N,1325,4.1,6 - ANO,90,1,Sais Inorgânicos,Sulfatos e Sulfitos
LS08526RA,LAURIL SULFATO DE SODIO PA (DODECILSULFATO) 500G," R$  36,89 ","0,00%",151-21-3,2920.90.49,NAO,N,N,N,N,1325,4.1,6 - ANO,90,1,Sais Inorgânicos,Sulfatos e Sulfitos
LS06857RA,LECITINA DE SOJA 100G," R$  19,97 ","0,00%",8002-43-5,2923.20.00,NAO,N,N,N,N,-,-,6 - ANO,0,"1,0305",Compostos Orgânicos,Diversos
LS07139RA,LECITINA DE SOJA 1KG," R$  116,46 ","0,00%",8002-43-5,2923.20.00,NAO,N,N,N,N,-,-,6 - ANO,0,"1,0305",Compostos Orgânicos,Diversos
LS07062RA,LECITINA DE SOJA 500G," R$  73,18 ","0,00%",8002-43-5,2923.20.00,NAO,N,N,N,N,-,-,6 - ANO,0,"1,0305",Compostos Orgânicos,Diversos
LL09582RA,LEUCINA-L (ISO) 10G," R$  10,47 ","0,00%",73-32-5,2922.49.90,NAO,N,N,N,N,-,-,6 - ANO,"98,5","1,14",Compostos Orgânicos,Aminoácidos
LL05408RA,LEUCINA-L (ISO) 1KG," R$  541,55 ","0,00%",73-32-5,2922.49.90,NAO,N,N,N,N,-,-,6 - ANO,"98,5","1,14",Compostos Orgânicos,Aminoácidos
LL09583RA,LEUCINA-L (ISO) 25G," R$  16,95 ","0,00%",73-32-5,2922.49.90,NAO,N,N,N,N,-,-,6 - ANO,"98,5","1,14",Compostos Orgânicos,Aminoácidos
LL09581RA,LEUCINA-L 25G," R$  20,99 ","0,00%",61-90-5,2922.49.59,NAO,N,N,N,N,-,-,6 - ANO,"98,5","1,14",Compostos Orgânicos,Aminoácidos
LD09273RA,LIGA DE DEVARDA EM PO PA 100G," R$  74,29 ","0,00%",8049-11-4,7403.29.00,NAO,N,N,N,N,3089,4.1,6 - ANO,0,"5,79",Compostos Orgânicos,Diversos
LD03466RA,LIGA DE DEVARDA EM PO PA 1KG," R$  624,51 ","0,00%",8049-11-4,7403.29.00,NAO,N,N,N,N,3089,4.1,6 - ANO,0,"5,29",Compostos Orgânicos,Diversos
LD09010RA,LIGA DE DEVARDA EM PO PA 250G," R$  168,54 ","0,00%",8049-11-4,7403.29.00,NAO,N,N,N,N,3089,4.1,6 - ANO,0,"5,79",Compostos Orgânicos,Diversos
L06323RA,LINALOL 97% 100G," R$  345,25 ","0,00%",78-70-6,2905.22.10,NAO,N,N,N,N,-,-,6 - ANO,97,"0,87",Compostos Orgânicos,Diversos
L06860RA,LINALOL 97% 25G," R$  105,46 ","0,00%",78-70-6,2905.22.10,NAO,N,N,N,N,,,6 - ANO,97,"0,87",Compostos Orgânicos,Diversos
LH08746SO,LIQUIDO DE HAYEN 1L," R$  48,68 ","0,00%",-,3822.90.00,NAO,N,N,N,N,-,-,2 - ANO,0,1,Compostos Orgânicos,Diversos
LT09832SO,LIQUIDO DE TUERCK 1L," R$  11,33 ","0,00%",-,3822.90.00,NAO,N,N,N,N,-,-,2 - ANO,0,1,Compostos Orgânicos,Diversos
LG09448SO,LIQUIDO GOWERS 1L," R$  31,15 ","0,00%",-,3822.90.00,NAO,N,N,N,N,-,-,2 - ANO,0,1,Compostos Orgânicos,Diversos
LL09648RA,LISINA-L CLORIDRATO PA 100G," R$  19,80 ","0,00%",657-27-2,2922.41.10,NAO,N,N,N,N,-,-,6 - ANO,"98,5","1,28",Compostos Orgânicos,Cloridratos e Aminas
LL07023RA,LISINA-L CLORIDRATO PA 25G," R$  9,90 ","0,00%",657-27-2,2922.41.10,NAO,N,N,N,N,-,-,6 - ANO,"98,5","1,28",Compostos Orgânicos,Cloridratos e Aminas
MD05396RA,MALONATO DE DIETILO 100G," R$  384,10 ","0,00%",105-53-3,2922.39.90,NAO,N,N,N,N,-,-,6 - ANO,99,"1,044",Compostos Orgânicos,Diversos
MD05397RA,MALONATO DE DIETILO 25G," R$  195,24 ","0,00%",105-53-3,2922.39.90,NAO,N,N,N,N,-,-,6 - ANO,99,"1,044",Compostos Orgânicos,Diversos
M05354RA,MALTODEXTRINA PA 100G," R$  33,25 ","0,00%",9050-36-6,1702.90.00,NAO,N,N,N,N,-,-,6 - ANO,0,"1,6",Compostos Orgânicos,Diversos
M05355RA,MALTODEXTRINA PA 500G," R$  49,89 ","0,00%",9050-36-6,1702.90.00,NAO,N,N,N,N,-,-,6 - ANO,0,"1,6",Compostos Orgânicos,Diversos
M08367RA,MALTOSE-D (+) MONOHIDRATADA PA 100G," R$  58,56 ","0,00%",6363-53-7,1702.11.00,NAO,N,N,N,N,-,-,6 - ANO,92,"1,54",Compostos Orgânicos,Açúcares e Carboidratos
M07409RA,MALTOSE-D (+) MONOHIDRATADA PA 250G," R$  159,57 ","0,00%",6363-53-7,1702.11.00,NAO,N,N,N,N,-,-,6 - ANO,92,"1,54",Compostos Orgânicos,Açúcares e Carboidratos
M07144RA,MALTOSE-D (+) MONOHIDRATADA PA 500G," R$  302,65 ","0,00%",6363-53-7,1702.11.00,NAO,N,N,N,N,-,-,6 - ANO,92,"1,54",Compostos Orgânicos,Açúcares e Carboidratos
M06500RA,MANOSE-D(+) PA 100G," R$  219,90 ","0,00%",3458-28-4,2940.00.19,NAO,N,N,N,N,-,-,6 - ANO,"99,9","1,55",Compostos Orgânicos,Diversos
M07300RA,MANOSE-D(+) PA 25G," R$  82,26 ","0,00%",3458-28-4,2940.00.19,NAO,N,N,N,N,-,-,6 - ANO,"99,9","1,55",Compostos Orgânicos,Diversos
M04142RA,MELAMINA PA 100G," R$  81,12 ","0,00%",108-78-1,2933.61.00,NAO,N,N,N,N,-,-,6 - ANO,"98,5","1,57",Compostos Orgânicos,Diversos
M03239RA,MELAMINA PA 1KG	," R$  199,45 ","0,00%",108-78-1,2933.61.00,NAO,N,N,N,N,-,-,6 - ANO,"98,5","1,57",Compostos Orgânicos,Diversos
M03240RA,MELAMINA PA 500G	," R$  136,26 ","0,00%",108-78-1,2933.61.00,NAO,N,N,N,N,-,-,6 - ANO,"98,5","1,57",Compostos Orgânicos,Diversos
M05667RA,MELIBIOSE MONOHIDRATADO- D(+) PA 10G," R$  851,05 ","0,00%",66009-10-7,2940.00.19,NAO,N,N,N,N,-,-,6 - ANO,99,1,Compostos Orgânicos,Diversos
M09801RA,MENTOL PURISSIMO 100G," R$  35,89 ","0,00%",89-78-1,2906.11.00,NAO,N,N,N,N,-,-,6 - ANO,"98,5","0,89",Compostos Orgânicos,Diversos
M06121RA,MENTOL PURISSIMO 1KG," R$  338,15 ","0,00%",89-78-1,2906.11.00,NAO,N,N,N,N,-,-,6 - ANO,"98,5","0,89",Compostos Orgânicos,Diversos
M06563RA,MENTOL PURISSIMO 500G," R$  172,25 ","0,00%",89-78-1,2906.11.00,NAO,N,N,N,N,-,-,6 - ANO,"98,5","0,89",Compostos Orgânicos,Diversos
M06697RA,MERCAPTOETANOL-2 PS 1L," R$  156,91 ","0,00%",60-24-2,2930.90.19,NAO,N,N,N,N,2966,6.1,6 - ANO,98,"1,11",Solventes e Água,Solventes
M07768RA,MERCAPTOETANOL-2 PS 250ML," R$  48,07 ","0,00%",60-24-2,2930.90.99,NAO,N,N,N,N,2966,6.1,6 - ANO,98,"1,11",Solventes e Água,Solventes
M07766RA,MERCAPTOETANOL-2 PS 500ML," R$  86,40 ","0,00%",60-24-2,2930.90.19,NAO,N,N,N,N,2966,6.1,6 - ANO,98,"1,11",Solventes e Água,Solventes
MP08484RA,METABISSULFITO DE POTASSIO PA 500G," R$  31,05 ","0,00%",16731-55-8,2833.29.90,NAO,N,N,N,N,-,-,6 - ANO,97,"2,3",Sais Inorgânicos,Sulfatos e Sulfitos
MS08559RA,METABISSULFITO DE SODIO PA 1KG," R$  17,72 ","0,00%",7681-57-4,2832.10.90,NAO,N,N,N,N,-,-,6 - ANO,97,"1,4",Sais Inorgânicos,Sulfatos e Sulfitos
MS09568RA,METABISSULFITO DE SODIO PA 500G," R$  10,46 ","0,00%",7681-57-4,2832.10.90,NAO,N,N,N,N,-,-,6 - ANO,97,"1,4",Sais Inorgânicos,Sulfatos e Sulfitos
MS04973SO,METABISSULFITO DE SODIO SOL. 6% AQUOSA 1L," R$  24,15 ","0,00%",7681-57-4,2832.10.90,NAO,N,N,N,N,-,-,4 - ANO,6,"1,015",Sais Inorgânicos,Sulfatos e Sulfitos
ML05805RA,METABORATO DE LITIO (ANIDRO) 99% PA 100G," R$  153,74 ","0,00%",13453-69-5,2840.20.00,NAO,N,N,N,N,-,-,6 - ANO,99,"2,18",Sais Inorgânicos,Boratos e Silicatos
MS05489RA,METANOSULFONATO DE SODIO 98% PUREX 5G," R$  211,55 ","0,00%",2386-57-4,2917.19.22,NAO,N,N,N,N,-,-,6 - ANO,98,1,Metais,Metais Alcalinos e Alcalino-Terrosos
MS09288RA,METASSILICATO DE SODIO PURO 5H2O 500G," R$  28,56 ","0,00%",10213-79-3,2839.11.00,NAO,N,N,N,N,3253,8,4 - ANO,0,"1,45",Sais Inorgânicos,Boratos e Silicatos
VA09698RA,METAVANADATO DE AMONIO PA 100G," R$  90,46 ","0,00%",7803-55-6,2841.90.30,NAO,N,N,N,N,2859,6.1,6 - ANO,98,"2,3",Compostos Orgânicos,Diversos
MA04549RA,METAVANADATO DE AMONIO PA 250G," R$  211,16 ","0,00%",7803-55-6,2841.90.30,NAO,N,N,N,N,2859,6.1,6 - ANO,98,"2,3",Compostos Orgânicos,Diversos
VA07828RA,METAVANADATO DE AMONIO PA 500G," R$  412,30 ","0,00%",7803-55-6,2841.90.30,NAO,N,N,N,N,2811,6.1,6 - ANO,98,"2,3",Compostos Orgânicos,Diversos
MA04595SO,"METAVANADATO DE AMONIO SOL. 0,25% ACIDIFICADA 1L"," R$  56,68 ","0,00%",7803-55-6,2841.90.30,NAO,N,N,N,N,2922,8,4 - ANO,"0,25","1,135",Compostos Orgânicos,Diversos
MV07636RA,METAVANADATO DE SODIO PA 100G," R$  989,82 ","0,00%",13718-26-8,2841.90.30,NAO,N,N,N,N,3285,6.1,6 - ANO,98,"3,2",Metais,Metais Alcalinos e Alcalino-Terrosos
MP08410RA,METIL-1 PIRROLIDONA-2 PA ACS 1L," R$  62,07 ","0,00%",872-50-4,2909.19.10,NAO,N,N,N,N,-,-,6 - ANO,99,"1,027",Compostos Orgânicos,Diversos
MS07393SO,"METILATO DE SODIO (METOXIDO DE SODIO) SOL.0,02N EM METANOL 1L"," R$  67,61 ","0,00%",124-41-4,2905.19.22,NAO,N,N,N,N,1289,3,2 - ANO,"0,03","0,87",Solventes e Água,Solventes
MS06631SO,"METILATO DE SODIO (METOXIDO DE SODIO) SOL.0,1N EM METANOL 1L"," R$  123,68 ","0,00%",124-41-4,2905.19.22,NAO,N,N,N,N,1289,3,2 - ANO,"0,55","0,86",Solventes e Água,Solventes
MS07172SO,"METILATO DE SODIO (METOXIDO DE SODIO) SOL.0,1N EM TOLUOL 1L"," R$  99,80 ","0,00%",124-41-4,2905.19.22,NAO,N,N,N,N,1289,3,2 - ANO,"0,55","0,83",Reagentes Especiais,Óxidos e Peróxidos
MS06914SO,METILATO DE SODIO (METOXIDO DE SODIO) SOL.30% EM METANOL 1L," R$  29,70 ","0,00%",124-41-4,2905.19.22,NAO,N,N,N,N,1289,3,4 - ANO,30,"0,95",Solventes e Água,Solventes
M05665RA,METILCICLOHEXANO 99% PA 1L," R$  336,05 ","0,00%",108-87-2,2902.19.90,NAO,N,N,N,N,2296,3,6 - ANO,99,"0,77",Solventes e Água,Solventes
M06427RA,METIONINA-L PA 100G," R$  42,26 ","0,00%",63-68-3,2930.40.10,NAO,N,N,N,N,-,-,6 - ANO,"98,5","1,34",Compostos Orgânicos,Aminoácidos
M06426RA,METIONINA-L PA 250G," R$  149,75 ","0,00%",63-68-3,2930.40.10,NAO,N,N,N,N,-,-,6 - ANO,"98,5","1,34",Compostos Orgânicos,Aminoácidos
M07827RA,METIONINA-L PA 25G," R$  14,93 ","0,00%",63-68-3,2930.40.10,NAO,N,N,N,N,-,-,6 - ANO,"98,5","1,34",Compostos Orgânicos,Aminoácidos
M06425RA,METIONINA-L PA 500G," R$  165,67 ","0,00%",63-68-3,2930.40.10,NAO,N,N,N,N,-,-,6 - ANO,"98,5","1,34",Compostos Orgânicos,Aminoácidos
MO05405RA,METOXICINAMATO DE OCTILA 99% 100ML," R$  319,92 ","0,00%",5466-77-3,2918.99.99,NAO,N,N,N,N,-,-,6 - ANO,99,1,Compostos Orgânicos,Diversos
MI08168RA,MIRISTATO DE ISOPROPILA 1L," R$  101,63 ","0,00%",110-27-0,2915.90.33,NAO,N,N,N,N,-,-,6 - ANO,98,"0,85",Compostos Orgânicos,Diversos
MA04775RA,MOLIBDATO DE AMONIO 4H2O PA 100G," R$  86,59 ","0,00%",12054-85-2,2841.70.10,NAO,N,N,N,N,-,-,6 - ANO,98,"2,49",Sais Inorgânicos,Outros Sais
MA04772RA,MOLIBDATO DE AMONIO 4H2O PA 1KG," R$  643,55 ","0,00%",12054-85-2,2841.70.10,NAO,N,N,N,N,-,-,6 - ANO,98,"2,49",Sais Inorgânicos,Outros Sais
MA04774RA,MOLIBDATO DE AMONIO 4H2O PA 250G," R$  168,39 ","0,00%",12054-85-2,2841.70.10,NAO,N,N,N,N,-,-,6 - ANO,98,"2,49",Sais Inorgânicos,Outros Sais
MA04773RA,MOLIBDATO DE AMONIO 4H2O PA 500G," R$  326,78 ","0,00%",12054-85-2,2841.70.10,NAO,N,N,N,N,-,-,6 - ANO,98,"2,49",Sais Inorgânicos,Outros Sais
MA06891RA,MOLIBDATO DE AMONIO 4H2O PA ACS ISO 250G," R$  626,55 ","0,00%",12054-85-2,2841.70.10,NAO,N,N,N,N,-,-,6 - ANO,99,"2,49",Sais Inorgânicos,Outros Sais
MA08743SO,MOLIBDATO DE AMONIO SOL. H2O D. FOSFATO 1L," R$  52,55 ","0,00%",12054-85-2,2841.70.10,NAO,N,N,N,N,-,-,1 - ANO,10,"1,045",Sais Inorgânicos,Fosfatos
MA08739SO,MOLIBDATO DE AMONIO SOL.10% D. SILICA 1L," R$  64,45 ","0,00%",12054-85-2,2841.70.10,NAO,N,N,N,N,-,-,4 - ANO,10,"1,04",Sais Inorgânicos,Outros Sais
MA08740SO,MOLIBDATO DE AMONIO SOL.5% D. SILICA 1L," R$  41,07 ","0,00%",12054-85-2,2841.70.10,NAO,N,N,N,N,-,-,4 - ANO,5,"1,01",Sais Inorgânicos,Outros Sais
MA03487SO,MOLIBDATO DE AMONIO SOLUCAO TS 1L," R$  125,26 ","0,00%",-,2841.70.10,NAO,N,N,N,N,-,-,4 - ANO,"0,5",1,Sais Inorgânicos,Outros Sais
ML04932SO,MOLIBDATO DE LITIO SOL.10% 1L," R$  624,15 ","0,00%",13568-40-6,2841.70.90,NAO,N,N,N,N,-,-,4 - ANO,10,1,Sais Inorgânicos,Outros Sais
ML02174SO,MOLIBDATO DE LITIO SOL.20% 1L	," R$  1.047,25 ","0,00%",13568-40-6,2841.70.90,NAO,N,N,N,N,-,-,4 - ANO,20,1,Sais Inorgânicos,Outros Sais
MS04770RA,MOLIBDATO DE SODIO 2H2O PA 100G," R$  55,75 ","0,00%",10102-40-6,2841.70.20,NAO,N,N,N,N,-,-,6 - ANO,98,"2,71",Sais Inorgânicos,Outros Sais
MS04767RA,MOLIBDATO DE SODIO 2H2O PA 1KG," R$  433,34 ","0,00%",10102-40-6,2841.70.20,NAO,N,N,N,N,-,-,6 - ANO,98,"2,71",Sais Inorgânicos,Outros Sais
MS04769RA,MOLIBDATO DE SODIO 2H2O PA 250G," R$  120,68 ","0,00%",10102-40-6,2841.70.20,NAO,N,N,N,N,-,-,6 - ANO,98,"2,71",Sais Inorgânicos,Outros Sais
MS04768RA,MOLIBDATO DE SODIO 2H2O PA 500G," R$  222,92 ","0,00%",10102-40-6,2841.70.20,NAO,N,N,N,N,-,-,6 - ANO,98,"2,71",Sais Inorgânicos,Outros Sais
MV06485SO,MOLIBDATO VANADATO S-R 500ML," R$  69,56 ","0,00%",-,2841.70.10,NAO,N,N,N,N,2922,8(6.1),2 - ANO,30,"1,05",Sais Inorgânicos,Outros Sais
MB06813RA,MONOBROMETO DE IODO 98% 50G," R$  987,64 ","0,00%",7789-33-5,2812.90.00,NAO,N,N,N,N,3260,8,6 - ANO,98,"4,41",Sais Inorgânicos,"Brometos, Iodetos e Fluoretos"
M08338RA,MONOCLOROBENZENO PA 1L," R$  92,45 ","0,00%",108-90-7,2903.91.10,NAO,N,N,N,N,1134,3,6 - ANO,"99,5","1,11",Solventes e Água,Solventes
MG09960RA,MONOESTEARATO DE GLICERILA 500G," R$  59,90 ","0,00%",123-94-4,2915.39.29,NAO,N,N,N,N,-,-,6 - ANO,0,"0,96",Compostos Orgânicos,Diversos
E07071RA,MONOETANOLAMINA PS (2-AMINOETANOL) 1L," R$  67,46 ","0,00%",141-43-5,2922.11.00,NAO,N,N,N,N,2491,8,6 - ANO,99,"1,018",Solventes e Água,Solventes
MS04706RA,MONOFLUORFOSFATO DE SODIO PA 500G," R$  186,19 ","0,00%",10163-15-2,2826.90.90,NAO,N,N,N,N,-,-,6 - ANO,94,1,Sais Inorgânicos,Fosfatos
MO06559RA,MORFOLINA PA 1L," R$  66,92 ","0,00%",110-91-8,2934.99.11,NAO,N,N,N,N,2054,8,6 - ANO,99,"1,0007",Compostos Orgânicos,Diversos
M04282RA,MORFOLINA PA 500ML," R$  34,16 ","0,00%",110-91-8,2934.99.11,NAO,N,N,N,N,2054,8,6 - ANO,99,"1,0007",Compostos Orgânicos,Diversos
M09676RA,MUREXIDA PA ACS (IC.56085) 25G," R$  92,89 ","0,00%",3051-09-0,2933.59.99,NAO,N,N,N,N,-,-,6 - ANO,0,"1,72",Indicadores,Indicadores e Corantes
M08084RA,MUREXIDA PA ACS (IC.56085) 5G," R$  29,11 ","0,00%",3051-09-0,2933.59.99,NAO,N,N,N,N,-,-,6 - ANO,0,"1,72",Indicadores,Indicadores e Corantes
M08737SO,"MUREXIDA SOL.0,25% C/CLORETO DE SODIO 100G"," R$  14,93 ","0,00%",3051-09-0,2933.59.99,NAO,N,N,N,N,-,-,2 - ANO,"0,25",1,Indicadores,Indicadores e Corantes
M09348SO,MUREXIDA SOL.1% C/ CLORETO DE SODIO 100G," R$  14,93 ","0,00%",3051-09-0,2933.59.99,NAO,N,N,N,N,-,-,2 - ANO,1,1,Indicadores,Indicadores e Corantes
DM04715RA,N-DODECIL-BETA-D-MALTOSIDE 98% (CG) 1G," R$  1.195,50 ","0,00%",69227-93-6,2932.99.99,NAO,N,N,N,N,-,-,6 - ANO,98,"1,28",Compostos Orgânicos,Diversos
DM04713RA,N-DODECIL-BETA-D-MALTOSIDE 98% (CG) 25G," R$  15.990,50 ","0,00%",69227-93-6,2932.99.99,NAO,N,N,N,N,-,-,6 - ANO,98,"1,28",Compostos Orgânicos,Diversos
DM04714RA,N-DODECIL-BETA-D-MALTOSIDE 98% (CG) 5G," R$  4.094,50 ","0,00%",69227-93-6,2932.99.99,NAO,N,N,N,N,-,-,6 - ANO,98,"1,28",Compostos Orgânicos,Diversos
DF03985RA,"N,N-DIMETIL-P-FENILENODIAMINA DI HCL PA 100G"," R$  1.641,17 ","0,00%",536-46-9,2912.19.11,NAO,N,N,N,N,2811,6.1,6 - ANO,99,"0,96",Compostos Orgânicos,Diversos
DF06589RA,"N,N-DIMETIL-P-FENILENODIAMINA DI HCL PA 25G"," R$  442,15 ","0,00%",536-46-9,2912.19.11,NAO,N,N,N,N,2811,6.1,6 - ANO,99,1,Compostos Orgânicos,Diversos
NA06522RA,NAFTA SOLVENTE PA 1L," R$  78,70 ","0,00%",8030-30-6,2710.12.90,NAO,N,N,N,N,1268,3,6 - ANO,0,1,Compostos Orgânicos,Diversos
N03831RA,NAFTALINA (NAFTALENO) PS 1KG," R$  199,36 ","0,00%",91-20-3,2902.90.20,NAO,N,N,N,N,1334,4.1,6 - ANO,"98,5","1,16",Compostos Orgânicos,Diversos
N09928RA,NAFTALINA (NAFTALENO) PS 500G," R$  104,78 ","0,00%",91-20-3,2902.90.20,NAO,N,N,N,N,1334,4.1,6 - ANO,"98,5","1,16",Compostos Orgânicos,Diversos
NE03844RA,NAFTIL-1 ETILENDIAMINO DIHIDROCLORETO PA ACS 10G," R$  116,25 ","0,00%",1465-25-4,2921.59.90,NAO,N,N,N,N,-,-,6 - ANO,0,1,Sais Inorgânicos,Cloretos
NE09807RA,NAFTIL-1 ETILENDIAMINO DIHIDROCLORETO PA ACS 25G," R$  286,89 ","0,00%",1465-25-4,2921.59.90,NAO,N,N,N,N,-,-,6 - ANO,98,1,Sais Inorgânicos,Cloretos
NE08012RA,NAFTIL-1 ETILENDIAMINO DIHIDROCLORETO PA ACS 5G," R$  59,40 ","0,00%",1465-25-4,2921.59.90,NAO,N,N,N,N,-,-,6 - ANO,98,1,Sais Inorgânicos,Cloretos
AN07305RA,NAFTILAMINA (ALFA) EXTRA PURO 100G," R$  113,52 ","0,00%",134-32-7,2921.45.00,NAO,N,N,N,N,2077,6.1,4 - ANO,98,"1,114",Compostos Orgânicos,Diversos
AN06806RA,NAFTILAMINA (ALFA) EXTRA PURO 25G," R$  34,32 ","0,00%",134-32-7,2921.45.00,NAO,N,N,N,N,2077,6.1,4 - ANO,98,"1,114",Compostos Orgânicos,Diversos
N07473RA,NAFTOL-2 (BETA) PA 100G," R$  70,05 ","0,00%",135-19-3,29.07.15.10,NAO,N,N,N,N,3077,9,6 - ANO,99,"1,28",Compostos Orgânicos,Diversos
N07200RA,NATROSOL(HIDROXIETILCELULOSE 4400) 500G," R$  139,62 ","3,25%",9004-62-0,3912.39.10,NAO,N,N,N,N,-,-,6 - ANO,0,"0,6",Compostos Orgânicos,Diversos
N04295RA,NEOCUPROINE PA 1G," R$  385,48 ","0,00%",484-11-7,2933.99.99,NAO,N,N,N,N,-,-,6 - ANO,99,1,Compostos Orgânicos,Diversos
N07628RA,NICOTINAMIDA PA 250G," R$  73,56 ","0,00%",98-92-0,2936.29.52,NAO,N,N,N,N,-,-,6 - ANO,99,"1,4",Compostos Orgânicos,Diversos
N07789RA,NIGROSINA (CI.50420) PA 10G," R$  24,76 ","0,00%",8005-03-6,3822.90.00,NAO,N,N,N,N,-,-,4 - ANO,0,"0,75",Compostos Orgânicos,Diversos
N08420RA,NIGROSINA (CI.50420) PA 25G," R$  32,56 ","0,00%",8005-03-6,3822.90.00,NAO,N,N,N,N,-,-,4 - ANO,0,"0,75",Compostos Orgânicos,Diversos
N08735SO,NIGROSINA SOL.8% 100ML," R$  24,01 ","0,00%",8005-03-6,3822.90.00,NAO,N,N,N,N,-,-,4 - ANO,8,1,Compostos Orgânicos,Diversos
N09369RA,NINHIDRINA PA ACS 100G," R$  538,17 ","0,00%",485-47-2,2914.40.99,NAO,N,N,N,N,-,-,6 - ANO,0,"0,86",Compostos Orgânicos,Diversos
N09482RA,NINHIDRINA PA ACS 10G," R$  64,59 ","0,00%",485-47-2,2914.40.99,NAO,N,N,N,N,-,-,6 - ANO,0,"0,86",Compostos Orgânicos,Diversos
N08990RA,NINHIDRINA PA ACS 25G," R$  143,52 ","0,00%",485-47-2,2914.40.99,NAO,N,N,N,N,-,-,6 - ANO,0,"0,86",Compostos Orgânicos,Diversos
NI09977RA,NIPAGIN (METILPARABENO) PA 500G," R$  76,47 ","0,00%",99-76-3,2918.29.90,NAO,N,N,N,N,-,-,6 - ANO,99,"1,12",Compostos Orgânicos,Diversos
N09784RA,NIPAZOL (PROPILPARABENO) PA 500G," R$  88,61 ","0,00%",94-13-3,2918.29.23,NAO,N,N,N,N,-,-,6 - ANO,98,"1,063",Compostos Orgânicos,Diversos
N06476SO,NITAL SOL. 10% 1L," R$  79,60 ","0,00%",7697-37-2,2808.00.10,NAO,N,N,N,N,2924,3(8),2 - ANO,10,"0,79",Compostos Orgânicos,Diversos
N06688SO,NITAL SOL. 2% 1L," R$  35,37 ","0,00%",7697-37-2,2808.00.10,NAO,N,N,N,N,2924,3(8),2 - ANO,2,"0,79",Compostos Orgânicos,Diversos
N06387SO,NITAL SOL. 3% 1L," R$  49,52 ","0,00%",7697-37-2,2808.00.10,NAO,N,N,N,N,2924,3(8),2 - ANO,3,"0,79",Compostos Orgânicos,Diversos
N09790SO,NITAL SOL. 4% 1L," R$  52,30 ","0,00%",7697-37-2,2808.00.10,NAO,N,N,N,N,2924,3(8),2 - ANO,4,"0,79",Compostos Orgânicos,Diversos
N05573SO,NITAL SOL. 5% 1L," R$  72,10 ","0,00%",7697-37-2,2808.00.10,NAO,N,N,N,N,2924,3(8),2 - ANO,5,"0,79",Compostos Orgânicos,Diversos
NA04323RA,NITRATO DE ALUMINIO 9H2O PA 1KG," R$  105,48 ","0,00%",7784-27-2,2834.29.30,NAO,N,N,N,N,1438,5.1,6 - ANO,98,"1,4",Sais Inorgânicos,Nitratos
NA06492RA,NITRATO DE ALUMINIO 9H2O PA 250G," R$  43,85 ","0,00%",7784-27-2,2834.29.30,NAO,N,N,N,N,1438,5.1,6 - ANO,98,"1,4",Sais Inorgânicos,Nitratos
NA04324RA,NITRATO DE ALUMINIO 9H2O PA 500G," R$  59,10 ","0,00%",7784-27-2,2834.29.30,NAO,N,N,N,N,1438,5.1,6 - ANO,98,"1,4",Sais Inorgânicos,Nitratos
NA04095RA,NITRATO DE ALUMINIO 9H2O PA 5KG," R$  476,30 ","0,00%",7784-27-2,2834.29.30,NAO,N,N,N,N,1438,5.1,6 - ANO,98,"1,4",Sais Inorgânicos,Nitratos
NB07619RA,NITRATO DE BISMUTO III 5H2O PA 100G," R$  55,76 ","0,00%",10035-06-0,2834.29.90,NAO,N,N,N,N,1477,5.1,6 - ANO,98,"2,9",Sais Inorgânicos,Nitratos
NB06084RA,NITRATO DE BISMUTO III 5H2O PA 250G," R$  136,12 ","0,00%",10035-06-0,2834.29.90,NAO,N,N,N,N,1477,5.1,6 - ANO,98,"2,9",Sais Inorgânicos,Nitratos
NB07232RA,NITRATO DE BISMUTO III BASICO PA 100G," R$  57,66 ","0,00%",1304-85-4,2834.29.90,NAO,N,N,N,N,-,-,6 - ANO,79,"4,93",Sais Inorgânicos,Nitratos
NB06329RA,NITRATO DE BISMUTO III BASICO PA 250G," R$  140,55 ","0,00%",1304-85-4,2918.29.90,NAO,N,N,N,N,-,-,6 - ANO,79,"4,93",Sais Inorgânicos,Nitratos
NC09221RA,NITRATO DE CADMIO 4H2O PA 250G," R$  141,15 ","0,00%",10022-68-1,2834.29.90,NAO,N,N,N,N,2570,6.1,6 - ANO,99,"2,46",Sais Inorgânicos,Nitratos
NC03108RA,NITRATO DE CALCIO 4H2O PA 1KG," R$  38,78 ","0,00%",13477-34-4,2834.29.10,NAO,N,N,N,N,-,-,6 - ANO,99,1,Sais Inorgânicos,Nitratos
NC03107RA,NITRATO DE CALCIO 4H2O PA 500G," R$  26,25 ","0,00%",13477-34-4,2834.29.10,NAO,N,N,N,N,-,-,6 - ANO,99,1,Sais Inorgânicos,Nitratos
NC08112RA,NITRATO DE CALCIO 4H2O PA ACS 1KG," R$  34,86 ","0,00%",13477-34-4,2834.29.10,NAO,N,N,N,N,-,-,6 - ANO,99,"1,82",Sais Inorgânicos,Nitratos
NC04030SO,"NITRATO DE CALCIO SOL.0,02N (0,01M) 1L"," R$  52,16 ","0,00%",13477-34-4,2834.29.10,NAO,N,N,N,N,-,-,2 - ANO,0,1,Sais Inorgânicos,Nitratos
NC05714SO,"NITRATO DE CALCIO SOL.0,1M 1L"," R$  49,82 ","0,00%",13477-34-4,2834.29.10,NAO,N,N,N,N,-,-,2 - ANO,0,"1,1",Sais Inorgânicos,Nitratos
NC08730SO,NITRATO DE CALCIO SOL.10% 1L," R$  14,90 ","0,00%",13477-34-4,2834.29.10,NAO,N,N,N,N,-,-,4 - ANO,10,"1,05",Sais Inorgânicos,Nitratos
NC05475SO,NITRATO DE CALCIO SOL.20% 1L," R$  20,08 ","0,00%",13477-34-4,2834.29.10,NAO,N,N,N,N,-,-,4 - ANO,20,"1,1",Sais Inorgânicos,Nitratos
NC05663RA,NITRATO DE CERIO (III) HEXAHIDRATADO PA 100G," R$  732,60 ","0,00%",10294-41-4,2846.10.90,NAO,N,N,N,N,1477,5.1,6 - ANO,99,"1,05",Sais Inorgânicos,Nitratos
NC05664RA,NITRATO DE CERIO (III) HEXAHIDRATADO PA 25G," R$  166,10 ","0,00%",10294-41-4,2846.10.90,NAO,N,N,N,N,1477,5.1,6 - ANO,99,"1,05",Sais Inorgânicos,Nitratos
NC06985RA,NITRATO DE CERIO IV E AMONIO PA 100G," R$  147,30 ","0,00%",16774-21-3,2846.90.90,NAO,N,N,N,N,3085,5.1,6 - ANO,"98,5",1,Sais Inorgânicos,Nitratos
NC05929RA,NITRATO DE CERIO IV E AMONIO PA 25G," R$  39,35 ","0,00%",16774-21-3,2846.90.90,NAO,N,N,N,N,3085,5.1,6 - ANO,"98,5",1,Sais Inorgânicos,Nitratos
NC05662RA,"NITRATO DE CESIO 99,8 % PUREX 5G"," R$  192,46 ","0,00%",7789-18-6,2834.29.90,NAO,N,N,N,N,1451,5.1,6 - ANO,98,"3,64",Sais Inorgânicos,Nitratos
NC07214RA,NITRATO DE COBALTO OSO 6H2O PA 100G," R$  88,36 ","0,00%",10026-22-9,2834.29.90,NAO,N,N,N,N,1477,5.1,6 - ANO,97,"1,88",Sais Inorgânicos,Nitratos
NC07481RA,NITRATO DE COBALTO OSO 6H2O PA 250G," R$  194,02 ","0,00%",10026-22-9,2834.29.90,NAO,N,N,N,N,1477,5.1,6 - ANO,97,"1,88",Sais Inorgânicos,Nitratos
NC06468RA,NITRATO DE COBALTO OSO 6H2O PA 500G," R$  316,58 ","0,00%",10026-22-9,2834.29.90,NAO,N,N,N,N,1477,5.1,6 - ANO,97,"1,88",Sais Inorgânicos,Nitratos
NC07291SO,NITRATO DE COBALTO SOL.5% 1L," R$  36,16 ","0,00%",10026-22-9,2834.29.90,NAO,N,N,N,N,3218,5.1,4 - ANO,5,1,Sais Inorgânicos,Nitratos
NC09214RA,NITRATO DE CROMO III ICO (9H2O) PA 250G," R$  79,53 ","0,00%",7789-02-8,2834.29.90,NAO,N,N,N,N,2720,5.1,6 - ANO,98,"0,71",Sais Inorgânicos,Nitratos
NF09886RA,NITRATO DE FERRO III ICO 9H2O PA 100G," R$  22,72 ","0,00%",7782-61-8,2834.29.90,NAO,N,N,N,N,1466,5.1,6 - ANO,98,"1,64",Sais Inorgânicos,Nitratos
NF04100RA,NITRATO DE FERRO III ICO 9H2O PA 1KG," R$  119,12 ","0,00%",7782-61-8,2834.29.90,NAO,N,N,N,N,1466,5.1,6 - ANO,98,"1,64",Sais Inorgânicos,Nitratos
NF09887RA,NITRATO DE FERRO III ICO 9H2O PA 250G," R$  49,36 ","0,00%",7782-61-8,2834.29.90,NAO,N,N,N,N,1466,5.1,6 - ANO,98,"1,64",Sais Inorgânicos,Nitratos
NF07955RA,NITRATO DE FERRO III ICO 9H2O PA 500G," R$  59,45 ","0,00%",7782-61-8,2834.29.90,NAO,N,N,N,N,1466,5.1,6 - ANO,98,"1,64",Sais Inorgânicos,Nitratos
NL03948RA,NITRATO DE LANTANIO 6H2O PA 100G," R$  253,93 ","0,00%",10277-43-7,2846.90.90,NAO,N,N,N,N,1477,5.1,6 - ANO,99,1,Sais Inorgânicos,Nitratos
NL06871RA,NITRATO DE LANTANIO 6H2O PA 25G," R$  64,35 ","0,00%",10277-43-7,2846.90.90,NAO,N,N,N,N,1477,5.1,6 - ANO,99,"1,3",Sais Inorgânicos,Nitratos
NL03947RA,NITRATO DE LANTANIO 6H2O PA 500G," R$  1.341,15 ","0,00%",10277-43-7,2846.90.90,NAO,N,N,N,N,1477,5.1,6 - ANO,"99,9",1,Sais Inorgânicos,Nitratos
NL07341RA,NITRATO DE LITIO PA 100G," R$  124,93 ","0,00%",7790-69-4,2834.29.40,NAO,N,N,N,N,2722,5.1,6 - ANO,95,"1,71",Sais Inorgânicos,Nitratos
NL06321RA,NITRATO DE LITIO PA 250G," R$  231,50 ","0,00%",7790-69-4,2834.29.40,NAO,N,N,N,N,2722,5.1,6 - ANO,95,"1,71",Sais Inorgânicos,Nitratos
NM04477RA,NITRATO DE MAGNESIO 6H2O PA 500G," R$  22,36 ","0,00%",13446-18-9,2834.29.90,NAO,N,N,N,N,-,-,6 - ANO,98,"1,55",Sais Inorgânicos,Nitratos
NM04476RA,NITRATO DE MAGNESIO 6H2O PA ACS 500G," R$  44,34 ","0,00%",13446-18-9,2834.29.90,NAO,N,N,N,N,-,-,6 - ANO,98,"1,55",Sais Inorgânicos,Nitratos
NM07131RA,NITRATO DE MANGANES II 4H2O PA 250G," R$  726,21 ","0,00%",20694-39-7,2834.29.90,NAO,N,N,N,N,2724,5.1,6 - ANO,97,1,Sais Inorgânicos,Nitratos
NM03005SO,NITRATO DE MANGANES SOL. 50% 500ML," R$  110,14 ","0,00%",20694-39-7,2834.29.90,NAO,N,N,N,N,2724,5.1,4 - ANO,97,"2,13",Sais Inorgânicos,Nitratos
NN09512RA,NITRATO DE NIQUEL II OSO 6H2O PA 250G," R$  52,86 ","0,00%",13478-00-7,2834.29.90,NAO,N,N,N,N,2725,5.1,6 - ANO,97,"2,05",Sais Inorgânicos,Nitratos
NN09513RA,NITRATO DE NIQUEL II OSO 6H2O PA 500G," R$  93,22 ","0,00%",13478-00-7,2834.29.90,NAO,N,N,N,N,2725,5.1,6 - ANO,97,"2,05",Sais Inorgânicos,Nitratos
NP04355SO,"NITRATO DE PRATA 0,0488 N(M) 1L"," R$  221,89 ","0,00%",7761-88-8,2843.21.00,NAO,N,N,N,N,3098,5.1,2 - ANO,"0,815",1,Sais Inorgânicos,Nitratos
NP09458RA,NITRATO DE PRATA PA ACS 100G," R$  1.859,52 ","0,00%",7761-88-8,2843.21.00,NAO,N,N,N,N,1493,5.1,6 - ANO,99,"5,35",Sais Inorgânicos,Nitratos
NP09975RA,NITRATO DE PRATA PA ACS 25G," R$  472,08 ","0,00%",7761-88-8,2843.21.00,NAO,N,N,N,N,1493,5.1,6 - ANO,99,"5,35",Sais Inorgânicos,Nitratos
NP02183SO,"NITRATO DE PRATA SOL. 0,0025M 1L	"," R$  72,15 ","0,00%",7761-88-8,2843.21.00,NAO,N,N,N,N,3085,9,2 - ANO,"0,04","1,02",Sais Inorgânicos,Nitratos
NP08722SO,"NITRATO DE PRATA SOL.0,001N (M) 1L"," R$  36,57 ","0,00%",7761-88-8,2843.21.00,NAO,N,N,N,N,3098,5.1,2 - ANO,"0,017",1,Sais Inorgânicos,Nitratos
NP04238SO,"NITRATO DE PRATA SOL.0,001N (M) ALCOOL ISOPROPILICO 1L"," R$  80,64 ","0,00%",7761-88-8,2843.21.00,NAO,N,N,N,N,1993,3,2 - ANO,"0,02","0,89",Solventes e Água,Solventes
NP06281SO,"NITRATO DE PRATA SOL.0,001N (M) EM ETANOL 1L"," R$  65,30 ","0,00%",7761-88-8,2843.21.00,NAO,N,N,N,N,1170,3,2 - ANO,"0,02","0,89",Solventes e Água,Solventes
NP05369SO,"NITRATO DE PRATA SOL.0,005N (M) 1L"," R$  37,88 ","0,00%",7761-88-8,2843.21.00,NAO,N,N,N,N,3098,5.1,2 - ANO,"0,09","0,98",Sais Inorgânicos,Nitratos
NP09439SO,"NITRATO DE PRATA SOL.0,0141N (M) 1L"," R$  88,70 ","0,00%",7761-88-8,2843.21.00,NAO,N,N,N,N,3098,5.1,2 - ANO,"0,24",1,Sais Inorgânicos,Nitratos
NP04596SO,"NITRATO DE PRATA SOL.0,014N(M) 1L"," R$  88,05 ","0,00%",7761-88-8,2843.21.00,NAO,N,N,N,N,3098,5.1,2 - ANO,"0,238",1,Sais Inorgânicos,Nitratos
NP05935SO,"NITRATO DE PRATA SOL.0,0172N (M) 1L"," R$  105,90 ","0,00%",7761-88-8,2843.21.00,NAO,N,N,N,N,3098,5.1,2 - ANO,"0,29",1,Sais Inorgânicos,Nitratos
NP09438SO,"NITRATO DE PRATA SOL.0,01N (M) 1L"," R$  65,75 ","0,00%",7761-88-8,2843.21.00,NAO,N,N,N,N,3098,5.1,2 - ANO,"0,17",1,Sais Inorgânicos,Nitratos
NP05062SO,"NITRATO DE PRATA SOL.0,01N (M) ALCOOL ISOPROPILICO 1L"," R$  88,25 ","0,00%",7761-88-8,2843.21.00,NAO,N,N,N,N,1170,3,2 - ANO,"0,17","0,87",Solventes e Água,Solventes
NP08721SO,"NITRATO DE PRATA SOL.0,0282N (M) 1L"," R$  166,43 ","0,00%",7761-88-8,2843.21.00,NAO,N,N,N,N,3098,5.1,2 - ANO,"0,48",1,Sais Inorgânicos,Nitratos
NP05612SO,"NITRATO DE PRATA SOL.0,028571N (M) 1L"," R$  166,43 ","0,00%",7761-88-8,2843.21.00,NAO,N,N,N,N,3098,5.1,2 - ANO,"0,49",1,Sais Inorgânicos,Nitratos
NP09528SO,"NITRATO DE PRATA SOL.0,02N (M) 1L"," R$  121,50 ","0,00%",7761-88-8,2843.21.00,NAO,N,N,N,N,3098,5.1,2 - ANO,"0,34",1,Sais Inorgânicos,Nitratos
NP06294SO,"NITRATO DE PRATA SOL.0,03N (M) 1L"," R$  174,10 ","0,00%",7761-88-8,2843.21.00,NAO,N,N,N,N,3098,5.1,2 - ANO,"0,51",1,Sais Inorgânicos,Nitratos
NP02198SO,"NITRATO DE PRATA SOL.0,0488N (M) ALCOOL ISOPROPILICO 1L	"," R$  308,75 ","0,00%",7761-88-8,2843.21.00,NAO,N,N,N,N,1230,3(6.1),2 - ANO,"0,8",1,Solventes e Água,Solventes
NP08720SO,"NITRATO DE PRATA SOL.0,05N (M) 1L"," R$  221,89 ","0,00%",7761-88-8,2843.21.00,NAO,N,N,N,N,3098,5.1,2 - ANO,"0,85",1,Sais Inorgânicos,Nitratos
NP08719SO,"NITRATO DE PRATA SOL.0,11N (M) 1L"," R$  623,35 ","0,00%",7761-88-8,2843.21.00,NAO,N,N,N,N,3098,5.1,2 - ANO,"1,87","1,001",Sais Inorgânicos,Nitratos
NP08718SO,"NITRATO DE PRATA SOL.0,14N(M) 1L"," R$  780,63 ","0,00%",7761-88-8,2843.21.00,NAO,N,N,N,N,3098,5.1,2 - ANO,"2,38","1,001",Sais Inorgânicos,Nitratos
NP09892SO,"NITRATO DE PRATA SOL.0,1N (M) 1L"," R$  395,12 ","0,00%",7761-88-8,2843.21.00,NAO,N,N,N,N,3098,5.1,2 - ANO,"1,7","1,001",Sais Inorgânicos,Nitratos
NP07950SO,"NITRATO DE PRATA SOL.0,1N (M) 5L"," R$  2.462,24 ","0,00%",7761-88-8,2843.21.00,NAO,N,N,N,N,3098,5.1,2 - ANO,"1,7","1,001",Sais Inorgânicos,Nitratos
NP04455SO,"NITRATO DE PRATA SOL.0,1N (M) ALCOOL ISOPROPILICO 1L"," R$  567,60 ","0,00%",7761-88-8,2843.21.00,NAO,N,N,N,N,1993,3,2 - ANO,"1,7","0,88",Solventes e Água,Solventes
NP02171SO,"NITRATO DE PRATA SOL.0,1N ALCOOL ETILICO 1L"," R$  567,60 ","0,00%",7761-88-8,2843.21.00,NAO,N,N,N,N,1993,3,2 - ANO,"1,7",1,Solventes e Água,Solventes
NP03784SO,"NITRATO DE PRATA SOL.0,25N (M) 1L"," R$  1.404,10 ","0,00%",7761-88-8,2843.21.00,NAO,N,N,N,N,3098,5.1(8),4 - ANO,99,1,Sais Inorgânicos,Nitratos
NP08716SO,"NITRATO DE PRATA SOL.0,282N (M) 1L"," R$  1.650,90 ","0,00%",7761-88-8,2843.21.00,NAO,N,N,N,N,3098,5.1,2 - ANO,"4,8","1,015",Sais Inorgânicos,Nitratos
NP05764SO,"NITRATO DE PRATA SOL.0,2N (M) 1L"," R$  1.125,14 ","0,00%",7761-88-8,2843.21.00,NAO,N,N,N,N,3098,5.1(8),2 - ANO,"3,4","1,015",Sais Inorgânicos,Nitratos
NP02224SO,"NITRATO DE PRATA SOL.0,5% 1L"," R$  174,12 ","0,00%",7761-88-8,2843.21.00,NAO,N,N,N,N,1230,3(6.1),4 - ANO,"0,5",1,Sais Inorgânicos,Nitratos
NP09249SO,"NITRATO DE PRATA SOL.0,5N (M) 1L"," R$  2.798,12 ","0,00%",7761-88-8,2843.21.00,NAO,N,N,N,N,3098,5.1,2 - ANO,"8,5","1,015",Sais Inorgânicos,Nitratos
NP09752SO,NITRATO DE PRATA SOL.1% 1L," R$  338,45 ","0,00%",7761-88-8,2843.21.00,NAO,N,N,N,N,3098,5.1,4 - ANO,1,"1,015",Sais Inorgânicos,Nitratos
NP08713SO,NITRATO DE PRATA SOL.10% 1L," R$  2.763,81 ","0,00%",7761-88-8,2843.21.00,NAO,N,N,N,N,3098,5.1,4 - ANO,10,"1,055",Sais Inorgânicos,Nitratos
NP06658SO,NITRATO DE PRATA SOL.17% 1L," R$  4.692,23 ","0,00%",7761-88-8,2843.21.00,NAO,N,N,N,N,3098,5.1,4 - ANO,17,"1,055",Sais Inorgânicos,Nitratos
NP08715SO,NITRATO DE PRATA SOL.1N (M) 1L," R$  5.586,12 ","0,00%",7761-88-8,2843.21.00,NAO,N,N,N,N,3098,5.1,2 - ANO,17,"1,12",Sais Inorgânicos,Nitratos
NP08714SO,NITRATO DE PRATA SOL.2% 1L," R$  666,14 ","0,00%",7761-88-8,2843.21.00,NAO,N,N,N,N,3098,5.1,4 - ANO,2,"1,015",Sais Inorgânicos,Nitratos
NP08712SO,NITRATO DE PRATA SOL.20% 1L," R$  5.519,01 ","0,00%",7761-88-8,2843.21.00,NAO,N,N,N,N,3098,5.1,4 - ANO,20,"1,06",Sais Inorgânicos,Nitratos
NP04851SO,"NITRATO DE PRATA SOL.26,1 G/L AQUOSA 1L"," R$  1.039,92 ","0,00%",7761-88-8,2843.21.00,NAO,N,N,N,N,3098,5.1,4 - ANO,"2,61",1,Sais Inorgânicos,Nitratos
NP08711SO,NITRATO DE PRATA SOL.30% 1L," R$  8.274,15 ","0,00%",7761-88-8,2843.21.00,NAO,N,N,N,N,3098,5.1,4 - ANO,30,"1,06",Sais Inorgânicos,Nitratos
NP06959SO,NITRATO DE PRATA SOL.5% 1L," R$  1.650,25 ","0,00%",7761-88-8,2843.21.00,NAO,N,N,N,N,3098,5.1,4 - ANO,5,"1,015",Sais Inorgânicos,Nitratos
NP07775SO,NITRATO DE PRATA SOL.5% AQUOSA 100ML," R$  174,03 ","0,00%",7761-88-8,2843.21.00,NAO,N,N,N,N,3098,5.1,4 - ANO,5,"1,015",Sais Inorgânicos,Nitratos
VB06277RA,NITRATO DE TIAMINA (MONO) (VITAMINA B1) PA 25G," R$  165,12 ","0,00%",532-43-4,2936.22.20,NAO,N,N,N,N,-,-,6 - ANO,98,1,Sais Inorgânicos,Nitratos
NT08710SO,"NITRATO DE TORIO SOL.0,0005M 1L"," R$  176,50 ","0,00%",13823-29-5,2612.20.00,NAO,N,N,N,N,1477,5.1,2 - ANO,"0,024",1,Sais Inorgânicos,Nitratos
NZ09219RA,NITRATO DE ZINCO 6H2O PA 500G," R$  51,76 ","0,00%",10196-18-6,2834.29.90,NAO,N,N,N,N,1514,5.1,6 - ANO,96,"2,07",Sais Inorgânicos,Nitratos
NF03386SO,NITRATO FERRICO SOL.1M VS 1L," R$  68,18 ","0,00%",7782-61-8,2834.29.90,NAO,N,N,N,N,1466,5.1,2 - ANO,"24,2","1,2",Sais Inorgânicos,Nitratos
NP08068RA,NITRITO DE POTASSIO PA 100G," R$  84,10 ","0,00%",7758-09-0,2834.10.90,NAO,N,N,N,N,1488,5.1,6 - ANO,96,"1,92",Metais,Metais Alcalinos e Alcalino-Terrosos
NP09678RA,NITRITO DE POTASSIO PA 250G," R$  199,52 ","0,00%",7758-09-0,2834.10.90,NAO,N,N,N,N,1488,5.1,6 - ANO,96,"1,92",Metais,Metais Alcalinos e Alcalino-Terrosos
NB05769RA,NITROBENZALDEIDO-2 98% PA 25G," R$  204,86 ","0,00%",552-89-6,2913.00.90,NAO,N,N,N,N,-,-,6 - ANO,98,"1,3",Compostos Orgânicos,Aldeídos e Cetonas
NB05761RA,NITROBENZALDEIDO-3 (META) PA 25G," R$  68,25 ","0,00%",99-61-6,2913.00.90,NAO,N,N,N,N,3077,9,6 - ANO,99,"1,3",Compostos Orgânicos,Aldeídos e Cetonas
NB05760RA,NITROBENZALDEIDO-4 (PARA) PA 25G," R$  227,90 ","0,00%",555-16-8,2913.00.90,NAO,N,N,N,N,-,-,6 - ANO,98,"1,3",Compostos Orgânicos,Aldeídos e Cetonas
N08005RA,NITROBENZENO PA ACS 1L," R$  99,55 ","0,00%",98-95-3,2904.20.51,NAO,N,N,N,N,1662,6.1,6 - ANO,99,"1,2",Solventes e Água,Solventes
NG04910RA,NITROFENIL- 4 (BETA) - D GLUCOPIRANOSIDO PA 1G," R$  824,15 ","0,00%",2492-87-7,2940.00.99,NAO,N,N,N,N,-,-,6 - ANO,98,"1,6",Compostos Orgânicos,Diversos
N05661RA,NITROFENIL-P FOSFATO DE SODIO HEXAHIDRATADO PUREX 5G," R$  689,54 ","0,00%",333338-18-4,2908.99.90,NAO,N,N,N,N,-,-,6 - ANO,98,1,Sais Inorgânicos,Fosfatos
NF09525RA,NITROFENOL-4 (PARA) PURO 100G," R$  66,61 ","0,00%",100-02-7,2907.11.00,NAO,N,N,N,N,1663,6.1,4 - ANO,98,"1,5",Compostos Orgânicos,Diversos
NF09363RA,NITROFENOL-4 (PARA) PURO 1KG," R$  469,58 ","0,00%",100-02-7,2908.99.12,NAO,N,N,N,N,1663,6.1,4 - ANO,98,"1,5",Compostos Orgânicos,Diversos
NF06934RA,NITROFENOL-4 (PARA) PURO 25G," R$  27,36 ","0,00%",100-02-7,2907.11.00,NAO,N,N,N,N,1663,6.1,4 - ANO,98,"1,5",Compostos Orgânicos,Diversos
NS09356RA,NITROPRUSSIATO DE SODIO 2H2O PA ACS 100G," R$  121,80 ","0,00%",13755-38-9,2837.20.29,NAO,N,N,N,N,1588,6.1,6 - ANO,99,"1,72",Metais,Metais Alcalinos e Alcalino-Terrosos
NS09218RA,NITROPRUSSIATO DE SODIO 2H2O PA ACS 250G," R$  239,08 ","0,00%",13755-38-9,2837.20.29,NAO,N,N,N,N,1588,6.1,6 - ANO,99,"1,72",Metais,Metais Alcalinos e Alcalino-Terrosos
NS06629RA,NITROPRUSSIATO DE SODIO 2H2O PA ACS 25G," R$  39,48 ","0,00%",13755-38-9,2837.20.29,NAO,N,N,N,N,1588,6.1,6 - ANO,99,"1,72",Metais,Metais Alcalinos e Alcalino-Terrosos
AN06389RA,NITROSO SAL R PA 25G," R$  30,14 ","0,00%",525-05-3,2842.90.00,NAO,N,N,N,N,-,-,6 - ANO,0,1,Compostos Orgânicos,Diversos
NN08468RA,NITROSO-2 NAFTOL-1 25G," R$  459,65 ","0,00%",132-53-6,2907.15.10,NAO,N,N,N,N,-,-,6 - ANO,0,"1,24",Compostos Orgânicos,Diversos
O03344RA,OCTANO-N 99% PA 100ML	," R$  191,12 ","0,00%",111-65-9,2901.29.00,NAO,N,N,N,N,1262,3,6 - ANO,99,"0,7",Compostos Orgânicos,Diversos
O07921RA,OCTANO-N 99% PA 1L," R$  765,85 ","0,00%",111-65-9,2901.29.00,NAO,N,N,N,N,1262,3,6 - ANO,99,"0,69",Compostos Orgânicos,Diversos
O04270RA,OCTANO-N 99% PA 500ML," R$  390,36 ","0,00%",111-65-9,2901.29.00,NAO,N,N,N,N,1262,3,6 - ANO,99,"0,69",Compostos Orgânicos,Diversos
O06310RA,OCTANO-N PURISSIMO CG 500ML," R$  1.412,25 ","0,00%",111-65-9,2901.29.00,NAO,N,N,N,N,1262,3,6 - ANO,99,"0,69",Compostos Orgânicos,Diversos
OD09231RA,OLEATO DE DECILA 500G," R$  292,50 ","0,00%",3687-46-5,1515.90.90,NAO,N,N,N,N,-,-,6 - ANO,0,1,Compostos Orgânicos,Diversos
OC05795RA,OLEO DE CEDRO PURO 100ML," R$  49,50 ","3,25%",8000-27-9,3301.29.12,NAO,N,N,N,N,3082,9,4 - ANO,0,"0,95",Compostos Orgânicos,Diversos
OC05794RA,OLEO DE CEDRO PURO 1L," R$  398,00 ","3,25%",8000-27-9,3301.29.12,NAO,N,N,N,N,-,-,4 - ANO,0,"0,95",Compostos Orgânicos,Diversos
OR09162RA,OLEO DE RICINO 1L," R$  59,22 ","3,25%",8001-79-4,1515.30.00,NAO,N,N,N,N,-,-,6 - ANO,0,"0,96",Compostos Orgânicos,Diversos
OS09599RA,OLEO DE SILICONE VISCOSIDADE ( 340-360 CPs) 1L," R$  109,40 ","3,25%",63148-62-9,3910.00.90,NAO,N,N,N,N,-,-,6 - ANO,0,"0,96",Compostos Orgânicos,Diversos
OS09600RA,OLEO DE SILICONE VISCOSIDADE ( 340-360 CPs) 500ML," R$  60,69 ","3,25%",63148-62-9,3910.00.90,NAO,N,N,N,N,-,-,6 - ANO,0,"0,96",Compostos Orgânicos,Diversos
OS03338RA,OLEO DE SILICONE VISCOSIDADE ( 340-360 CPs)100ML," R$  25,34 ","3,25%",63148-62-9,3910.00.90,NAO,N,N,N,N,-,-,6 - ANO,0,96,Compostos Orgânicos,Diversos
OS02277RA,OLEO DE SILICONE VISCOSIDADE (100 CST) 1L," R$  186,36 ","3,25%",63148-62-9,3910.00.90,NAO,N,N,N,N,-,-,6 - ANO,0,"0,96",Compostos Orgânicos,Diversos
OS02119RA,OLEO DE SILICONE VISCOSIDADE (1000 CST) 1L," R$  182,26 ","3,25%",63148-62-9,3910.00.90,NAO,N,N,N,N,-,-,6 - ANO,0,"0,9",Compostos Orgânicos,Diversos
OS02125RA,OLEO DE SILICONE VISCOSIDADE (5 CST) 1L," R$  1.065,72 ","3,25%",63148-62-9,3910.00.90,NAO,N,N,N,N,-,-,6 - ANO,0,"0,9",Compostos Orgânicos,Diversos
OS07530RA,ORCEINA SINTETICA 10G," R$  230,36 ","0,00%",1400-62-0,3822.90.00,NAO,N,N,N,N,-,-,6 - ANO,0,"1,32",Compostos Orgânicos,Diversos
O06120RA,ORCINOL MONOHIDRAT. (ORCINA) 99% PA 25G," R$  197,27 ","0,00%",6153-39-5,2907.29.00,NAO,N,N,N,N,-,-,6 - ANO,99,"1,29",Compostos Orgânicos,Diversos
O06937RA,ORCINOL MONOHIDRATADO 99% PA 10G," R$  81,65 ","0,00%",6153-39-5,2907.29.00,NAO,N,N,N,N,-,-,6 - ANO,99,"1,29",Compostos Orgânicos,Diversos
OA04992RA,OXALATO DE AMONIO ANIDRO PA 100G," R$  274,15 ","0,00%",1113-38-8,2917.11.10,"0,00%",N,N,N,N,-,-,6 - ANO,99,"1,5",Sais Inorgânicos,Outros Sais
OA05014RA,OXALATO DE AMONIO ANIDRO PA 500G," R$  436,57 ","0,00%",1113-38-8,2917.11.10,NAO,N,N,N,N,-,-,6 - ANO,99,"1,5",Sais Inorgânicos,Outros Sais
OA08062RA,OXALATO DE AMONIO H2O PA 500G," R$  38,70 ","0,00%",6009-70-7,2917.11.10,NAO,N,N,N,N,-,-,6 - ANO,99,"1,5",Sais Inorgânicos,Outros Sais
OA08705SO,"OXALATO DE AMONIO SOL.0,125N 1L"," R$  14,02 ","0,00%",6009-70-7,2917.11.10,NAO,N,N,N,N,-,-,2 - ANO,"1,55",1,Sais Inorgânicos,Outros Sais
OA07514SO,OXALATO DE AMONIO SOL.1% 1L," R$  10,30 ","0,00%",6009-70-7,2917.11.10,NAO,N,N,N,N,-,-,4 - ANO,1,1,Sais Inorgânicos,Outros Sais
OA08704SO,OXALATO DE AMONIO SOL.4% 1L," R$  11,05 ","0,00%",6009-70-7,2917.11.10,NAO,N,N,N,N,-,-,4 - ANO,4,"1,5",Sais Inorgânicos,Outros Sais
OC07627RA,OXALATO DE CALCIO HIDRATADO PA 100G," R$  407,09 ","0,00%",5794-28-5,2917.11.10,NAO,N,N,N,N,-,-,6 - ANO,57,"2,3",Sais Inorgânicos,Outros Sais
OC05659RA,OXALATO DE COBRE (II) PUREX 100G," R$  200,09 ","0,00%",814-91-5,2917.11.10,NAO,N,N,N,N,-,-,6 - ANO,40,1,Sais Inorgânicos,Outros Sais
OC05658RA,OXALATO DE COBRE (II) PUREX 500G," R$  672,86 ","0,00%",814-91-5,2917.11.10,NAO,N,N,N,N,-,-,6 - ANO,40,1,Sais Inorgânicos,Outros Sais
OP04093RA,OXALATO DE POTASSIO 1H2O PA 1KG," R$  96,27 ","0,00%",6487-48-5,2917.11.10,NAO,N,N,N,N,-,-,6 - ANO,98,"2,13",Sais Inorgânicos,Outros Sais
OP04094RA,OXALATO DE POTASSIO 1H2O PA 500G," R$  52,09 ","0,00%",6487-48-5,2917.11.10,NAO,N,N,N,N,-,-,6 - ANO,98,"2,13",Sais Inorgânicos,Outros Sais
OP09500SO,OXALATO DE POTASSIO SOL.20% AQUOSA 1L," R$  39,22 ","0,00%",6487-48-5,2917.11.10,NAO,N,N,N,N,-,-,4 - ANO,20,1,Sais Inorgânicos,Outros Sais
OP08703SO,OXALATO DE POTASSIO SOL.4% AQUOSA 1L," R$  20,34 ","0,00%",6487-48-5,2917.11.10,NAO,N,N,N,N,-,-,4 - ANO,4,1,Sais Inorgânicos,Outros Sais
OS03971RA,OXALATO DE SODIO PA  500G," R$  59,08 ","0,00%",62-76-0,2917.11.10,NAO,N,N,N,N,,,6 - ANO,"99,5","2,34",Sais Inorgânicos,Outros Sais
OS03970RA,OXALATO DE SODIO PA 1KG," R$  103,15 ","0,00%",62-76-0,2917.11.10,NAO,N,N,N,N,,,6 - ANO,"99,5","2,34",Sais Inorgânicos,Outros Sais
OS07162SO,"OXALATO DE SODIO SOL.0,0125N 1L"," R$  25,64 ","0,00%",62-76-0,2917.11.10,NAO,N,N,N,N,-,-,2 - ANO,"0,1675",1,Sais Inorgânicos,Outros Sais
OS08702SO,"OXALATO DE SODIO SOL.0,04N 1L"," R$  17,72 ","0,00%",62-76-0,2917.11.10,NAO,N,N,N,N,-,-,2 - ANO,"0,536",1,Sais Inorgânicos,Outros Sais
OS08701SO,"OXALATO DE SODIO SOL.0,1N 1L"," R$  17,72 ","0,00%",62-76-0,2917.11.10,NAO,N,N,N,N,-,-,2 - ANO,"1,34",1,Sais Inorgânicos,Outros Sais
OS04361SO,OXALATO DE SODIO SOL.2% AQUOSA 1L," R$  25,64 ","0,00%",62-76-0,2917.11.10,NAO,N,N,N,N,-,-,4 - ANO,2,1,Sais Inorgânicos,Outros Sais
OZ04925RA,OXICLORETO DE ZIRCONIO IV 8H2O 99% PA ACS 100G," R$  165,25 ","0,00%",13520-92-8,2827.49.12,NAO,N,N,N,N,3260,8,6 - ANO,99,"1,91",Sais Inorgânicos,Cloretos
OZ04926RA,OXICLORETO DE ZIRCONIO IV 8H2O 99% PA ACS 25G," R$  49,89 ","0,00%",13520-92-8,2827.49.12,NAO,N,N,N,N,3260,8,6 - ANO,99,"1,91",Sais Inorgânicos,Cloretos
OA09684RA,OXIDO DE ALUMINIO (ALUMINA MALHA 100)  PA  500G," R$  38,73 ","0,00%",1344-28-1,2818.20.90,NAO,N,N,N,N,-,-,6 - ANO,"97,5",4,Reagentes Especiais,Óxidos e Peróxidos
OA08147RA,OXIDO DE ALUMINIO (ALUMINA MALHA 100)  PA 100G," R$  18,45 ","0,00%",1344-28-1,2818.20.90,NAO,N,N,N,N,-,-,6 - ANO,"97,5",4,Reagentes Especiais,Óxidos e Peróxidos
OA05630RA,OXIDO DE ALUMINIO 90 BASICO GRAU DE ATIVIDADE I PARA CROMATOGRAFIA EM COLUNA 500G," R$  892,25 ","0,00%",1344-28-1,2818.20.90,NAO,N,N,N,N,-,-,6 - ANO,0,4,Reagentes Especiais,Óxidos e Peróxidos
OA05389RA,OXIDO DE ALUMINIO GRANULADO/DIAM. 2-5 MM 250GR," R$  249,55 ","0,00%",1344-28-1,2818.20.90,NAO,N,N,N,N,-,-,6 - ANO,0,4,Reagentes Especiais,Óxidos e Peróxidos
TA06281RA,OXIDO DE ANTIMONIO III (TRIOX) PA 100G," R$  101,43 ","0,00%",1309-64-4,2825.80.90,NAO,N,N,N,N,-,-,6 - ANO,"99,6","5,2",Reagentes Especiais,Óxidos e Peróxidos
TA06280RA,OXIDO DE ANTIMONIO III (TRIOX) PA 250G," R$  238,58 ","0,00%",1309-64-4,2825.80.90,NAO,N,N,N,N,-,-,6 - ANO,"99,6","5,2",Reagentes Especiais,Óxidos e Peróxidos
TA06279RA,OXIDO DE ANTIMONIO III (TRIOX) PA 500G," R$  467,15 ","0,00%",1309-64-4,2825.80.90,NAO,N,N,N,N,-,-,6 - ANO,"99,6","5,2",Reagentes Especiais,Óxidos e Peróxidos
OB04372RA,OXIDO DE BISMUTO III PA 100G," R$  69,52 ","0,00%",1304-76-3,2825.90.90,NAO,N,N,N,N,-,-,6 - ANO,98,"8,43",Reagentes Especiais,Óxidos e Peróxidos
OB04371RA,OXIDO DE BISMUTO III PA 500G," R$  221,10 ","0,00%",1304-76-3,2825.90.90,NAO,N,N,N,N,-,-,6 - ANO,98,"8,43",Reagentes Especiais,Óxidos e Peróxidos
OC07014RA,OXIDO DE CADMIO PA 500G," R$  92,86 ","0,00%",1306-19-0,2825.90.10,NAO,N,N,N,N,2570,6.1,6 - ANO,99,"8,15",Reagentes Especiais,Óxidos e Peróxidos
OC07198RA,OXIDO DE CALCIO PA 500G," R$  12,45 ","0,00%",1305-78-8,2825.90.90,NAO,N,N,N,N,-,-,6 - ANO,90,"3,33",Reagentes Especiais,Óxidos e Peróxidos
OX06030RA,OXIDO DE CERIO PA 100G," R$  90,94 ","0,00%",1306-38-3,2846.10.10,NAO,N,N,N,N,-,-,6 - ANO,0,"6,13",Reagentes Especiais,Óxidos e Peróxidos
OC07785RA,OXIDO DE CHUMBO II PA 500G," R$  62,63 ","0,00%",1317-36-8,2824.10.00,NAO,N,N,N,N,2291,6.1,6 - ANO,99,"9,53",Reagentes Especiais,Óxidos e Peróxidos
OC05388RA,OXIDO DE CHUMBO IV (DIOXIDO) PA 500G," R$  246,55 ","0,00%",1309-60-0,2824.10.00,NAO,N,N,N,N,1872,5.1,6 - ANO,99,"9,38",Reagentes Especiais,Óxidos e Peróxidos
OC09048RA,OXIDO DE COBRE II ICO PRETO PA 500G," R$  84,00 ","0,00%",1317-38-0,2825.50.10,NAO,N,N,N,N,3077,9,6 - ANO,77,"6,31",Indicadores,Indicadores e Corantes
TC09214RA,OXIDO DE CROMO III VERDE 250G," R$  34,13 ","0,00%",1308-38-9,2819.90.10,NAO,N,N,N,N,-,-,6 - ANO,99,"5,22",Indicadores,Indicadores e Corantes
OE05564RA,OXIDO DE ESTANHO PA 100G," R$  211,93 ","0,00%",21651-19-4,2825.90.90,NAO,N,N,N,N,-,-,6 - ANO,96,"6,45",Reagentes Especiais,Óxidos e Peróxidos
OS05563RA,OXIDO DE ESTANHO PA 500G," R$  896,47 ","0,00%",21651-19-4,2825.90.90,NAO,N,N,N,N,-,-,6 - ANO,96,"6,45",Reagentes Especiais,Óxidos e Peróxidos
OF09974RA,OXIDO DE FERRO III ICO VERM. PA 100G," R$  104,30 ","0,00%",1309-37-1,2821.10.19,SIM,N,N,N,N,-,-,6 - ANO,95,"5,24",Reagentes Especiais,Óxidos e Peróxidos
OF09943RA,OXIDO DE FERRO III ICO VERM. PA 500G," R$  361,80 ","0,00%",1309-37-1,2821.10.19,SIM,N,N,N,N,-,-,6 - ANO,95,"5,24",Reagentes Especiais,Óxidos e Peróxidos
OI05874RA,OXIDO DE ITERBIO III 10G," R$  361,80 ","0,00%",1314-37-0,2846.90.90,NAO,N,N,N,N,-,-,6 - ANO,99,"9,17",Reagentes Especiais,Óxidos e Peróxidos
OI05873RA,OXIDO DE ITERBIO III 50G," R$  1.288,80 ","0,00%",1314-37-0,2846.90.90,NAO,N,N,N,N,-,-,6 - ANO,99,"9,17",Reagentes Especiais,Óxidos e Peróxidos
OL06262RA,"OXIDO DE LANTANIO (III) 99,5% PA 100G"," R$  99,50 ","0,00%",1312-81-8,2846.90.90,NAO,N,N,N,N,-,-,6 - ANO,"99,5","6,5",Reagentes Especiais,Óxidos e Peróxidos
OL04666RA,"OXIDO DE LANTANIO (III) 99,5% PA 1KG"," R$  1.163,21 ","0,00%",1312-81-8,2846.90.90,NAO,N,N,N,N,-,-,6 - ANO,"99,5","6,5",Reagentes Especiais,Óxidos e Peróxidos
OL06946RA,"OXIDO DE LANTANIO (III) 99,5% PA 250G"," R$  202,11 ","0,00%",1312-81-8,2846.90.90,NAO,N,N,N,N,-,-,6 - ANO,"99,5","6,5",Reagentes Especiais,Óxidos e Peróxidos
OL06939RA,"OXIDO DE LANTANIO (III) 99,5% PA 25G"," R$  27,72 ","0,00%",1312-81-8,2846.90.90,NAO,N,N,N,N,-,-,6 - ANO,"99,5","6,5",Reagentes Especiais,Óxidos e Peróxidos
OL05448RA,"OXIDO DE LANTANIO (III) 99,5% PA 500G"," R$  589,78 ","0,00%",1312-81-8,2846.90.90,NAO,N,N,N,N,-,-,6 - ANO,"99,5","6,5",Reagentes Especiais,Óxidos e Peróxidos
OM07356RA,OXIDO DE MAGNESIO PA 100G," R$  19,21 ","0,00%",1309-48-4,2816.10.10,NAO,N,N,N,N,-,-,6 - ANO,95,"3,58",Reagentes Especiais,Óxidos e Peróxidos
OM07748RA,OXIDO DE MAGNESIO PA 250G," R$  25,03 ","0,00%",1309-48-4,2816.10.10,NAO,N,N,N,N,-,-,6 - ANO,95,"3,58",Reagentes Especiais,Óxidos e Peróxidos
OM09071RA,OXIDO DE MAGNESIO PA 500G," R$  40,05 ","0,00%",1309-48-4,2816.10.10,NAO,N,N,N,N,-,-,6 - ANO,95,"3,58",Reagentes Especiais,Óxidos e Peróxidos
OM09666RA,OXIDO DE MANGANES IV PA 500G," R$  69,73 ","0,00%",1313-13-9,2820.90.10,NAO,N,N,N,N,-,-,6 - ANO,0,5,Reagentes Especiais,Óxidos e Peróxidos
OM05657RA,OXIDO DE MOLIBDENIO VI (ANIDRIDO MOLIBDICO) (TRIOXIDO) PUREX 100G," R$  139,30 ","0,00%",1313-27-5,2825.70.10,NAO,N,N,N,N,-,-,6 - ANO,99,"4,69",Reagentes Especiais,Óxidos e Peróxidos
OP07850RA,OXIDO DE PRATA PA 25G," R$  1.549,50 ","0,00%",20667-12-3,2843.29.90,NAO,N,N,N,N,1479,5.1,6 - ANO,"99,8","7,14",Reagentes Especiais,Óxidos e Peróxidos
OT09926RA,OXIDO DE TITANIO IV PA (DIOXIDO) 500G," R$  38,57 ","0,00%",13463-67-7,2823.00.90,NAO,N,N,N,N,-,-,6 - ANO,98,"4,23",Reagentes Especiais,Óxidos e Peróxidos
OV08548RA,OXIDO DE VANADIO (PENTOXIDO) 250G," R$  433,78 ","0,00%",1314-62-1,2901.10.00,NAO,N,N,N,N,2862,6.1,6 - ANO,98,"3,36",Reagentes Especiais,Óxidos e Peróxidos
OV08549RA,OXIDO DE VANADIO (PENTOXIDO) 500G," R$  867,56 ","0,00%",1314-62-1,2825.30.10,NAO,N,N,N,N,2862,6.1,6 - ANO,98,"3,36",Reagentes Especiais,Óxidos e Peróxidos
OZ09586RA,OXIDO DE ZINCO PA ACS 500G," R$  32,93 ","0,00%",1314-13-2,2817.00.10,NAO,N,N,N,N,3077,9,6 - ANO,99,"5,6",Reagentes Especiais,Óxidos e Peróxidos
OZ05387RA,"OXIDO DE ZIRCONIO 99,9% PA 25G"," R$  142,36 ","0,00%",1314-23-4,2811.29.90,NAO,N,N,N,N,-,-,6 - ANO,99,"6,13",Reagentes Especiais,Óxidos e Peróxidos
AP08107RA,P-ANISIDINA CRISTALIZADA 99% 5G," R$  695,15 ","0,00%",104-94-9,2922.29.90,NAO,N,N,N,N,2811,6.1,6 - ANO,99,"1,07",Compostos Orgânicos,Diversos
PF06684RA,P-FENILENODIAMINA 100G," R$  286,79 ","0,00%",106-50-3,2921.51.19,NAO,N,N,N,N,1673,6.1,6 - ANO,99,"1,1",Compostos Orgânicos,Diversos
PF03950RA,P-FENILENODIAMINA 250G," R$  599,45 ","0,00%",106-50-3,2921.51.19,NAO,N,N,N,N,1673,6.1,6 - ANO,99,"1,13",Compostos Orgânicos,Diversos
PF03949RA,P-FENILENODIAMINA 500G," R$  1.054,25 ","0,00%",106-50-3,2921.51.19,NAO,N,N,N,N,1673,6.1,6 - ANO,99,"1,13",Compostos Orgânicos,Diversos
PC07439SO,"PADRAO DE CONDUTIVIDADE 10,0µS/CM 500ML"," R$  165,42 ","0,00%",-,3822.90.00,NAO,N,N,N,N,-,-,1 - ANO,0,1,Reagentes Especiais,Soluções e Tampões
PC06972SO,PADRAO DE CONDUTIVIDADE 100 µS/CM 250ML," R$  97,30 ","0,00%",-,3822.90.00,NAO,N,N,N,N,-,-,1 - ANO,0,1,Reagentes Especiais,Soluções e Tampões
PC06971SO,PADRAO DE CONDUTIVIDADE 100 µS/CM 500ML," R$  154,30 ","0,00%",-,3822.90.00,NAO,N,N,N,N,-,-,1 - ANO,0,1,Reagentes Especiais,Soluções e Tampões
PC06243SO,PADRAO DE CONDUTIVIDADE 1412 µS/CM 250ML," R$  88,30 ","0,00%",-,3822.90.00,NAO,N,N,N,N,-,-,1 - ANO,0,1,Reagentes Especiais,Soluções e Tampões
PC06242SO,PADRAO DE CONDUTIVIDADE 1412 µS/CM 500ML," R$  144,75 ","0,00%",-,3822.90.00,NAO,N,N,N,N,-,-,1 - ANO,0,1,Reagentes Especiais,Soluções e Tampões
PC06639SO,"PADRAO DE CONDUTIVIDADE 146,9 µS/CM 250ML"," R$  88,30 ","0,00%",-,3822.90.00,NAO,N,N,N,N,-,-,1 - ANO,0,1,Reagentes Especiais,Soluções e Tampões
PC07390SO,"PADRAO DE CONDUTIVIDADE 146,9 µS/CM 500ML"," R$  143,99 ","0,00%",-,3822.90.00,NAO,N,N,N,N,-,-,1 - ANO,0,1,Reagentes Especiais,Soluções e Tampões
PC06225SO,PADRAO DE CONDUTIVIDADE 500 µS/CM 500ML," R$  154,90 ","0,00%",-,3822.90.00,NAO,N,N,N,N,-,-,1 - ANO,0,1,Reagentes Especiais,Soluções e Tampões
PC06976SO,"PADRAO DE CONDUTIVIDADE 74,0 µS/CM 250ML"," R$  111,60 ","0,00%",-,3822.90.00,NAO,N,N,N,N,-,-,1 - ANO,0,1,Reagentes Especiais,Soluções e Tampões
PC06975SO,"PADRAO DE CONDUTIVIDADE 74,0 µS/CM 500ML"," R$  154,90 ","0,00%",-,3822.90.00,NAO,N,N,N,N,-,-,1 - ANO,0,1,Reagentes Especiais,Soluções e Tampões
PC06974SO,PADRAO DE CONDUTIVIDADE 84 µS/CM 250ML," R$  108,70 ","0,00%",-,3822.90.00,NAO,N,N,N,N,-,-,1 - ANO,0,1,Reagentes Especiais,Soluções e Tampões
PC06973SO,PADRAO DE CONDUTIVIDADE 84 µS/CM 500ML," R$  190,50 ","0,00%",-,3822.90.00,NAO,N,N,N,N,-,-,1 - ANO,0,1,Reagentes Especiais,Soluções e Tampões
SP08650SO,PADRAO SABAO SEGUNDO BOUTRON BOUDET 1L," R$  115,00 ","0,00%",-,3822.90.00,NAO,N,N,N,N,1170,3,2 - ANO,0,1,Reagentes Especiais,Soluções e Tampões
SP08649SO,PADRAO SABAO SEGUNDO CLARCK 1L," R$  46,26 ","0,00%",-,3822.90.00,NAO,N,N,N,N,1993,3,1 - ANO,0,1,Reagentes Especiais,Soluções e Tampões
PM05979RA,PALADIO METALICO 1G," R$  572,99 ","0,00%",7440-05-3,7110.21.00,NAO,N,N,N,N,-,-,6 - ANO,"99,5","12,02",Metais,Metais de Transição e Outros
PC08341RA,PALMITATO DE CETILA (CUTINA) 1KG," R$  67,75 ","0,00%",540-10-3,2941.40.11,NAO,N,N,N,N,-,-,6 - ANO,98,"0,9",Compostos Orgânicos,Diversos
P03853RA,PANCREATINA PA 100G," R$  95,25 ","0,00%",8049-47-6,2902.90.20,NAO,N,N,N,N,-,-,6 - ANO,0,1,Compostos Orgânicos,Diversos
P06432RA,PANCREATINA PA 500G," R$  334,58 ","0,00%",8049-47-6,2902.90.20,NAO,N,N,N,N,-,-,6 - ANO,0,1,Compostos Orgânicos,Diversos
P08315RA,PANTENOL-D PA 100G," R$  220,67 ","0,00%",81-13-0,3503.00.12,NAO,N,N,N,N,-,-,6 - ANO,98,"1,2",Compostos Orgânicos,Diversos
PC05758RA,PANTOTENATO DE CALCIO (VITAMINA B5) 100G," R$  218,56 ","0,00%",137-08-6,2936.24.10,NAO,N,N,N,N,-,-,6 - ANO,"97,5","1,26",Metais,Metais Alcalinos e Alcalino-Terrosos
PP05379RA,PAPAINA PURA 100G," R$  81,16 ","0,00%",9001-73-4,3507.90.26,NAO,N,N,N,N,-,-,4 - ANO,0,"0,8",Compostos Orgânicos,Diversos
PH06788RA,PARAFINA LENT. (56-58º) 1KG," R$  49,84 ","0,00%",8002-74-2,2712.20.00,NAO,N,N,N,N,-,-,6 - ANO,0,"0,79",Compostos Orgânicos,Diversos
PH07519RA,PARAFINA LENT. (56-58º) 500G," R$  26,63 ","0,00%",8002-74-2,2712.20.00,NAO,N,N,N,N,-,-,6 - ANO,0,"0,79",Compostos Orgânicos,Diversos
PH05948RA,PARAFINA LENT. (58-62º) 1KG," R$  52,44 ","0,00%",8002-74-2,2712.20.00,NAO,N,N,N,N,-,-,6 - ANO,0,"0,79",Compostos Orgânicos,Diversos
PH09719RA,PARAFINA LENT. (58-62º) 2KG," R$  91,88 ","0,00%",8002-74-2,2712.20.00,NAO,N,N,N,N,-,-,6 - ANO,0,"0,79",Compostos Orgânicos,Diversos
PH09781RA,PARAFINA LENT. (60-62º) 1KG," R$  49,84 ","0,00%",8002-74-2,2712.20.00,NAO,N,N,N,N,-,-,6 - ANO,0,"0,79",Compostos Orgânicos,Diversos
PH07391RA,PARAFINA LENT. (60-62º) 500G," R$  26,63 ","0,00%",8002-74-2,2712.20.00,NAO,N,N,N,N,-,-,6 - ANO,0,"0,79",Compostos Orgânicos,Diversos
PF07268RA,PARAFORMALDEIDO PA 500G," R$  24,33 ","0,00%",30525-89-4,2912.60.00,NAO,N,N,N,N,2213,4.1,6 - ANO,89,"1,46",Compostos Orgânicos,Aldeídos e Cetonas
PC05655RA,PARAROSANILINA CLORIDRATO (PARA FUCSINA) (C.I. 42500) 5G," R$  60,85 ","6,50%",569-61-9,3212.90.90,SIM,N,N,N,N,-,-,2 - ANO,0,"0,5",Indicadores,Indicadores e Corantes
PC06935RA,PECTINA CITRICA 1KG," R$  415,68 ","0,00%",9000-69-5,1302.20.10,NAO,N,N,N,N,-,-,6 - ANO,0,"1,5",Compostos Orgânicos,Diversos
PC08128RA,PECTINA CITRICA 500G," R$  246,57 ","0,00%",9000-69-5,1302.20.10,NAO,N,N,N,N,-,-,6 - ANO,0,"1,5",Compostos Orgânicos,Diversos
PM04887RA,PENEIRA MOLECULAR 3A 8-12 MESH 1KG," R$  650,30 ","0,00%",1318-02-1,2842.10.90,NAO,N,N,N,N,-,-,6 - ANO,0,"0,65",Compostos Orgânicos,Diversos
P04381RA,PENTANO (MISTURA DE ISOMEROS) PA 1L," R$  95,46 ","0,00%",109-66-0,2901.10.00,NAO,N,N,N,N,1265,3,6 - ANO,0,"0,62",Compostos Orgânicos,Diversos
P04813RA,PENTANO-N PARA ANALISE DE RESIDUO PESTICIDA 1L," R$  481,68 ","0,00%",109-66-0,2901.10.00,NAO,N,N,N,N,1265,3,6 - ANO,99,"0,62",Compostos Orgânicos,Diversos
P07140RA,PENTOXIDO DE FOSFORO V PA 500G," R$  45,25 ","0,00%",1314-56-3,2809.10.00,NAO,N,N,N,N,1807,8,6 - ANO,98,"2,3",Reagentes Especiais,Óxidos e Peróxidos
P06465SO,"PEPSINA SOL.1% EM AC.CLORID.0,1MOL 500ML"," R$  38,04 ","0,00%",9001-75-6,2806.10.20,NAO,N,N,N,N,1760,8,4 - ANO,1,"0,98",Compostos Orgânicos,Diversos
P07354SO,"PEPSINA SOL.5% EM AC.CLORID.0,1MOL 500ML"," R$  51,81 ","0,00%",9001-75-6,3507.90.49,NAO,N,N,N,N,1760,8,4 - ANO,5,"0,98",Compostos Orgânicos,Diversos
P08351SO,PEPSINA SOL.LIMPEZA DE ELETRODO 250ML," R$  11,67 ","0,00%",9001-75-6,3507.90.49,NAO,N,N,N,N,-,-,2 - ANO,0,1,Compostos Orgânicos,Diversos
P09370SO,PEPSINA SOL.LIMPEZA DE ELETRODO 500ML," R$  18,60 ","0,00%",9001-75-6,3507.90.29,NAO,N,N,N,N,-,-,2 - ANO,0,1,Compostos Orgânicos,Diversos
PB04889RA,PEPTONA BACTERIOLOGICA 1KG," R$  255,87 ","0,00%",91079-38-8,3504.00.11,NAO,N,N,N,N,-,-,6 - ANO,0,1,Compostos Orgânicos,Diversos
PB04890RA,PEPTONA BACTERIOLOGICA 500G," R$  149,34 ","0,00%",91079-38-8,3504.00.11,NAO,N,N,N,N,-,-,6 - ANO,0,1,Compostos Orgânicos,Diversos
PP07799RA,PERIODATO DE POTASSIO (META) PA 100G," R$  239,13 ","0,00%",7790-21-8,2829.90.40,NAO,N,N,N,N,1479,5.1,6 - ANO,99,"3,62",Sais Inorgânicos,"Brometos, Iodetos e Fluoretos"
PS07881RA,PERIODATO DE SODIO (META) PA 100G," R$  210,83 ","0,00%",7790-28-5,2829.90.40,NAO,N,N,N,N,3085,5.1(8),6 - ANO,99,"3,86",Sais Inorgânicos,"Brometos, Iodetos e Fluoretos"
PS03955RA,PERIODATO DE SODIO (META) PA 1KG," R$  1.908,75 ","0,00%",7790-28-5,2829.90.40,NAO,N,N,N,N,3085,5.1 (8),6 - ANO,99,"3,86",Sais Inorgânicos,"Brometos, Iodetos e Fluoretos"
PS03758RA,PERIODATO DE SODIO (META) PA 250G," R$  504,57 ","0,00%",7790-28-5,2829.90.40,NAO,N,N,N,N,3085,5.1(8),6 - ANO,99,"3,86",Sais Inorgânicos,"Brometos, Iodetos e Fluoretos"
PS03757RA,PERIODATO DE SODIO (META) PA 500G," R$  999,14 ","0,00%",7790-28-5,2829.90.40,NAO,N,N,N,N,3085,5.1(8),6 - ANO,99,"3,86",Sais Inorgânicos,"Brometos, Iodetos e Fluoretos"
PB05454RA,PEROXIDO DE BARIO PA 100G," R$  300,55 ","0,00%",1304-29-6,2816.40.90,NAO,N,N,N,N,1449,5.1(6.1),6 - ANO,95,"4,96",Reagentes Especiais,Óxidos e Peróxidos
PB07662RA,PEROXIDO DE BENZOILA PS 500G," R$  87,48 ","0,00%",94-36-0,2916.32.10,NAO,N,N,N,N,3104,5.2,6 - ANO,73,"1,33",Reagentes Especiais,Óxidos e Peróxidos
PS04784RA,PEROXIDO DE SODIO PA ACS 100G," R$  486,75 ","0,00%",1313-60-6,2815.30.00,NAO,N,N,N,N,1504,5.1,6 - ANO,93,"2,8",Reagentes Especiais,Óxidos e Peróxidos
PS07743RA,PEROXIDO DE SODIO PA ACS 500G," R$  1.881,00 ","0,00%",1313-60-6,2815.30.00,NAO,N,N,N,N,1504,5.1,6 - ANO,93,"2,8",Reagentes Especiais,Óxidos e Peróxidos
PZ04388RA,PEROXIDO DE ZINCO PA 100G," R$  184,14 ","0,00%",1314-22-3,2817.00.20,NAO,N,N,N,N,1516,5.1,6 - ANO,45,"1,57",Reagentes Especiais,Óxidos e Peróxidos
PA07086RA,PERSULFATO DE AMONIO PA 1KG," R$  28,29 ","0,00%",7727-54-0,2833.40.20,NAO,N,N,N,N,1444,5.1,6 - ANO,"97,5","1,9",Sais Inorgânicos,Sulfatos e Sulfitos
PA09917RA,PERSULFATO DE AMONIO PA 500G," R$  13,14 ","0,00%",7727-54-0,2833.40.20,NAO,N,N,N,N,1444,5.1,6 - ANO,"97,5","1,9",Sais Inorgânicos,Sulfatos e Sulfitos
PP07031RA,PERSULFATO DE POTASSIO PA 1KG," R$  53,26 ","0,00%",7727-21-1,2833.40.90,NAO,N,N,N,N,1492,5.1,6 - ANO,99,"2,47",Sais Inorgânicos,Sulfatos e Sulfitos
PP09930RA,PERSULFATO DE POTASSIO PA 500G," R$  31,25 ","0,00%",7727-21-1,2833.40.90,NAO,N,N,N,N,1492,5.1,6 - ANO,99,"2,47",Sais Inorgânicos,Sulfatos e Sulfitos
PS03048SO,"PERSULFATO DE SODIO 1,5% (AQUOSA) 1L"," R$  48,75 ","0,00%",7775-27-1,2833.40.10,NAO,N,N,N,N,1505,5.1,4 - ANO,"1,5","1,2",Sais Inorgânicos,Sulfatos e Sulfitos
PS07243RA,PERSULFATO DE SODIO PA 500G," R$  19,80 ","0,00%",7775-27-1,2833.40.10,NAO,N,N,N,N,1505,5.1,6 - ANO,98,"1,1",Sais Inorgânicos,Sulfatos e Sulfitos
P04669RA,PIPERAZINA PA 100G," R$  186,31 ","0,00%",110-85-0,2933.59.19,NAO,N,N,N,N,2579,8,6 - ANO,"98,5","1,1",Compostos Orgânicos,Diversos
PA07363RA,"PIRIDIL 4,2 AZO RESORCINA (P.A.R) PA 1G"," R$  34,18 ","0,00%",16593-81-0,2936.25.20,NAO,N,N,N,N,-,-,6 - ANO,99,1,Compostos Orgânicos,Diversos
PI08699SO,"PIRIDIL 4,2 AZO RESORCINA (P.A.R) SOL.INDICADOR SOL. 0,1% 100ML"," R$  14,93 ","0,00%",1141-59-9,3822.90.00,NAO,N,N,N,N,1993,3,2 - ANO,"0,1",1,Indicadores,Indicadores e Corantes
PA05732RA,PIRIDIL-AZO-NAFTOL (P.A.N) PA 1G," R$  39,02 ","0,00%",85-85-8,2921.51.19,NAO,N,N,N,N,-,-,6 - ANO,99,"1,14",Compostos Orgânicos,Diversos
PI08700SO,PIRIDIL-AZO-NAFTOL (P.A.N) SOL. INDICADOR ALCOLICA 100ML," R$  26,02 ","0,00%",85-85-8,2921.51.19,NAO,N,N,N,N,1993,3,2 - ANO,"0,1",1,Indicadores,Indicadores e Corantes
PZ07440RA,PIRITIONATO DE ZINCO PA 250G," R$  1.900,66 ","0,00%",13463-41-7,3808.92.99,NAO,N,N,N,N,2811,6.1,6 - ANO,48,"1,78",Metais,Metais de Transição e Outros
P09557RA,PIROCATECOL (PIROCATEQUINA) PA 100G," R$  54,89 ","0,00%",120-80-9,2907.29.00,NAO,N,N,N,N,2811,6.1,6 - ANO,98,"1,34",Compostos Orgânicos,Diversos
P07849RA,PIROCATECOL (PIROCATEQUINA) PA 250G," R$  229,45 ","0,00%",120-80-9,2907.29.00,NAO,N,N,N,N,2811,6.1,6 - ANO,98,"1,34",Compostos Orgânicos,Diversos
P09556RA,PIROCATECOL (PIROCATEQUINA) PA 25G," R$  30,27 ","0,00%",120-80-9,2907.29.00,NAO,N,N,N,N,2811,6.1,6 - ANO,98,"1,34",Compostos Orgânicos,Diversos
P08131RA,PIROCATECOL (PIROCATEQUINA) PA 500G," R$  438,15 ","0,00%",120-80-9,2907.29.00,NAO,N,N,N,N,2811,6.1,6 - ANO,98,"1,34",Compostos Orgânicos,Diversos
PP06149RA,PIROFOSFATO DE POTASSIO PA 1KG," R$  324,74 ","0,00%",7320-34-5,2835.39.20,NAO,N,N,N,N,-,-,6 - ANO,95,"2,33",Sais Inorgânicos,Fosfatos
PP06524RA,PIROFOSFATO DE POTASSIO PA 500G," R$  213,25 ","0,00%",7320-34-5,2835.39.20,NAO,N,N,N,N,-,-,6 - ANO,95,"2,33",Sais Inorgânicos,Fosfatos
PS09125RA,PIROFOSFATO DE SODIO BIB.ANID. PA 1KG," R$  63,13 ","0,00%",7758-16-9,2835.39.20,NAO,N,N,N,N,-,-,6 - ANO,0,"2,63",Sais Inorgânicos,Fosfatos
PS09126RA,PIROFOSFATO DE SODIO BIB.ANID. PA 500G," R$  39,45 ","0,00%",7758-16-9,2835.39.20,NAO,N,N,N,N,-,-,6 - ANO,0,"2,63",Sais Inorgânicos,Fosfatos
PS06654RA,PIROFOSFATO DE SODIO TETRABASICO 10H2O (DIFOSFATO) PURISSIMO 1KG," R$  46,53 ","0,00%",13472-36-1,2835.39.20,NAO,N,N,N,N,-,-,4 - ANO,99,"1,82",Sais Inorgânicos,Fosfatos
PS05737RA,PIROFOSFATO DE SODIO TETRABASICO 10H2O (DIFOSFATO) PURISSIMO 500G," R$  29,70 ","0,00%",13472-36-1,2835.39.20,NAO,N,N,N,N,-,-,6 - ANO,99,"1,82",Sais Inorgânicos,Fosfatos
PS04915RA,PIROFOSFATO DE SODIO TETRABASICO ANIDRO 1KG," R$  91,48 ","0,00%",7722-88-5,2835.39.20,NAO,N,N,N,N,-,-,6 - ANO,98,"2,53",Sais Inorgânicos,Fosfatos
PS04914RA,PIROFOSFATO DE SODIO TETRABASICO ANIDRO 500G," R$  56,13 ","0,00%",7722-88-5,2835.39.20,NAO,N,N,N,N,-,-,6 - ANO,98,"2,53",Sais Inorgânicos,Fosfatos
P08679SO,PIROGALOL SOL.5%H.POTASSIO 50% P/DET. 1L," R$  50,63 ","0,00%",-,2907.29.00,NAO,N,N,N,N,1760,8,4 - ANO,5,"1,32",Metais,Metais Alcalinos e Alcalino-Terrosos
P05132RA,PIRROL PS 1ML," R$  169,82 ","0,00%",109-97-7,2933.99.49,NAO,N,N,N,N,1992,3(6.1),6 - ANO,"97,5","0,96",Compostos Orgânicos,Diversos
P04956RA,PIRROLIDINA 99% PA 250ML," R$  453,55 ","0,00%",123-75-1,2933.99.49,NAO,N,N,N,N,1922,3(8),6 - ANO,99,"0,85",Compostos Orgânicos,Diversos
AP06575RA,PIRUVATO DE SODIO 99% (ÁCIDO PIRÚVICO SAL DE SÓDIO) PA 100G," R$  78,69 ","0,00%",113-24-6,2842.90.00,NAO,N,N,N,N,-,-,6 - ANO,99,"1,78",Metais,Metais Alcalinos e Alcalino-Terrosos
PS05386RA,PIRUVATO DE SODIO 99% (ÁCIDO PIRÚVICO SAL DE SÓDIO) PA 1KG," R$  634,89 ","0,00%",113-24-6,2842.90.00,NAO,N,N,N,N,-,-,6 - ANO,99,"1,78",Metais,Metais Alcalinos e Alcalino-Terrosos
AP07527RA,PIRUVATO DE SODIO 99% (ÁCIDO PIRÚVICO SAL DE SÓDIO) PA 25G," R$  34,16 ","0,00%",113-24-6,2842.90.00,NAO,N,N,N,N,-,-,6 - ANO,99,"1,78",Metais,Metais Alcalinos e Alcalino-Terrosos
PG09972RA,POLIETILENOGLICOL 1500 500G," R$  53,73 ","3,25%",25322-68-3,3907.29.31,NAO,N,N,N,N,-,-,6 - ANO,0,"1,12",Compostos Orgânicos,Açúcares e Carboidratos
PG07365RA,POLIETILENOGLICOL 400 1L," R$  50,03 ","3,25%",25322-68-3,3907.29.31,NAO,N,N,N,N,-,-,6 - ANO,0,"1,12",Compostos Orgânicos,Açúcares e Carboidratos
PG07357RA,POLIETILENOGLICOL 4000 1KG," R$  67,48 ","3,25%",25322-68-3,3907.29.31,NAO,N,N,N,N,-,-,6 - ANO,0,"1,12",Compostos Orgânicos,Açúcares e Carboidratos
PG09022RA,POLIETILENOGLICOL 4000 500G," R$  38,63 ","3,25%",25322-68-3,3907.29.39,NAO,N,N,N,N,-,-,6 - ANO,0,"1,12",Compostos Orgânicos,Açúcares e Carboidratos
PG07857RA,POLIETILENOGLICOL 6000 500G," R$  87,73 ","3,25%",25322-68-3,3907.29.31,NAO,N,N,N,N,-,-,6 - ANO,0,"1,12",Compostos Orgânicos,Açúcares e Carboidratos
PP09970RA,POLIVINIL PIRROLIDONA (PVP) K30 100G," R$  27,23 ","3,25%",9003-39-8,3905.99.30,NAO,N,N,N,N,-,-,6 - ANO,0,"1,23",Compostos Orgânicos,Diversos
PP07931RA,POLIVINIL PIRROLIDONA (PVP) K30 250G," R$  39,60 ","3,25%",9003-39-8,3905.99.30,NAO,N,N,N,N,-,-,6 - ANO,0,"1,23",Compostos Orgânicos,Diversos
PP06315RA,POLIVINIL PIRROLIDONA (PVP) K30 500G," R$  76,59 ","3,25%",9003-39-8,3905.99.30,NAO,N,N,N,N,-,-,6 - ANO,0,"1,23",Compostos Orgânicos,Diversos
PP09759RA,POLIVINIL PIRROLIDONA (PVP) K90 1KG," R$  172,95 ","3,25%",9003-39-8,3905.99.30,NAO,N,N,N,N,-,-,6 - ANO,0,"1,23",Compostos Orgânicos,Diversos
PP06332RA,POLIVINIL PIRROLIDONA (PVP) K90 250G," R$  57,68 ","3,25%",9003-39-8,3905.99.30,NAO,N,N,N,N,-,-,6 - ANO,0,"1,23",Compostos Orgânicos,Diversos
PP06908RA,POLIVINIL PIRROLIDONA (PVP) K90 500G," R$  92,22 ","3,25%",9003-39-8,3905.99.30,NAO,N,N,N,N,-,-,6 - ANO,0,"1,23",Compostos Orgânicos,Diversos
PX09172RA,PONCEAU XILIDINA 2R (CI.16150) 25G," R$  49,55 ","0,00%",3761-53-3,3822.90.00,NAO,N,N,N,N,-,-,4 - ANO,0,1,Compostos Orgânicos,Diversos
P07754RA,PONCEAU-S (CI.27195) 25G," R$  27,05 ","0,00%",6226-79-5,3822.90.00,NAO,N,N,N,N,-,-,4 - ANO,0,1,Compostos Orgânicos,Diversos
SP08647SO,PONCEAU-S SOL. 500ML," R$  42,50 ","0,00%",6226-79-5,3822.90.00,NAO,N,N,N,N,-,-,2 - ANO,"0,1",1,Compostos Orgânicos,Diversos
P05652RA,"PPO (2,5 - DIFENILOXAZOL) 10G"," R$  154,77 ","0,00%",92-71-7,2934.99.39,NAO,N,N,N,N,-,-,6 - ANO,99,"1,09",Compostos Orgânicos,Diversos
P05651RA,PRATA EM PO PUREX 10G," R$  720,08 ","0,00%",7440-22-4,7106.10.00,NAO,N,N,N,N,3077,9,6 - ANO,"99,99","10,5",Metais,Metais de Transição e Outros
SP08645SO,PRATEADORA SOL. 1L," R$  127,73 ","0,00%",-,3822.90.00,NAO,N,N,N,N,3122,6.1(5.1),2 - ANO,0,"1,045",Compostos Orgânicos,Diversos
P05102SO,PREECE SOLUCAO 1L," R$  62,12 ","0,00%",-,2833.25.20,NAO,N,N,N,N,3082,9,2 - ANO,0,"1,16",Compostos Orgânicos,Diversos
PA07847RA,PRETO DE AMIDO 10B (CI.20470) 25G," R$  23,55 ","0,00%",1064-48-8,1108.19.00,NAO,N,N,N,N,-,-,4 - ANO,0,"1,05",Indicadores,Indicadores e Corantes
PE07935RA,PRETO DE ERIOCROMO-T (CI.14645) PA ACS 100G," R$  62,81 ","0,00%",1787-61-7,3204.12.20,NAO,N,N,N,N,3077,9,6 - ANO,0,1,Indicadores,Indicadores e Corantes
PE09923RA,PRETO DE ERIOCROMO-T (CI.14645) PA ACS 25G," R$  16,23 ","0,00%",1787-61-7,3204.12.20,NAO,N,N,N,N,3077,9,6 - ANO,0,1,Indicadores,Indicadores e Corantes
PE08677SO,PRETO DE ERIOCROMO-T 1% EM KCL 100G," R$  14,60 ","0,00%",1787-61-7,3204.12.20,NAO,N,N,N,N,-,-,2 - ANO,1,"1,1",Indicadores,Indicadores e Corantes
PE05257SO,"PRETO DE ERIOCROMO-T SOL.0,1% AQUOSO1L"," R$  22,77 ","0,00%",1787-61-7,3204.12.20,NAO,N,N,N,N,-,-,2 - ANO,"0,1",1,Indicadores,Indicadores e Corantes
PE06259SO,"PRETO DE ERIOCROMO-T SOL.0,5% AQUOSO 1L"," R$  25,66 ","0,00%",1787-61-7,3204.12.20,NAO,N,N,N,N,-,-,2 - ANO,"0,5",1,Indicadores,Indicadores e Corantes
PE04980SO,"PRETO DE ERIOCROMO-T SOL.0,5% AQUOSO 500 ML"," R$  19,82 ","0,00%",1787-61-7,3204.12.20,NAO,N,N,N,N,-,-,2 - ANO,"0,5",1,Indicadores,Indicadores e Corantes
PE05088SO,PRETO DE ERIOCROMO-T SOL.1% ALCOOLICO 1L," R$  28,15 ","0,00%",1787-61-7,3204.12.20,NAO,N,N,N,N,1993,3,2 - ANO,1,"0,87",Indicadores,Indicadores e Corantes
PS07934RA,PRETO DE SUDAN B (SUDAN BLACK) 100G," R$  452,27 ","0,00%",4197-25-5,3204.12.20,NAO,N,N,N,N,-,-,4 - ANO,0,"1,3",Indicadores,Indicadores e Corantes
PS08121RA,PRETO DE SUDAN B (SUDAN BLACK) 25G," R$  114,63 ","0,00%",4197-25-5,3204.12.20,NAO,N,N,N,N,-,-,4 - ANO,0,"1,3",Indicadores,Indicadores e Corantes
P03612RA,PROLINA-L 100G," R$  51,15 ","0,00%",147-85-3,2933.99.49,NAO,N,N,N,N,-,-,6 - ANO,"98,5","1,4",Compostos Orgânicos,Aminoácidos
P04653RA,PROLINA-L 1KG," R$  292,44 ","0,00%",147-85-3,2933.99.49,NAO,N,N,N,N,-,-,6 - ANO,"98,5","1,4",Compostos Orgânicos,Aminoácidos
P04805RA,PROLINA-L 25G," R$  25,77 ","0,00%",147-85-3,2933.99.49,NAO,N,N,N,N,-,-,6 - ANO,"98,5","1,4",Compostos Orgânicos,Aminoácidos
P09836RA,PROPILENOGLICOL PA ACS 1L," R$  39,60 ","0,00%",57-55-6,2905.32.00,NAO,N,N,N,N,-,-,6 - ANO,"99,8","1,03",Compostos Orgânicos,Açúcares e Carboidratos
P05671RA,PROPILGALATO (GALATO DE PROPILA) PUREX 100G," R$  91,77 ","0,00%",121-79-9,2918.29.30,NAO,N,N,N,N,3077,9,6 - ANO,98,"1,21",Compostos Orgânicos,Diversos
PB07963SO,PURPURA DE BROMOCRESOL INDICADOR 500ML," R$  14,40 ","0,00%",115-40-2,2907.12.00,NAO,N,N,N,N,1993,3,4 - ANO,0,1,Indicadores,Indicadores e Corantes
PB08569RA,PURPURA DE BROMOCRESOL PA 25G," R$  95,64 ","0,00%",115-40-2,2907.12.00,NAO,N,N,N,N,-,-,6 - ANO,0,"1,8",Indicadores,Indicadores e Corantes
PB06593RA,PURPURA DE BROMOCRESOL PA 5G," R$  28,71 ","0,00%",115-40-2,2907.12.00,NAO,N,N,N,N,-,-,6 - ANO,0,"1,8",Indicadores,Indicadores e Corantes
PB09346SO,"PURPURA DE BROMOCRESOL SOL.0,1% EM ETANOL 1L"," R$  16,00 ","0,00%",115-40-2,2907.12.00,NAO,N,N,N,N,1993,3,4 - ANO,"0,1","0,86",Indicadores,Indicadores e Corantes
PB05782SO,"PURPURA DE BROMOCRESOL SOL.0,4% EM ETANOL 1L"," R$  41,60 ","0,00%",115-40-2,2907.12.00,NAO,N,N,N,N,1993,3,4 - ANO,"0,4","0,86",Indicadores,Indicadores e Corantes
PB08029SO,"PURPURA DE BROMOCRESOL SOL.0,5% 1L"," R$  28,80 ","0,00%",115-40-2,2907.12.00,NAO,N,N,N,N,-,-,4 - ANO,"0,5",1,Indicadores,Indicadores e Corantes
PB08676SO,PURPURA DE BROMOCRESOL SOL.2% EM ETANOL 1L," R$  53,42 ","0,00%",115-40-2,2907.12.00,NAO,N,N,N,N,1993,3,4 - ANO,2,"0,86",Indicadores,Indicadores e Corantes
PF06630RA,PURPURA DE FTALEINA 1G," R$  41,02 ","0,00%",2411-89-4,2932.20.00,NAO,N,N,N,N,-,-,2 - ANO,0,"1,5",Indicadores,Indicadores e Corantes
PM06193RA,PURPURA META-CRESOL PA 1G," R$  31,74 ","0,00%",2303-01-7,2907.12.00,NAO,N,N,N,N,-,-,6 - ANO,0,"0,48",Indicadores,Indicadores e Corantes
Q05449RA,QUEROSENE ESPECIAL 1L," R$  45,64 ","0,00%",8008-20-6,2710.19.19,NAO,N,N,N,N,1223,3,6 - ANO,0,"0,82",Compostos Orgânicos,Diversos
Q02285SO,QUIMOCIAC SOLUCAO 1L," R$  85,79 ","0,00%",-,2914.19.29,NAO,N,N,N,N,1090,-,2 - ANO,0,1,Compostos Orgânicos,Diversos
Q06051RA,QUINOLEINA (QUINOLINA) PS 100ML," R$  115,62 ","0,00%",91-22-5,2933.49.90,NAO,N,N,N,N,2656,6.1,6 - ANO,98,"1,09",Compostos Orgânicos,Diversos
Q07575RA,QUINOLEINA (QUINOLINA) PS 1L," R$  977,82 ","0,00%",91-22-5,2933.49.90,NAO,N,N,N,N,2656,6.1,6 - ANO,98,"1,09",Compostos Orgânicos,Diversos
Q06050RA,QUINOLEINA (QUINOLINA) PS 250ML," R$  211,37 ","0,00%",91-22-5,2933.49.90,NAO,N,N,N,N,2656,6.1,6 - ANO,98,"1,09",Compostos Orgânicos,Diversos
Q07553RA,QUINOLEINA (QUINOLINA) PS 500ML," R$  529,83 ","0,00%",91-22-5,2933.49.90,NAO,N,N,N,N,2656,6.1,6 - ANO,98,"1,09",Compostos Orgânicos,Diversos
Q06289RA,QUITOSANA PA 100G," R$  392,70 ","3,25%",9012-76-4,3913.90.50,NAO,N,N,N,N,-,-,6 - ANO,90,1,Compostos Orgânicos,Diversos
R08989RA,RAFINOSE-D 5H2O PURISSIMO 25G," R$  184,17 ","0,00%",17629-30-0,3822.90.00,NAO,N,N,N,N,-,-,6 - ANO,98,"1,8",Compostos Orgânicos,Diversos
RM06585RA,RAMNOSE PUREX MONOHIDRATADO PA 25G," R$  166,39 ","0,00%",10030-85-0,2940.00.19,NAO,N,N,N,N,-,-,6 - ANO,99,"1,47",Compostos Orgânicos,Diversos
RB09481SO,REATIVO DE BENEDICT QUALITATIVO 1L," R$  22,56 ","0,00%",-,2924.21.19,NAO,N,N,N,N,-,-,2 - ANO,0,"1,12",Reagentes Especiais,EDTA e Complexantes
RB09489SO,REATIVO DE BENEDICT QUANTITATIVO 1L," R$  22,56 ","0,00%",-,2924.21.19,NAO,N,N,N,N,-,-,2 - ANO,0,"1,12",Reagentes Especiais,EDTA e Complexantes
BR08925SO,REATIVO DE BIAL 1L," R$  87,62 ","0,00%",-,3822.90.00,NAO,N,N,N,N,1760,8,2 - ANO,0,1,Reagentes Especiais,EDTA e Complexantes
RB09695SO,REATIVO DE BIURETO 1L," R$  49,75 ","0,00%",-,2924.21.19,NAO,N,N,N,N,1760,8,2 - ANO,0,1,Reagentes Especiais,EDTA e Complexantes
RD08859SO,REATIVO DE DRAGENDORFF (IODOBISMUT) 1L," R$  396,84 ","0,00%",39775-75-2,2827.20.90,NAO,N,N,N,N,2924,3(8),2 - ANO,0,"0,95",Reagentes Especiais,EDTA e Complexantes
RF09831SO,REATIVO DE FEHLING A (P/GLICOSE) 1L," R$  17,74 ","0,00%",-,3822.90.00,NAO,N,N,N,N,-,-,2 - ANO,0,1,Reagentes Especiais,EDTA e Complexantes
RF09830SO,REATIVO DE FEHLING B (P/GLICOSE) 1L," R$  32,06 ","0,00%",-,3822.90.00,NAO,N,N,N,N,1760,8,2 - ANO,0,1,Reagentes Especiais,EDTA e Complexantes
FD08829SO,REATIVO DE FOLIN DENIS 1L," R$  187,82 ","0,00%",-,3822.19.10,NAO,N,N,N,N,3264,8,2 - ANO,0,1,Reagentes Especiais,EDTA e Complexantes
IR08778SO,REATIVO DE IMBERT P/ACETONA 1L," R$  72,12 ","0,00%",-,2924.21.19,NAO,N,N,N,N,2789,8(3),2 - ANO,0,"1,045",Solventes e Água,Solventes
RM07714SO,REATIVO DE MAYER 1L," R$  254,28 ","0,00%",-,2924.21.19,NAO,N,N,N,N,3287,6.1,2 - ANO,0,"1,025",Reagentes Especiais,EDTA e Complexantes
RM08744SO,REATIVO DE MILLON 1L," R$  2.058,73 ","0,00%",-,2924.21.19,NAO,N,N,N,N,2922,8(6.1),2 - ANO,0,"1,25",Reagentes Especiais,EDTA e Complexantes
RM07160SO,REATIVO DE MOLISCH 1L," R$  187,08 ","0,00%",-,2924.21.19,NAO,N,N,N,N,2924,8(3),2 - ANO,0,"0,84",Reagentes Especiais,EDTA e Complexantes
RM09078SO,REATIVO DE MOLISCH 500ML," R$  99,41 ","0,00%",-,2924.21.19,NAO,N,N,N,N,2924,8(3),2 - ANO,0,"0,84",Reagentes Especiais,EDTA e Complexantes
RE08675SO,REATIVO DE REES ECKER 1L," R$  155,80 ","0,00%",-,2924.21.19,NAO,N,N,N,N,-,-,2 - ANO,0,1,Reagentes Especiais,EDTA e Complexantes
T08586SO,REATIVO DE TOLLENS 1L," R$  92,25 ","0,00%",-,2924.21.19,NAO,N,N,N,N,3082,9,2 - ANO,0,1,Reagentes Especiais,EDTA e Complexantes
RN08736SO,REATIVO NESSLER P/ AMONIACO 1L," R$  422,32 ","0,00%",-,2924.21.19,NAO,N,N,N,N,2924,3(8),2 - ANO,0,"1,01",Ácidos e Bases,Bases
R07505RA,RESAZURINA PA 5G," R$  243,43 ","0,00%",62758-13-8,2907.21.00,NAO,N,N,N,N,-,-,6 - ANO,80,1,Compostos Orgânicos,Diversos
R05084SO,"RESAZURINA SOL.0,1% 1L"," R$  142,25 ","0,00%",62758-13-8,2907.21.00,NAO,N,N,N,N,-,-,4 - ANO,"0,1",1,Compostos Orgânicos,Diversos
R03826RA,RIBOSE (D-RIBOSE) PURISSIMO 1KG," R$  996,26 ","0,00%",50-69-1,2940.00.19,NAO,N,N,N,N,-,-,6 - ANO,97,"1,5",Compostos Orgânicos,Diversos
R07559RA,RIBOSE (D-RIBOSE) PURISSIMO 25G," R$  73,25 ","0,00%",50-69-1,2940.00.19,NAO,N,N,N,N,-,-,6 - ANO,97,"1,5",Compostos Orgânicos,Diversos
RA06595SO,"RODAMINA AQUOSA SOL.0,5% 1L"," R$  31,56 ","0,00%",81-88-9,3822.90.00,NAO,N,N,N,N,-,-,4 - ANO,"0,5","0,985",Compostos Orgânicos,Diversos
R09537RA,RODAMINA B (CI.45170) PA 100G," R$  70,63 ","0,00%",81-88-9,3822.90.00,NAO,N,N,N,N,-,-,6 - ANO,0,"1,3",Compostos Orgânicos,Diversos
R09536RA,RODAMINA B (CI.45170) PA 25G," R$  19,25 ","0,00%",81-88-9,3822.90.00,NAO,N,N,N,N,-,-,6 - ANO,0,"1,3",Compostos Orgânicos,Diversos
RS05650RA,RODIZONATO DE SODIO PA 5G," R$  49,50 ","0,00%",523-21-7,2915.50.30,NAO,N,N,N,N,-,-,6 - ANO,"98,5",1,Metais,Metais Alcalinos e Alcalino-Terrosos
RB07263RA,ROSA DE BENGALA (CI.45440) 25G," R$  85,33 ","0,00%",632-69-9,3822.90.00,NAO,N,N,N,N,-,-,4 - ANO,90,"2,9",Indicadores,Indicadores e Corantes
RB08672SO,ROSA DE BENGALA SOL. 1L," R$  23,05 ","0,00%",632-69-9,3822.90.00,NAO,N,N,N,N,-,-,2 - ANO,"0,1",1,Indicadores,Indicadores e Corantes
SS09800RA,SACARINA SODICA 2H2O PA 500G," R$  61,23 ","0,00%",6155-57-3,2925.11.00,NAO,N,N,N,N,-,-,6 - ANO,99,"0,6",Compostos Orgânicos,Diversos
S09697RA,SACAROSE (SUCROSE) PA 1KG," R$  15,88 ","0,00%",57-50-1,1701.99.00,NAO,N,N,N,N,-,-,6 - ANO,"99,5","1,58",Compostos Orgânicos,Açúcares e Carboidratos
S09060RA,SACAROSE (SUCROSE) PA 500G," R$  10,47 ","0,00%",57-50-1,1701.99.00,NAO,N,N,N,N,-,-,6 - ANO,0,"1,58",Compostos Orgânicos,Açúcares e Carboidratos
S04045RA,SACAROSE (SUCROSE) PA 5KG," R$  51,12 ","0,00%",57-50-1,1701.99.00,NAO,N,N,N,N,,,6 - ANO,"99,5","1,58",Compostos Orgânicos,Açúcares e Carboidratos
S04391SO,SAFRANINA SOL.1% AQUOSA 1L," R$  246,25 ","0,00%",477-73-6,3822.90.00,NAO,N,N,N,N,-,-,2 - ANO,1,1,Compostos Orgânicos,Diversos
SF07222RA,SAFRANINA-T (CI.50240) 100G," R$  203,73 ","0,00%",477-73-6,3822.90.00,NAO,N,N,N,N,-,-,4 - ANO,0,1,Compostos Orgânicos,Diversos
SF09334RA,SAFRANINA-T (CI.50240) 25G," R$  58,43 ","0,00%",477-73-6,3822.90.00,NAO,N,N,N,N,-,-,4 - ANO,0,1,Compostos Orgânicos,Diversos
SS08670SO,"SAFRANINA-T SOL. 0,1% 1L"," R$  44,80 ","0,00%",477-73-6,3822.90.00,NAO,N,N,N,N,-,-,2 - ANO,"0,1",1,Compostos Orgânicos,Diversos
S07681SO,"SAFRANINA-T SOL. 0,1% 250ML"," R$  20,80 ","0,00%",477-73-6,3822.90.00,NAO,N,N,N,N,-,-,2 - ANO,"0,1",1,Compostos Orgânicos,Diversos
SS06197SO,"SAFRANINA-T SOL.0,25% 1L"," R$  46,00 ","0,00%",477-73-6,3822.90.00,NAO,N,N,N,N,-,-,4 - ANO,"0,25",1,Compostos Orgânicos,Diversos
SR05208RA,SAL DE REINECKE PA ACS 10G," R$  55,89 ","0,00%",13573-16-5,2842.90.00,NAO,N,N,N,N,-,-,6 - ANO,93,"1,49",Compostos Orgânicos,Diversos
SR05207RA,SAL DE REINECKE PA ACS 25G," R$  168,82 ","0,00%",13573-16-5,2842.90.00,NAO,N,N,N,N,-,-,6 - ANO,93,"1,49",Compostos Orgânicos,Diversos
S06235RA,SALICILALDEIDO 250ML," R$  79,60 ","0,00%",90-02-8,2912.49.90,NAO,N,N,N,N,1993,3,6 - ANO,99,"1,17",Compostos Orgânicos,Aldeídos e Cetonas
SL05922RA,SALICILALDEIDO 99% 1L," R$  324,97 ","0,00%",90-02-8,2912.49.90,NAO,N,N,N,N,1993,3,6 - ANO,99,"1,17",Compostos Orgânicos,Aldeídos e Cetonas
SL05923RA,SALICILALDEIDO 99% 500ML," R$  139,30 ","0,00%",90-02-8,2912.49.90,NAO,N,N,N,N,1993,3,6 - ANO,99,"1,17",Compostos Orgânicos,Aldeídos e Cetonas
SM03824RA,SALICILATO DE METILA PA  250ML," R$  27,98 ","0,00%",119-36-8,2918.23.00,NAO,N,N,N,N,-,-,6 - ANO,98,"1,18",Compostos Orgânicos,Diversos
SM09025RA,SALICILATO DE METILA PA 1L," R$  84,42 ","0,00%",119-36-8,2918.23.00,NAO,N,N,N,N,-,-,6 - ANO,98,"1,18",Compostos Orgânicos,Diversos
SS06254RA,SALICILATO DE SODIO PA 500G," R$  66,15 ","0,00%",54-21-7,2918.21.20,NAO,N,N,N,N,-,-,6 - ANO,"99,5",1,Metais,Metais Alcalinos e Alcalino-Terrosos
S07430RA,SAPONINA PURISSIMO 100G," R$  495,25 ","0,00%",8047-15-2,2938.90.90,NAO,N,N,N,N,-,-,6 - ANO,0,"1,015",Compostos Orgânicos,Diversos
S04064RA,SAPONINA PURISSIMO 25G," R$  148,56 ","0,00%",8047-15-2,2938.90.90,NAO,N,N,N,N,-,-,6 - ANO,0,1,Compostos Orgânicos,Diversos
S04577RA,SARCOSINA PA 100G," R$  188,00 ","0,00%",107-97-1,2922.49.90,NAO,N,N,N,N,-,-,6 - ANO,"97,5","1,09",Compostos Orgânicos,Diversos
S04576RA,SARCOSINA PA 500G," R$  992,48 ","0,00%",107-97-1,2922.49.90,NAO,N,N,N,N,-,-,6 - ANO,"97,5","1,09",Compostos Orgânicos,Diversos
S06255RA,SELENIO EM PO 100G," R$  75,15 ","0,00%",7782-49-2,2804.90.00,NAO,N,N,N,N,3288,6.1,6 - ANO,99,"4,8",Compostos Orgânicos,Diversos
SS09460RA,SELENITO DE SODIO ANIDRO PA 100G," R$  42,55 ","0,00%",10102-18-8,2842.90.00,NAO,N,N,N,N,2630,6.1,6 - ANO,"98,5","3,1",Metais,Metais Alcalinos e Alcalino-Terrosos
SS09806RA,SELENITO DE SODIO ANIDRO PA 250G," R$  99,58 ","0,00%",10102-18-8,2842.90.00,NAO,N,N,N,N,2630,6.1,6 - ANO,"98,5","3,1",Metais,Metais Alcalinos e Alcalino-Terrosos
SS08477RA,SELENITO DE SODIO ANIDRO PA 500G," R$  168,40 ","0,00%",10102-18-8,2842.90.00,NAO,N,N,N,N,2630,6.1,6 - ANO,"98,5","3,1",Metais,Metais Alcalinos e Alcalino-Terrosos
SL09578RA,SERINA-L 10G," R$  18,02 ","0,00%",56-45-1,2922.49.59,NAO,N,N,N,N,-,-,6 - ANO,"98,5","1,6",Compostos Orgânicos,Aminoácidos
SL09577RA,SERINA-L 25G," R$  33,39 ","0,00%",56-45-1,2922.49.59,NAO,N,N,N,N,-,-,6 - ANO,"98,5","1,6",Compostos Orgânicos,Aminoácidos
SC06347RA,"SILICAGEL 60 (0,04 - 0,063 MM) (230 - 400 MESH) PARA CROMATOGRAFIA EM COLUNA 500G"," R$  849,31 ","0,00%",112926-00-8,2811.22.30,NAO,N,N,N,N,-,-,6 - ANO,0,"0,7",Sais Inorgânicos,Cromatos e Percloratos
SG06314RA,"SILICAGEL 60 (0,05-0,2MM) (70 - 2700 MESH) PARA CROMATOGRAFIA EM COLUNA 500G"," R$  583,66 ","0,00%",112926-00-8,2811.22.30,NAO,N,N,N,N,-,-,6 - ANO,0,"0,7",Sais Inorgânicos,Cromatos e Percloratos
SG07340RA,"SILICAGEL 60 (0,063-0,2MM) (70-230 MESH) PARA CROMATOGRAFIA EM COLUNA 500G"," R$  209,12 ","0,00%",112926-00-8,2811.22.30,NAO,N,N,N,N,-,-,6 - ANO,0,"0,7",Sais Inorgânicos,Cromatos e Percloratos
SG06313RA,"SILICAGEL 60 (0,1-0,2MM) (70 - 130 MESH) PARA CROMATOGRAFIA EM COLUNA 500G"," R$  979,50 ","0,00%",112926-00-8,2811.22.30,NAO,N,N,N,N,-,-,6 - ANO,0,"0,7",Sais Inorgânicos,Cromatos e Percloratos
SC07711RA,"SILICAGEL 60 (0,2 - 0,5 MM) (35-70 MESH) PARA CROMATOGRAFIA EM COLUNA 500G"," R$  141,25 ","0,00%",112926-00-8,2811.22.30,NAO,N,N,N,N,-,-,6 - ANO,0,"0,7",Sais Inorgânicos,Cromatos e Percloratos
SA07075RA,SILICAGEL AZUL (1-4MM) PA 1KG," R$  59,98 ","0,00%",112926-00-8,2811.22.30,NAO,N,N,N,N,-,-,6 - ANO,0,"0,7",Indicadores,Indicadores e Corantes
SA09804RA,SILICAGEL AZUL (1-4MM) PA 500G," R$  34,11 ","0,00%",112926-00-8,2811.22.30,NAO,N,N,N,N,-,-,6 - ANO,0,"0,7",Indicadores,Indicadores e Corantes
SA08346RA,SILICAGEL AZUL (4-8MM) PA 1KG," R$  59,98 ","0,00%",112926-00-8,2811.22.30,NAO,N,N,N,N,-,-,6 - ANO,0,"0,7",Indicadores,Indicadores e Corantes
SA09969RA,SILICAGEL AZUL (4-8MM) PA 500G," R$  34,11 ","0,00%",112926-00-8,2811.22.30,NAO,N,N,N,N,-,-,6 - ANO,0,"0,7",Indicadores,Indicadores e Corantes
SA03170RA,SILICAGEL AZUL (4-8MM) PA 5KG," R$  258,72 ","0,00%",112926-00-8,2811.22.30,NAO,N,N,N,N,-,-,6 - ANO,0,1,Indicadores,Indicadores e Corantes
SB09349RA,SILICAGEL BRANCA (1-4MM) PA 500G," R$  34,04 ","0,00%",112926-00-8,2811.22.30,NAO,N,N,N,N,-,-,6 - ANO,0,"0,7",Compostos Orgânicos,Diversos
SB07577RA,SILICAGEL BRANCA (4-8MM) PA 500G," R$  37,17 ","0,00%",112926-00-8,2811.22.30,NAO,N,N,N,N,-,-,6 - ANO,0,"0,7",Compostos Orgânicos,Diversos
SL03319RA,SILICAGEL LARANJA (4-8MM) PA 500G	," R$  58,25 ","0,00%",112926-00-8,2811.22.30,NAO,N,N,N,N,-,-,6 - ANO,0,"0,75",Compostos Orgânicos,Diversos
SA04575RA,SILICATO DE ALUMINIO PO PA 250G," R$  99,50 ","0,00%",37287-16-4,2839.90.20,NAO,N,N,N,N,-,-,6 - ANO,0,1,Sais Inorgânicos,Boratos e Silicatos
SS09677RA,SILICATO DE SODIO PURO 500G," R$  42,06 ","0,00%",6834-92-0,2839.19.00,NAO,N,N,N,N,3253,8,4 - ANO,0,"2,61",Sais Inorgânicos,Boratos e Silicatos
SM05649RA,SILICIO METALICO EM PO 99% 100G," R$  69,84 ","0,00%",7440-21-3,2804.69.00,NAO,N,N,N,N,1346,4.1,6 - ANO,99,"2,33",Metais,Metais de Transição e Outros
SN05304SO,SOL.NAWASHIN 100ML," R$  111,30 ","0,00%",-,2921.42.11,NAO,N,N,N,N,2924,3(8),2 - ANO,0,1,Compostos Orgânicos,Diversos
SP09252RA,SORBATO DE POTASSIO PA 500G," R$  36,95 ","0,00%",24634-61-5,2916.19.11,NAO,N,N,N,N,-,-,6 - ANO,98,"1,36",Metais,Metais Alcalinos e Alcalino-Terrosos
S09837SO,SORBITOL 70% 1L," R$  31,65 ","0,00%",50-70-4,2905.44.00,NAO,N,N,N,N,-,-,6 - ANO,64,"1,48",Compostos Orgânicos,Açúcares e Carboidratos
S09351RA,SORBITOL-D (-) PS 500G," R$  27,51 ","0,00%",50-70-4,2905.44.00,NAO,N,N,N,N,-,-,6 - ANO,97,"1,48",Compostos Orgânicos,Açúcares e Carboidratos
S06784RA,SPADNS PA 10G," R$  52,75 ","0,00%",23647-14-5,2921.42.11,NAO,N,N,N,N,-,-,6 - ANO,0,"1,1",Compostos Orgânicos,Diversos
S06753RA,SPADNS PA 25G," R$  106,28 ","0,00%",23647-14-5,2921.42.11,NAO,N,N,N,N,-,-,6 - ANO,0,"1,1",Compostos Orgânicos,Diversos
SB05947RA,SUBGALATO DE BISMUTO 250G," R$  195,25 ","0,00%",99-26-3,2918.29.90,NAO,N,N,N,N,-,-,6 - ANO,52,"1,1",Compostos Orgânicos,Diversos
SB05946RA,SUBGALATO DE BISMUTO 500G," R$  368,89 ","0,00%",99-26-3,2918.29.90,NAO,N,N,N,N,-,-,6 - ANO,52,"1,1",Compostos Orgânicos,Diversos
SS06330RA,SUCCINATO DE SODIO PA 100G," R$  84,08 ","0,00%",6106-21-4,2917.19.90,NAO,N,N,N,N,-,-,6 - ANO,98,"1,5",Metais,Metais Alcalinos e Alcalino-Terrosos
S09541RA,SUDAN III (CI.26100) 25G," R$  29,29 ","0,00%",85-86-9,3822.90.00,NAO,N,N,N,N,-,-,4 - ANO,0,"1,2",Compostos Orgânicos,Diversos
S08635SO,SUDAN III SOL. 100ML," R$  19,90 ","0,00%",85-86-9,3822.90.00,NAO,N,N,N,N,1993,3,2 - ANO,1,"0,88",Compostos Orgânicos,Diversos
S09539RA,SUDAN IV (CI.26015) 25G," R$  94,75 ","0,00%",85-83-6,3822.90.00,NAO,N,N,N,N,-,-,4 - ANO,100,"1,2",Compostos Orgânicos,Diversos
SA09561RA,SULFAMATO DE AMONIO PA 100G," R$  79,60 ","0,00%",7773-06-0,2811.19.90,NAO,N,N,N,N,-,-,6 - ANO,98,1,Compostos Orgânicos,Diversos
SA06027RA,SULFAMATO DE AMONIO PA 1KG," R$  899,56 ","0,00%",7773-06-0,2811.19.90,NAO,N,N,N,N,-,-,6 - ANO,98,1,Compostos Orgânicos,Diversos
S09968RA,SULFANILAMIDA PA 100G," R$  39,88 ","0,00%",63-74-1,2935.90.99,NAO,N,N,N,N,-,-,6 - ANO,99,"1,08",Compostos Orgânicos,Diversos
S06825RA,SULFANILAMIDA PA 250G," R$  91,14 ","0,00%",63-74-1,2935.90.99,NAO,N,N,N,N,-,-,6 - ANO,99,"1,08",Compostos Orgânicos,Diversos
SA07991RA,SULFATO DE ADENINA (USO EM LAB.) 10G," R$  142,08 ","0,00%",321-30-2,2941.20.10,NAO,N,N,N,N,2811,6.1,6 - ANO,98,1,Sais Inorgânicos,Sulfatos e Sulfitos
SA08412RA,SULFATO DE ADENINA (USO EM LAB.) 25G," R$  347,36 ","0,00%",321-30-2,2941.20.10,NAO,N,N,N,N,2811,6.1,6 - ANO,98,1,Sais Inorgânicos,Sulfatos e Sulfitos
SA09671RA,SULFATO DE ALUMINIO (14-18H2O) PA 500G," R$  23,53 ","0,00%",7784-31-8,2833.22.00,NAO,N,N,N,N,3260,8,6 - ANO,98,"1,72",Sais Inorgânicos,Sulfatos e Sulfitos
SA06846RA,SULFATO DE ALUMINIO ANIDRO PA 500G," R$  142,02 ","0,00%",10043-01-3,2833.22.00,NAO,N,N,N,N,3260,8,6 - ANO,98,"1,61",Sais Inorgânicos,Sulfatos e Sulfitos
SA08026RA,SULFATO DE ALUMINIO E AMONIO 12H2O PA 250G," R$  15,19 ","0,00%",7784-26-1,2833.30.00,NAO,N,N,N,N,-,-,6 - ANO,98,"1,64",Sais Inorgânicos,Sulfatos e Sulfitos
SA09014RA,SULFATO DE ALUMINIO E AMONIO 12H2O PA 500G," R$  25,91 ","0,00%",7784-26-1,3102.21.00,NAO,N,N,N,N,-,-,6 - ANO,98,"1,64",Sais Inorgânicos,Sulfatos e Sulfitos
SA09352RA,SULFATO DE ALUMINIO E POT.12H2O PA 1KG," R$  61,25 ","0,00%",7784-24-9,2833.30.00,NAO,N,N,N,N,-,-,6 - ANO,98,"1,75",Sais Inorgânicos,Sulfatos e Sulfitos
SA09124RA,SULFATO DE ALUMINIO E POT.12H2O PA 500G," R$  34,72 ","0,00%",7784-24-9,2833.30.00,NAO,N,N,N,N,-,-,6 - ANO,98,"1,75",Sais Inorgânicos,Sulfatos e Sulfitos
SA05224SO,SULFATO DE ALUMINIO SOL.10% AQUOSA 1L," R$  19,82 ","0,00%",7784-31-8,2833.22.00,NAO,N,N,N,N,1760,8,4 - ANO,10,"1,05",Sais Inorgânicos,Sulfatos e Sulfitos
SA09330RA,SULFATO DE AMONIO PA 1KG," R$  19,93 ","0,00%",7783-20-2,3102.21.00,NAO,N,N,N,N,-,-,6 - ANO,98,"1,77",Sais Inorgânicos,Sulfatos e Sulfitos
SA09690RA,SULFATO DE AMONIO PA 500G," R$  14,97 ","0,00%",7783-20-2,3102.21.00,NAO,N,N,N,N,-,-,6 - ANO,98,"1,77",Sais Inorgânicos,Sulfatos e Sulfitos
SA03771RA,SULFATO DE AMONIO PA 5KG," R$  87,15 ","0,00%",7783-20-2,3102.21.00,NAO,N,N,N,N,-,-,6 - ANO,98,"1,77",Sais Inorgânicos,Sulfatos e Sulfitos
SB07043RA,SULFATO DE BARIO PA 1KG," R$  27,44 ","0,00%",7727-43-7,2511.10.00,NAO,N,N,N,N,-,-,6 - ANO,97,"4,4",Sais Inorgânicos,Sulfatos e Sulfitos
SB09967RA,SULFATO DE BARIO PA 500G," R$  18,56 ","0,00%",7727-43-7,2511.10.00,NAO,N,N,N,N,-,-,6 - ANO,97,"4,4",Sais Inorgânicos,Sulfatos e Sulfitos
SB05648RA,SULFATO DE BRUCINA PUREX 25G," R$  179,59 ","0,00%",652154-10-4,2939.79.90,NAO,N,N,N,N,1544,6.1,6 - ANO,98,"1,41",Sais Inorgânicos,Sulfatos e Sulfitos
SC08007RA,SULFATO DE CADMIO (8/3 H2O) PA ACS 100G," R$  47,31 ","0,00%",7790-84-3,2832.20.00,NAO,N,N,N,N,2570,6.1,6 - ANO,98,"3,1",Sais Inorgânicos,Sulfatos e Sulfitos
SC07980RA,SULFATO DE CADMIO (8/3 H2O) PA ACS 500G," R$  129,96 ","0,00%",7790-84-3,2832.20.00,NAO,N,N,N,N,2570,6.1,6 - ANO,98,"3,1",Sais Inorgânicos,Sulfatos e Sulfitos
SC05190SO,SULFATO DE CADMIO SOL. 20% AQUOSA 1L," R$  87,82 ","0,00%",7790-84-3,2832.20.00,NAO,N,N,N,N,2810,6.1,4 - ANO,20,"1,1",Sais Inorgânicos,Sulfatos e Sulfitos
SC07136RA,SULFATO DE CALCIO 2H2O PA 1KG," R$  37,54 ","0,00%",10101-41-4,2511.10.00,NAO,N,N,N,N,-,-,6 - ANO,98,"1,18",Sais Inorgânicos,Sulfatos e Sulfitos
SC09057RA,SULFATO DE CALCIO 2H2O PA 500G," R$  24,88 ","0,00%",10101-41-4,2511.10.00,NAO,N,N,N,N,-,-,6 - ANO,98,"1,18",Sais Inorgânicos,Sulfatos e Sulfitos
SC05188RA,SULFATO DE CALCIO ANIDRO PA 500G," R$  17,82 ","0,00%",7778-18-9,2511.10.00,NAO,N,N,N,N,-,-,6 - ANO,98,"2,96",Sais Inorgânicos,Sulfatos e Sulfitos
SC03231RA,SULFATO DE CANAMICINA PUREX 25G	," R$  1.649,20 ","0,00%",70560-51-9,2941.90.49,NAO,N,N,N,N,-,-,6 - ANO,99,1,Sais Inorgânicos,Sulfatos e Sulfitos
SC03230RA,SULFATO DE CANAMICINA PUREX 5G	," R$  589,56 ","0,00%",70560-51-9,2941.90.49,NAO,N,N,N,N,-,-,6 - ANO,99,1,Sais Inorgânicos,Sulfatos e Sulfitos
SC06268RA,SULFATO DE CANAMICINA PURISSIMO 1G," R$  66,06 ","0,00%",70560-51-9,2941.90.49,NAO,N,N,N,N,-,-,6 - ANO,0,"1,4",Sais Inorgânicos,Sulfatos e Sulfitos
SC04425RA,SULFATO DE CERIO (IV) ANIDRO PA 100G," R$  189,69 ","0,00%",13590-82-4,2846.10.90,NAO,N,N,N,N,3260,8,6 - ANO,0,"3,24",Sais Inorgânicos,Sulfatos e Sulfitos
SC02110RA,SULFATO DE CERIO (IV) ANIDRO PA 500G," R$  849,56 ","0,00%",13590-82-4,2846.10.90,NAO,N,N,N,N,3260,8,6 - ANO,85,"1,3",Sais Inorgânicos,Sulfatos e Sulfitos
SC06316RA,SULFATO DE CERIO IV AMONIACAL PA 100G," R$  65,72 ","0,00%",10378-47-9,2920.90.49,NAO,N,N,N,N,-,-,6 - ANO,98,"1,11",Sais Inorgânicos,Sulfatos e Sulfitos
SC04050SO,"SULFATO DE CERIO IV AMONIACAL SOL.0,01N/0,01M 1L"," R$  41,15 ","0,00%",10378-47-9,2846.10.90,NAO,N,N,N,N,-,-,2 - ANO,"0,6",1,Sais Inorgânicos,Sulfatos e Sulfitos
SC08631SO,"SULFATO DE CERIO IV AMONIACAL SOL.0,1N/0,1M 1L"," R$  95,25 ","0,00%",10378-47-9,2846.10.90,NAO,N,N,N,N,1760,8,2 - ANO,"6,3","1,085",Sais Inorgânicos,Sulfatos e Sulfitos
SC06598RA,SULFATO DE CERIO IV ICO 4H2O PA 100G," R$  189,69 ","0,00%",10294-42-5,2846.10.90,NAO,N,N,N,N,3260,8,6 - ANO,85,"3,91",Sais Inorgânicos,Sulfatos e Sulfitos
SC03649RA,SULFATO DE CERIO IV ICO 4H2O PA 1KG," R$  1.445,56 ","0,00%",10294-42-5,2846.10.90,NAO,N,N,N,N,3260,8,6 - ANO,85,"3,91",Sais Inorgânicos,Sulfatos e Sulfitos
SC03650RA,SULFATO DE CERIO IV ICO 4H2O PA 500G," R$  849,56 ","0,00%",10294-42-5,2846.10.90,NAO,N,N,N,N,3260,8,6 - ANO,85,"3,91",Sais Inorgânicos,Sulfatos e Sulfitos
SC08632SO,"SULFATO DE CERIO IV SOL.0,01N 1L"," R$  69,31 ","0,00%",13590-82-4,2846.10.90,NAO,N,N,N,N,3260,8,2 - ANO,"0,33",1,Sais Inorgânicos,Sulfatos e Sulfitos
SC08633SO,"SULFATO DE CERIO IV SOL.0,05N 1L"," R$  69,52 ","0,00%",13590-82-4,2846.10.90,NAO,N,N,N,N,3260,8,2 - ANO,"1,66",1,Sais Inorgânicos,Sulfatos e Sulfitos
SC08634SO,"SULFATO DE CERIO IV SOL.0,1N 500ML"," R$  79,60 ","0,00%",13590-82-4,2846.10.90,NAO,N,N,N,N,3260,8,2 - ANO,"3,32",1,Sais Inorgânicos,Sulfatos e Sulfitos
SC07408RA,SULFATO DE COBALTO OSO 7H2O PA 100G," R$  40,77 ","0,00%",10026-24-1,2833.29.90,NAO,N,N,N,N,3077,9,6 - ANO,98,"1,95",Sais Inorgânicos,Sulfatos e Sulfitos
SC07666RA,SULFATO DE COBALTO OSO 7H2O PA 250G," R$  79,42 ","0,00%",10026-24-1,2833.29.90,NAO,N,N,N,N,3077,9,6 - ANO,98,"1,95",Sais Inorgânicos,Sulfatos e Sulfitos
SC07815RA,SULFATO DE COBALTO OSO 7H2O PA 500G," R$  133,06 ","0,00%",10026-24-1,2833.29.90,NAO,N,N,N,N,3077,9,6 - ANO,98,"1,95",Sais Inorgânicos,Sulfatos e Sulfitos
SC03974RA,SULFATO DE COBRE II ICO 5H2O PA 1KG," R$  81,36 ","0,00%",7758-99-8,2833.25.20,NAO,N,N,N,N,3077,9,6 - ANO,95,"2,28",Sais Inorgânicos,Sulfatos e Sulfitos
SC03973RA,SULFATO DE COBRE II ICO 5H2O PA 500G," R$  45,68 ","0,00%",7758-99-8,2833.25.20,NAO,N,N,N,N,3077,9,6 - ANO,95,"2,28",Sais Inorgânicos,Sulfatos e Sulfitos
SC09747RA,SULFATO DE COBRE II ICO ANIDRO PA 1KG," R$  104,74 ","0,00%",7758-98-7,2833.25.20,NAO,N,N,N,N,3077,9,6 - ANO,"97,83","3,6",Sais Inorgânicos,Sulfatos e Sulfitos
SC09797RA,SULFATO DE COBRE II ICO ANIDRO PA 250G," R$  33,38 ","0,00%",7758-98-7,2833.25.20,NAO,N,N,N,N,3077,9,6 - ANO,"97,83","3,6",Sais Inorgânicos,Sulfatos e Sulfitos
SC09243RA,SULFATO DE COBRE II ICO ANIDRO PA 500G," R$  57,17 ","0,00%",7758-98-7,2833.25.20,NAO,N,N,N,N,3077,9,6 - ANO,"97,83","3,6",Sais Inorgânicos,Sulfatos e Sulfitos
SC08629SO,SULFATO DE COBRE SOL.10% 1L," R$  15,97 ","0,00%",7758-98-7,2833.25.20,NAO,N,N,N,N,3082,9,4 - ANO,10,"1,065",Sais Inorgânicos,Sulfatos e Sulfitos
SC06304SO,SULFATO DE COBRE SOL.1M 1L," R$  50,74 ","0,00%",7758-98-7,2833.25.20,NAO,N,N,N,N,3082,9,2 - ANO,15,"1,13",Sais Inorgânicos,Sulfatos e Sulfitos
SC08630SO,SULFATO DE COBRE SOL.5% 1L," R$  13,43 ","0,00%",7758-98-7,2833.25.20,NAO,N,N,N,N,3082,9,4 - ANO,5,1,Sais Inorgânicos,Sulfatos e Sulfitos
SC09635RA,SULFATO DE CROMO E POTASSIO (12H2O) PA 100G," R$  97,29 ","0,00%",7788-99-0,2833.29.60,NAO,N,N,N,N,-,-,6 - ANO,"98,5","1,83",Sais Inorgânicos,Sulfatos e Sulfitos
SC08398RA,SULFATO DE CROMO E POTASSIO (12H2O) PA 250G," R$  139,31 ","0,00%",7788-99-0,2833.29.60,NAO,N,N,N,N,-,-,6 - ANO,"98,5","1,83",Sais Inorgânicos,Sulfatos e Sulfitos
SC08385RA,SULFATO DE CROMO E POTASSIO (12H2O) PA 500G," R$  380,29 ","0,00%",7788-99-0,2833.29.60,NAO,N,N,N,N,-,-,6 - ANO,"98,5","1,83",Sais Inorgânicos,Sulfatos e Sulfitos
SC05998RA,SULFATO DE CROMO III HIDRATO PA 500G," R$  123,04 ","0,00%",39380-78-4,2833.29.90,NAO,N,N,N,N,1759,8,6 - ANO,25,"1,7",Sais Inorgânicos,Sulfatos e Sulfitos
SE05881RA,SULFATO DE ESTANHO II OSO 500G," R$  124,90 ","0,00%",7488-55-3,2830.90.19,NAO,N,N,N,N,3260,8,6 - ANO,96,"1,35",Sais Inorgânicos,Sulfatos e Sulfitos
SE09308RA,SULFATO DE ESTREPTOMICINA 25G," R$  39,60 ","0,00%",3810-74-0,2941.20.10,NAO,N,N,N,N,-,-,6 - ANO,0,"1,23",Sais Inorgânicos,Sulfatos e Sulfitos
SE05273RA,SULFATO DE ESTRONCIO PA 1KG," R$  266,61 ","0,00%",7759-02-6,2833.29.30,NAO,N,N,N,N,-,-,6 - ANO,0,"3,96",Sais Inorgânicos,Sulfatos e Sulfitos
SE05272RA,SULFATO DE ESTRONCIO PA 500G," R$  141,91 ","0,00%",7759-02-6,2833.29.30,NAO,N,N,N,N,-,-,6 - ANO,0,"3,96",Sais Inorgânicos,Sulfatos e Sulfitos
SF09102RA,SULFATO DE FERRO II E AMONIO OSO (6H2O) PA  250G," R$  14,22 ","0,00%",7783-85-9,2833.29.90,NAO,N,N,N,N,-,-,6 - ANO,98,"1,86",Sais Inorgânicos,Sulfatos e Sulfitos
SF09592RA,SULFATO DE FERRO II E AMONIO OSO (6H2O) PA 1KG," R$  56,65 ","0,00%",7783-85-9,2833.29.90,NAO,N,N,N,N,-,-,6 - ANO,98,"1,86",Sais Inorgânicos,Sulfatos e Sulfitos
SF09207RA,SULFATO DE FERRO II E AMONIO OSO (6H2O) PA 500G," R$  21,98 ","0,00%",7783-85-9,2833.29.90,NAO,N,N,N,N,-,-,6 - ANO,98,"1,86",Sais Inorgânicos,Sulfatos e Sulfitos
SF09663RA,SULFATO DE FERRO II OSO 7H2O PA 1KG," R$  27,47 ","0,00%",7782-63-0,2833.29.40,NAO,N,N,N,N,-,-,6 - ANO,99,"1,89",Sais Inorgânicos,Sulfatos e Sulfitos
SF09840RA,SULFATO DE FERRO II OSO 7H2O PA 500G," R$  17,11 ","0,00%",7782-63-0,2833.29.40,NAO,N,N,N,N,-,-,6 - ANO,99,"1,89",Sais Inorgânicos,Sulfatos e Sulfitos
SF08042SO,"SULFATO DE FERRO II OSO AMON. SOL.0,4N 1L"," R$  48,26 ","0,00%",7783-85-9,2833.29.90,NAO,N,N,N,N,-,-,2 - ANO,"15,6","1,085",Sais Inorgânicos,Sulfatos e Sulfitos
SF08620SO,"SULFATO DE FERRO II OSO AMON.SOL.0,1N 1L"," R$  12,65 ","0,00%",7783-85-9,2833.29.90,NAO,N,N,N,N,-,-,2 - ANO,"3,91","1,015",Sais Inorgânicos,Sulfatos e Sulfitos
SF08619SO,"SULFATO DE FERRO II OSO AMON.SOL.0,25N 1L"," R$  26,73 ","0,00%",7783-85-9,2833.29.90,NAO,N,N,N,N,-,-,2 - ANO,"9,8","1,039",Sais Inorgânicos,Sulfatos e Sulfitos
SF04787SO,"SULFATO DE FERRO II OSO SOL. 0,1N 1L"," R$  27,56 ","0,00%",13463-43-9,2833.29.40,NAO,N,N,N,N,1760,8,2 - ANO,"1,51","1,22",Sais Inorgânicos,Sulfatos e Sulfitos
SF08037RA,SULFATO DE FERRO III ICO AMON. 12H2O PA 1KG," R$  72,93 ","0,00%",7783-83-7,2833.29.90,NAO,N,N,N,N,-,-,6 - ANO,98,"1,71",Sais Inorgânicos,Sulfatos e Sulfitos
SF08036RA,SULFATO DE FERRO III ICO AMON. 12H2O PA 500G," R$  41,06 ","0,00%",7783-83-7,2833.29.90,NAO,N,N,N,N,-,-,6 - ANO,98,"1,71",Sais Inorgânicos,Sulfatos e Sulfitos
SF08623SO,"SULFATO DE FERRO III ICO AMON.SOL.0,1N 1L"," R$  48,15 ","0,00%",7783-83-7,2833.29.90,NAO,N,N,N,N,-,-,2 - ANO,"2,66",1,Sais Inorgânicos,Sulfatos e Sulfitos
SF08622SO,SULFATO DE FERRO III ICO AMON.SOL.2% 1L," R$  16,07 ","0,00%",7783-83-7,2833.29.90,NAO,N,N,N,N,-,-,4 - ANO,"1,8",1,Sais Inorgânicos,Sulfatos e Sulfitos
SF08621SO,SULFATO DE FERRO III ICO AMON.SOL.20% 1L," R$  50,74 ","0,00%",7783-83-7,2833.29.90,NAO,N,N,N,N,1760,8,4 - ANO,20,"1,14",Sais Inorgânicos,Sulfatos e Sulfitos
SF07817RA,SULFATO DE FERRO III ICO PA HIDRATADO 250G," R$  32,77 ","0,00%",15244-10-7,2833.29.90,NAO,N,N,N,N,3260,8,6 - ANO,20,"3,09",Sais Inorgânicos,Sulfatos e Sulfitos
SF09918RA,SULFATO DE FERRO III ICO PA HIDRATADO 500G," R$  53,45 ","0,00%",15244-10-7,2833.29.90,NAO,N,N,N,N,3260,8,6 - ANO,20,"3,09",Sais Inorgânicos,Sulfatos e Sulfitos
SL06834RA,SULFATO DE LITIO H2O PA 250G," R$  200,60 ","0,00%",10102-25-7,2833.29.20,NAO,N,N,N,N,-,-,6 - ANO,99,"2,22",Sais Inorgânicos,Sulfatos e Sulfitos
SL09932RA,SULFATO DE LITIO H2O PA 500G," R$  351,14 ","0,00%",10102-25-7,2833.29.20,NAO,N,N,N,N,-,-,6 - ANO,99,"2,22",Sais Inorgânicos,Sulfatos e Sulfitos
SM09565RA,SULFATO DE MAGNESIO 7H2O PA 1KG," R$  29,75 ","0,00%",10034-99-8,2530.20.00,NAO,N,N,N,N,-,-,6 - ANO,98,"1,67",Sais Inorgânicos,Sulfatos e Sulfitos
SM06147RA,SULFATO DE MAGNESIO 7H2O PA 500G," R$  20,59 ","0,00%",10034-99-8,2833.21.00,NAO,N,N,N,N,-,-,6 - ANO,98,"1,67",Sais Inorgânicos,Sulfatos e Sulfitos
SM06904RA,SULFATO DE MAGNESIO ANIDRO PA 1KG," R$  87,03 ","0,00%",7487-88-9,2833.21.00,NAO,N,N,N,N,-,-,6 - ANO,98,"2,66",Sais Inorgânicos,Sulfatos e Sulfitos
SM06264RA,SULFATO DE MAGNESIO ANIDRO PA 500G," R$  46,98 ","0,00%",7487-88-9,2833.21.00,NAO,N,N,N,N,-,-,6 - ANO,98,"2,66",Sais Inorgânicos,Sulfatos e Sulfitos
SM06677RA,SULFATO DE MAGNESIO SECO H2O PA 1KG," R$  26,24 ","0,00%",14168-73-1,2833.21.00,NAO,N,N,N,N,-,-,6 - ANO,90,"2,57",Sais Inorgânicos,Sulfatos e Sulfitos
SM07155RA,SULFATO DE MAGNESIO SECO H2O PA 500G," R$  14,79 ","0,00%",14168-73-1,2833.21.00,NAO,N,N,N,N,-,-,6 - ANO,90,"2,57",Sais Inorgânicos,Sulfatos e Sulfitos
SM05655SO,"SULFATO DE MAGNESIO SOL. 2,25% (M/V) 500ML"," R$  15,16 ","0,00%",7487-88-9,2833.21.00,NAO,N,N,N,N,-,-,4 - ANO,"2,25",1,Sais Inorgânicos,Sulfatos e Sulfitos
SM04423SO,"SULFATO DE MAGNESIO SOL.0,01M AQUOSA 1L"," R$  65,10 ","0,00%",7487-88-9,2833.21.00,NAO,N,N,N,N,-,-,2 - ANO,"0,12",1,Sais Inorgânicos,Sulfatos e Sulfitos
SM05766SO,"SULFATO DE MAGNESIO SOL.2,25% (M/V) 1L"," R$  20,79 ","0,00%",7487-88-9,2833.21.00,NAO,N,N,N,N,-,-,4 - ANO,"2,25",1,Sais Inorgânicos,Sulfatos e Sulfitos
SM09331RA,SULFATO DE MANGANES II OSO H2O PA 1KG," R$  37,28 ","0,00%",10034-96-5,2833.29.90,NAO,N,N,N,N,3077,9,6 - ANO,97,"2,95",Sais Inorgânicos,Sulfatos e Sulfitos
SM08929RA,SULFATO DE MANGANES II OSO H2O PA 500G," R$  26,14 ","0,00%",10034-96-5,2833.29.90,NAO,N,N,N,N,3077,9,6 - ANO,97,"2,95",Sais Inorgânicos,Sulfatos e Sulfitos
SM04912SO,"SULFATO DE MANGANES II SOL.22,5 G/L 1L"," R$  25,77 ","0,00%",10034-96-5,2833.29.90,NAO,N,N,N,N,3082,9,4 - ANO,"22,5",1,Sais Inorgânicos,Sulfatos e Sulfitos
SM06937SO,"SULFATO DE MANGANES II SOL.36,4% 1L"," R$  22,02 ","0,00%",10034-96-5,2833.29.90,NAO,N,N,N,N,3082,9,4 - ANO,"36,4","1,28",Sais Inorgânicos,Sulfatos e Sulfitos
SM09089SO,"SULFATO DE MANGANES II SOL.38,4% 1L"," R$  17,84 ","0,00%",10034-96-5,2833.29.90,NAO,N,N,N,N,3082,9,4 - ANO,"38,4","1,4",Sais Inorgânicos,Sulfatos e Sulfitos
SM08628SO,SULFATO DE MANGANES II SOL.48% 1L," R$  23,36 ","0,00%",10034-96-5,2833.29.90,NAO,N,N,N,N,3082,9,4 - ANO,48,"1,3",Sais Inorgânicos,Sulfatos e Sulfitos
SN06333RA,SULFATO DE NEOMICINA 100G," R$  641,12 ","0,00%",1405-10-3,2941.90.41,NAO,N,N,N,N,-,-,6 - ANO,0,"0,64",Sais Inorgânicos,Sulfatos e Sulfitos
SN06497RA,SULFATO DE NEOMICINA 10G," R$  97,08 ","0,00%",1405-10-3,2941.90.41,NAO,N,N,N,N,-,-,6 - ANO,0,"0,64",Sais Inorgânicos,Sulfatos e Sulfitos
SN06498RA,SULFATO DE NEOMICINA 25G," R$  189,92 ","0,00%",1405-10-3,2941.90.41,NAO,N,N,N,N,-,-,6 - ANO,0,"0,64",Sais Inorgânicos,Sulfatos e Sulfitos
SN03760RA,SULFATO DE NEOMICINA 500G," R$  1.098,10 ","0,00%",1405-10-3,2941.90.41,NAO,N,N,N,N,-,-,6 - ANO,0,"0,64",Sais Inorgânicos,Sulfatos e Sulfitos
SN03759RA,SULFATO DE NIQUEL OSO 6H2O PA  100G," R$  26,92 ","0,00%",10101-97-0,2833.24.00,NAO,N,N,N,N,3077,9,6 - ANO,98,"1,94",Sais Inorgânicos,Sulfatos e Sulfitos
SN09934RA,SULFATO DE NIQUEL OSO 6H2O PA 1KG," R$  94,03 ","0,00%",10101-97-0,2833.24.00,NAO,N,N,N,N,3077,9,6 - ANO,98,"1,94",Sais Inorgânicos,Sulfatos e Sulfitos
SN06964RA,SULFATO DE NIQUEL OSO 6H2O PA 250G," R$  31,02 ","0,00%",10101-97-0,2833.24.00,NAO,N,N,N,N,3077,9,6 - ANO,98,"1,94",Sais Inorgânicos,Sulfatos e Sulfitos
SN07878RA,SULFATO DE NIQUEL OSO 6H2O PA 500G," R$  52,01 ","0,00%",10101-97-0,2833.24.00,NAO,N,N,N,N,3077,9,6 - ANO,98,"1,94",Sais Inorgânicos,Sulfatos e Sulfitos
SP07968RA,SULFATO DE POLIMIXINA 5G," R$  1.250,15 ","0,00%",1405-20-5,2941.90.81,NAO,N,N,N,N,-,-,6 - ANO,0,1,Sais Inorgânicos,Sulfatos e Sulfitos
SP04793RA,SULFATO DE POTASSIO ANIDRO PA 1KG," R$  45,86 ","0,00%",7778-80-5,3104.30.10,NAO,N,N,N,N,-,-,6 - ANO,98,"2,66",Sais Inorgânicos,Sulfatos e Sulfitos
SP04794RA,SULFATO DE POTASSIO ANIDRO PA 500G," R$  27,53 ","0,00%",7778-80-5,3104.30.10,NAO,N,N,N,N,-,-,6 - ANO,98,"2,66",Sais Inorgânicos,Sulfatos e Sulfitos
SP09753RA,SULFATO DE POTASSIO ANIDRO PA ACS 1KG," R$  149,83 ","0,00%",7778-80-5,3104.30.10,NAO,N,N,N,N,-,-,6 - ANO,99,"2,66",Sais Inorgânicos,Sulfatos e Sulfitos
SP07814RA,SULFATO DE POTASSIO ANIDRO PA ACS 500G," R$  81,15 ","0,00%",7778-80-5,3104.30.10,NAO,N,N,N,N,-,-,6 - ANO,99,"2,66",Sais Inorgânicos,Sulfatos e Sulfitos
SP06896RA,SULFATO DE POTASSIO PA ACS ISO 1KG," R$  188,00 ","0,00%",7778-80-5,3104.30.10,NAO,N,N,N,N,-,-,6 - ANO,99,"2,66",Sais Inorgânicos,Sulfatos e Sulfitos
SF03333SO,"SULFATO DE POTASSIO SOL. 0,181% RS 1L"," R$  55,67 ","0,00%",7778-80-5,3104.30.10,NAO,N,N,N,N,-,-,4 - ANO,0,0,Sais Inorgânicos,Sulfatos e Sulfitos
SP03366SO,"SULFATO DE POTASSIO SOL.0,025 M RS 1L"," R$  55,67 ","0,00%",7778-80-5,3104.30.10,NAO,N,N,N,N,-,-,2 - ANO,"4,43",1,Sais Inorgânicos,Sulfatos e Sulfitos
SP03365SO,SULFATO DE POTASSIO SOL.1% TS 1L," R$  55,67 ","0,00%",7778-80-5,3104.30.10,NAO,N,N,N,N,-,-,4 - ANO,1,1,Sais Inorgânicos,Sulfatos e Sulfitos
SP09456RA,SULFATO DE PRATA PA ACS 100G," R$  3.044,00 ","0,00%",10294-26-5,2843.29.90,NAO,N,N,N,N,3077,9,6 - ANO,98,"5,45",Sais Inorgânicos,Sulfatos e Sulfitos
SP06651RA,SULFATO DE PRATA PA ACS 250G," R$  7.595,00 ","0,00%",10294-26-5,2843.29.90,NAO,N,N,N,N,3077,9,6 - ANO,98,"5,45",Sais Inorgânicos,Sulfatos e Sulfitos
SP09457RA,SULFATO DE PRATA PA ACS 25G," R$  768,50 ","0,00%",10294-26-5,2843.29.90,NAO,N,N,N,N,3077,9,6 - ANO,98,"5,45",Sais Inorgânicos,Sulfatos e Sulfitos
SQ04513RA,SULFATO DE QUININA MONOHIDRATADO PA 10G," R$  649,58 ","0,00%",207671-44-1,2920.90.49,NAO,N,N,N,N,-,-,6 - ANO,99,"1,36",Sais Inorgânicos,Sulfatos e Sulfitos
SQ07531RA,SULFATO DE QUININA MONOHIDRATADO PA 25G," R$  1.425,26 ","0,00%",207671-44-1,2920.90.49,NAO,N,N,N,N,-,-,6 - ANO,99,"1,36",Sais Inorgânicos,Sulfatos e Sulfitos
ST04327RA,SULFATO DE TOBRAMICINA PA 1G," R$  611,42 ","0,00%",49842-07-1,2941.90.49,NAO,N,N,N,N,-,-,6 - ANO,0,1,Sais Inorgânicos,Sulfatos e Sulfitos
ST04326RA,SULFATO DE TOBRAMICINA PA 5G," R$  2.745,79 ","0,00%",49842-07-1,2941.90.49,NAO,N,N,N,N,-,-,6 - ANO,0,1,Sais Inorgânicos,Sulfatos e Sulfitos
SZ06521RA,SULFATO DE ZINCO 1H2O PA 1KG," R$  40,13 ","0,00%",7446-19-7,2833.40.90,NAO,N,N,N,N,3077,9,6 - ANO,96,"3,2",Sais Inorgânicos,Sulfatos e Sulfitos
SZ06522RA,SULFATO DE ZINCO 1H2O PA 500G," R$  25,07 ","0,00%",7446-19-7,2833.29.70,NAO,N,N,N,N,3077,9,6 - ANO,96,"3,2",Sais Inorgânicos,Sulfatos e Sulfitos
SZ05629RA,SULFATO DE ZINCO 7H2O PA ACS 1KG," R$  42,17 ","0,00%",7446-20-0,2833.29.70,NAO,N,N,N,N,3077,9,6 - ANO,99,"1,97",Sais Inorgânicos,Sulfatos e Sulfitos
SZ05628RA,SULFATO DE ZINCO 7H2O PA ACS 500G," R$  24,52 ","0,00%",7446-20-0,2833.29.70,NAO,N,N,N,N,3077,9,6 - ANO,99,"1,97",Sais Inorgânicos,Sulfatos e Sulfitos
SZ04422SO,"SULFATO DE ZINCO SOL.0,01M AQUOSA 1L"," R$  15,82 ","0,00%",7733-02-0,2833.40.90,NAO,N,N,N,N,3082,9,2 - ANO,"0,161",1,Sais Inorgânicos,Sulfatos e Sulfitos
SZ08627SO,"SULFATO DE ZINCO SOL.0,05M 1L"," R$  15,82 ","0,00%",7733-02-0,2833.40.90,NAO,N,N,N,N,3082,9,2 - ANO,"0,8072",1,Sais Inorgânicos,Sulfatos e Sulfitos
SZ05453SO,"SULFATO DE ZINCO SOL.0,1M 1L"," R$  15,82 ","0,00%",7733-02-0,2833.29.70,NAO,N,N,N,N,3082,9,2 - ANO,"16,1",1,Sais Inorgânicos,Sulfatos e Sulfitos
SZ08626SO,"SULFATO DE ZINCO SOL.0,1N 1L"," R$  15,82 ","0,00%",7733-02-0,2833.40.90,NAO,N,N,N,N,3082,9,2 - ANO,"0,8072",1,Sais Inorgânicos,Sulfatos e Sulfitos
SZ08625SO,"SULFATO DE ZINCO SOL.0,2N 1L"," R$  15,82 ","0,00%",7733-02-0,2833.40.90,NAO,N,N,N,N,3082,9,2 - ANO,"1,61",1,Sais Inorgânicos,Sulfatos e Sulfitos
SZ08624SO,"SULFATO DE ZINCO SOL.33,3% 1L"," R$  28,18 ","0,00%",7733-02-0,2833.40.90,NAO,N,N,N,N,3082,9,4 - ANO,"33,3","1,28",Sais Inorgânicos,Sulfatos e Sulfitos
SF03493SO,SULFATO FERRICO AMONIACAL 34% M/V EM AGUA 1L," R$  95,15 ","0,00%",7783-85-9,2833.29.40,NAO,N,N,N,N,-,-,4 - ANO,34,1,Solventes e Água,Água e Diluentes
SA08618SO,SULFETO DE AMONIO SATURADO 1L," R$  42,50 ","0,00%",12135-76-1,2830.90.19,NAO,N,N,N,N,2683,8(3.6.1),4 - ANO,0,"0,92",Sais Inorgânicos,Outros Sais
SE05005RA,SULFETO DE ESTANHO PA 500G," R$  124,90 ","0,00%",1314-95-0,2830.90.19,NAO,N,N,N,N,-,-,6 - ANO,0,"5,22",Sais Inorgânicos,Outros Sais
SS06386SO,SULFITO DE SODIO 17% PA 1L," R$  14,93 ","0,00%",7757-83-7,2832.10.10,NAO,N,N,N,N,-,-,4 - ANO,17,"2,63",Sais Inorgânicos,Sulfatos e Sulfitos
SS09294RA,SULFITO DE SODIO ANIDRO PA 1KG," R$  30,93 ","0,00%",7757-83-7,2832.10.10,NAO,N,N,N,N,-,-,6 - ANO,98,"2,63",Sais Inorgânicos,Sulfatos e Sulfitos
SS09293RA,SULFITO DE SODIO ANIDRO PA 500G," R$  20,47 ","0,00%",7757-83-7,2832.10.10,NAO,N,N,N,N,-,-,6 - ANO,98,"2,63",Sais Inorgânicos,Sulfatos e Sulfitos
SS08614SO,SULFITO DE SODIO SOL. SATURADA 1L," R$  38,67 ","0,00%",7757-83-7,2832.10.10,NAO,N,N,N,N,-,-,2 - ANO,0,"1,05",Sais Inorgânicos,Sulfatos e Sulfitos
SS08063SO,"SULFITO DE SODIO SOL.0,5N 1L"," R$  31,31 ","0,00%",7757-83-7,2832.10.10,NAO,N,N,N,N,-,-,2 - ANO,"6,3",1,Sais Inorgânicos,Sulfatos e Sulfitos
SS04753SO,"SULFITO DE SODIO SOL.0,75M 1L"," R$  47,08 ","0,00%",7757-83-7,2832.20.00,NAO,N,N,N,N,-,-,2 - ANO,"9,4","1,05",Sais Inorgânicos,Sulfatos e Sulfitos
SS08616SO,SULFITO DE SODIO SOL.10% 1L," R$  25,17 ","0,00%",7757-83-7,2832.20.00,NAO,N,N,N,N,-,-,4 - ANO,10,"1,06",Sais Inorgânicos,Sulfatos e Sulfitos
SS08617SO,SULFITO DE SODIO SOL.1M 1L," R$  19,08 ","0,00%",7757-83-7,2832.20.00,NAO,N,N,N,N,-,-,2 - ANO,"12,6","1,06",Sais Inorgânicos,Sulfatos e Sulfitos
SS08615SO,SULFITO DE SODIO SOL.23% 1L," R$  29,73 ","0,00%",7757-83-7,2832.20.00,NAO,N,N,N,N,-,-,4 - ANO,23,"1,17",Sais Inorgânicos,Sulfatos e Sulfitos
SS07512SO,SULFITO DE SODIO SOL.5% 1L," R$  24,30 ","0,00%",7757-83-7,2832.10.10,NAO,N,N,N,N,-,-,4 - ANO,5,1,Sais Inorgânicos,Sulfatos e Sulfitos
SA04317SO,SUOR ACIDO SOL. 500ML," R$  105,26 ","0,00%",-,3822.90.00,NAO,N,N,N,N,-,-,2 - ANO,0,1,Ácidos e Bases,Ácidos
SA04735SO,SUOR ARTIFICIAL SOL. 1L," R$  186,25 ","0,00%",-,2835.22.00,NAO,N,N,N,N,-,-,2 - ANO,0,1,Compostos Orgânicos,Diversos
SB04316SO,SUOR BASICO SOL. 500ML," R$  105,26 ","0,00%",-,3822.90.00,NAO,N,N,N,N,-,-,2 - ANO,0,1,Compostos Orgânicos,Diversos
TN08394RA,TALCO NEUTRO PURO 1KG," R$  15,93 ","0,00%",14807-96-6,2526.20.00,NAO,N,N,N,N,-,-,4 - ANO,0,"2,7",Compostos Orgânicos,Diversos
ST05777SO,TAMPAO AMONIACAL SEG.APHA DUREZA H2O (AMONIA BUPHER) PH10 1L," R$  29,55 ","0,00%",-,3822.90.00,NAO,N,N,N,N,3082,9,2 - ANO,0,1,Ácidos e Bases,Bases
ST09615SO,TAMPAO AMONIACAL SEG.APHA DUREZA H2O (AMONIA BUPHER) PH10 500ML," R$  16,75 ","0,00%",-,3822.90.00,NAO,N,N,N,N,3082,9,2 - ANO,0,1,Ácidos e Bases,Bases
PH09623SO,"TAMPAO BUFFER PH 1,00 500ML"," R$  13,66 ","0,00%",-,3822.90.00,NAO,N,N,N,N,1789,8,2 - ANO,0,1,Reagentes Especiais,Soluções e Tampões
PH08644SO,"TAMPAO BUFFER PH 1,68 500ML"," R$  16,75 ","0,00%",7647-01-0,2806.10.20,NAO,N,N,N,N,-,-,2 - ANO,0,1,Reagentes Especiais,Soluções e Tampões
PH08453SO,"TAMPAO BUFFER PH 10,00 1L"," R$  16,75 ","0,00%",-,3822.90.00,NAO,N,N,N,N,-,-,2 - ANO,0,1,Reagentes Especiais,Soluções e Tampões
PH06855SO,"TAMPAO BUFFER PH 10,00 250ML"," R$  8,51 ","0,00%",-,3822.90.00,NAO,N,N,N,N,-,-,2 - ANO,0,1,Reagentes Especiais,Soluções e Tampões
PH09633SO,"TAMPAO BUFFER PH 10,00 500ML"," R$  10,29 ","0,00%",-,3822.90.00,NAO,N,N,N,N,-,-,2 - ANO,0,1,Reagentes Especiais,Soluções e Tampões
PH08641SO,"TAMPAO BUFFER PH 10,01 500ML"," R$  16,75 ","0,00%",-,3822.90.00,NAO,N,N,N,N,-,-,2 - ANO,0,1,Reagentes Especiais,Soluções e Tampões
PH09452SO,"TAMPAO BUFFER PH 11,00 500ML"," R$  21,90 ","0,00%",-,3822.90.00,NAO,N,N,N,N,-,-,2 - ANO,0,1,Reagentes Especiais,Soluções e Tampões
PH09451SO,"TAMPAO BUFFER PH 12,00 500ML"," R$  21,90 ","0,00%",-,3822.90.00,NAO,N,N,N,N,1760,8,2 - ANO,0,1,Reagentes Especiais,Soluções e Tampões
PH09278SO,"TAMPAO BUFFER PH 12,46 500ML"," R$  21,90 ","0,00%",-,3822.90.00,NAO,N,N,N,N,-,-,2 - ANO,0,1,Reagentes Especiais,Soluções e Tampões
PH09497SO,"TAMPAO BUFFER PH 13,00 500ML"," R$  21,90 ","0,00%",-,3822.90.00,NAO,N,N,N,N,-,-,2 - ANO,0,1,Reagentes Especiais,Soluções e Tampões
PH09622SO,"TAMPAO BUFFER PH 2,00 500ML"," R$  13,66 ","0,00%",-,3822.90.00,NAO,N,N,N,N,-,-,2 - ANO,0,1,Reagentes Especiais,Soluções e Tampões
PH09621SO,"TAMPAO BUFFER PH 3,00 500ML"," R$  13,66 ","0,00%",-,3822.90.00,NAO,N,N,N,N,-,-,2 - ANO,0,1,Reagentes Especiais,Soluções e Tampões
PH09280SO,"TAMPAO BUFFER PH 4,00 1L"," R$  16,75 ","0,00%",-,3822.90.00,NAO,N,N,N,N,-,-,2 - ANO,0,1,Reagentes Especiais,Soluções e Tampões
PH08529SO,"TAMPAO BUFFER PH 4,00 250ML"," R$  8,51 ","0,00%",-,3822.90.00,NAO,N,N,N,N,-,-,2 - ANO,0,1,Reagentes Especiais,Soluções e Tampões
PH09787SO,"TAMPAO BUFFER PH 4,00 500ML"," R$  10,29 ","0,00%",-,3822.90.00,NAO,N,N,N,N,-,-,2 - ANO,0,1,Reagentes Especiais,Soluções e Tampões
PH08457SO,"TAMPAO BUFFER PH 4,01 500ML"," R$  16,75 ","0,00%",-,3822.90.00,NAO,N,N,N,N,-,-,2 - ANO,0,1,Reagentes Especiais,Soluções e Tampões
PH09786SO,"TAMPAO BUFFER PH 5,00 500ML"," R$  13,66 ","0,00%",-,3822.90.00,NAO,N,N,N,N,-,-,2 - ANO,0,1,Reagentes Especiais,Soluções e Tampões
PH09619SO,"TAMPAO BUFFER PH 6,00 500ML"," R$  13,66 ","0,00%",-,3822.90.00,NAO,N,N,N,N,-,-,2 - ANO,0,1,Reagentes Especiais,Soluções e Tampões
PH09618SO,"TAMPAO BUFFER PH 6,86 500ML"," R$  16,75 ","0,00%",-,3822.90.00,NAO,N,N,N,N,-,-,2 - ANO,0,1,Reagentes Especiais,Soluções e Tampões
PH08456SO,"TAMPAO BUFFER PH 7,00 1L"," R$  16,75 ","0,00%",-,3822.90.00,NAO,N,N,N,N,-,-,2 - ANO,0,1,Reagentes Especiais,Soluções e Tampões
PH07554SO,"TAMPAO BUFFER PH 7,00 250ML"," R$  8,51 ","0,00%",-,3822.90.00,NAO,N,N,N,N,-,-,2 - ANO,0,1,Reagentes Especiais,Soluções e Tampões
PH09791SO,"TAMPAO BUFFER PH 7,00 500ML"," R$  10,29 ","0,00%",-,3822.90.00,NAO,N,N,N,N,-,-,2 - ANO,0,1,Reagentes Especiais,Soluções e Tampões
PH09279SO,"TAMPAO BUFFER PH 7,01 500ML"," R$  16,75 ","0,00%",-,3822.90.00,NAO,N,N,N,N,-,-,2 - ANO,0,1,Reagentes Especiais,Soluções e Tampões
PH09617SO,"TAMPAO BUFFER PH 8,00 500ML"," R$  13,66 ","0,00%",-,3822.90.00,NAO,N,N,N,N,-,-,2 - ANO,0,1,Reagentes Especiais,Soluções e Tampões
PH09616SO,"TAMPAO BUFFER PH 9,00 500ML"," R$  10,29 ","0,00%",-,3822.90.00,NAO,N,N,N,N,-,-,2 - ANO,0,1,Reagentes Especiais,Soluções e Tampões
PH08643SO,"TAMPAO BUFFER PH 9,18 500ML"," R$  16,75 ","0,00%",-,3822.90.00,NAO,N,N,N,N,-,-,2 - ANO,0,1,Reagentes Especiais,Soluções e Tampões
PH08642SO,"TAMPAO BUFFER PH 9,21 500ML"," R$  16,75 ","0,00%",-,3822.90.00,NAO,N,N,N,N,-,-,2 - ANO,0,1,Reagentes Especiais,Soluções e Tampões
TF07046SO,"TAMPAO FOSFATO E POTASSIO PH 2,5 1L"," R$  42,90 ","0,00%",-,3822.90.00,NAO,N,N,N,N,-,-,2 - ANO,0,1,Reagentes Especiais,Soluções e Tampões
TF07045SO,"TAMPAO FOSFATO E POTASSIO PH 3,0 1L"," R$  42,90 ","0,00%",-,3822.90.00,NAO,N,N,N,N,-,-,2 - ANO,0,1,Reagentes Especiais,Soluções e Tampões
TF06445SO,"TAMPAO FOSFATO PH 4,6 1L"," R$  42,90 ","0,00%",-,3822.90.00,NAO,N,N,N,N,-,-,2 - ANO,0,1,Reagentes Especiais,Soluções e Tampões
TF07407SO,"TAMPAO FOSFATO PH 5,8 500ML"," R$  42,90 ","0,00%",-,3822.90.00,NAO,N,N,N,N,-,-,2 - ANO,0,1,Reagentes Especiais,Soluções e Tampões
TF07715SO,"TAMPAO FOSFATO PH 6,4 500ML"," R$  42,90 ","0,00%",-,3822.90.00,NAO,N,N,N,N,-,-,2 - ANO,0,1,Reagentes Especiais,Soluções e Tampões
TF03370SO,"TAMPAO FOSFATO PH 7,0 TS 1L"," R$  42,90 ","0,00%",-,3822.90.00,NAO,N,N,N,N,-,-,2 - ANO,0,1,Reagentes Especiais,Soluções e Tampões
TF07061SO,"TAMPAO FOSFATO PH 7,2 500ML"," R$  42,90 ","0,00%",-,3822.90.00,NAO,N,N,N,N,-,-,2 - ANO,0,1,Reagentes Especiais,Soluções e Tampões
TF08639SO,"TAMPAO FOSFATO PH 7,3 500ML"," R$  42,90 ","0,00%",-,3822.90.00,NAO,N,N,N,N,-,-,2 - ANO,0,1,Reagentes Especiais,Soluções e Tampões
TF06757SO,"TAMPAO FOSFATO SALINA PH 6,5-7,5 1L"," R$  42,90 ","0,00%",-,3822.90.00,NAO,N,N,N,N,-,-,2 - ANO,0,1,Reagentes Especiais,Soluções e Tampões
TM06273SO,"TAMPAO MOPS 0,2M PH 7,00 1L"," R$  42,90 ","0,00%",-,2850.00.90,NAO,N,N,N,N,-,-,2 - ANO,0,1,Reagentes Especiais,Soluções e Tampões
TP03355SO,TAMPAO PADRAO FOSFATO RS 1L	," R$  42,90 ","0,00%",7778-77-0,3822.90.00,NAO,N,N,N,N,-,-,2 - ANO,0,1,Reagentes Especiais,Soluções e Tampões
TT06237SO,"TAMPAO TRIS BORATO EDTA 8,0 250ML"," R$  28,00 ","0,00%",-,3822.90.00,NAO,N,N,N,N,-,-,2 - ANO,0,1,Reagentes Especiais,Soluções e Tampões
TT07277SO,"TAMPAO TRIS BORATO EDTA 8,6 500ML"," R$  50,05 ","0,00%",-,3822.90.00,NAO,N,N,N,N,-,-,2 - ANO,0,1,Reagentes Especiais,Soluções e Tampões
TA05590RA,TARTARATO ACIDO DE POTASSIO (BITARTARATO DE POTASSIO) PA 500G," R$  67,26 ","0,00%",868-14-4,2918.13.10,NAO,N,N,N,N,-,-,6 - ANO,"99,7","1,98",Ácidos e Bases,Ácidos
BS06735RA,TARTARATO ACIDO DE SODIO (BITARTARATO DE SODIO) PA 250G," R$  69,29 ","0,00%",526-94-3,2918.13.10,NAO,N,N,N,N,-,-,6 - ANO,99,"1,04",Ácidos e Bases,Ácidos
TA04043RA,TARTARATO ACIDO DE SODIO (BITARTARATO DE SODIO) PA 500G," R$  129,46 ","0,00%",526-94-3,2918.13.10,NAO,N,N,N,N,,,6 - ANO,99,1,Ácidos e Bases,Ácidos
TA05028RA,TARTARATO DE AMONIO BIBASICO PA 500G," R$  110,25 ","0,00%",3164-29-2,2918.13.10,NAO,N,N,N,N,-,-,6 - ANO,98,"1,6",Sais Inorgânicos,Outros Sais
TC05781RA,TARTARATO DE COBRE II HIDRATADO PA 50G," R$  497,15 ","0,00%",946843-80-7,2918.12.00,NAO,N,N,N,N,-,-,6 - ANO,99,1,Sais Inorgânicos,Outros Sais
BC06435RA,TARTARATO DE COLINA (BITARTARATO) PA 100G," R$  220,64 ","0,00%",87-67-2,2923.10.00,NAO,N,N,N,N,-,-,6 - ANO,99,1,Sais Inorgânicos,Outros Sais
TP09526RA,TARTARATO DE POTASSIO PA 500G," R$  78,49 ","0,00%",6100-19-2,2918.12.00,NAO,N,N,N,N,-,-,6 - ANO,99,"1,98",Sais Inorgânicos,Outros Sais
TS06764RA,TARTARATO DE SODIO 2H2O PA 250G," R$  95,12 ","0,00%",6106-24-7,2918.12.00,NAO,N,N,N,N,-,-,6 - ANO,99,"1,54",Sais Inorgânicos,Outros Sais
TS07840RA,TARTARATO DE SODIO 2H2O PA 500G," R$  165,23 ","0,00%",6106-24-7,2918.12.00,NAO,N,N,N,N,-,-,6 - ANO,99,"1,54",Sais Inorgânicos,Outros Sais
TS08161RA,TARTARATO DE SODIO ANIDRO PA 250G," R$  186,70 ","0,00%",868-18-8,2918.12.00,NAO,N,N,N,N,-,-,6 - ANO,99,"1,82",Sais Inorgânicos,Outros Sais
TS08156RA,TARTARATO DE SODIO ANIDRO PA 500G," R$  330,90 ","0,00%",868-18-8,2918.12.00,NAO,N,N,N,N,-,-,6 - ANO,99,"1,82",Sais Inorgânicos,Outros Sais
TP09348RA,TARTARATO DE SODIO E POTASSIO 4H2O PA ACS 1KG," R$  58,18 ","0,00%",6381-59-5,2918.13.10,NAO,N,N,N,N,-,-,6 - ANO,99,"1,77",Sais Inorgânicos,Outros Sais
TP09668RA,TARTARATO DE SODIO E POTASSIO 4H2O PA ACS 500G," R$  34,08 ","0,00%",6381-59-5,2918.13.10,NAO,N,N,N,N,-,-,6 - ANO,99,"1,77",Sais Inorgânicos,Outros Sais
AT09264RA,TARTRAZINA (AMARELO)(CI.19140) 25G," R$  14,12 ","0,00%",1934-21-0,3822.90.00,NAO,N,N,N,N,-,-,4 - ANO,85,"1,93",Indicadores,Indicadores e Corantes
T04750RA,TAURINA 99% PA 100G," R$  211,66 ","0,00%",107-35-7,2921.19.99,NAO,N,N,N,N,-,-,6 - ANO,99,"1,73",Compostos Orgânicos,Diversos
T04748RA,TAURINA 99% PA 1KG," R$  1.497,16 ","0,00%",107-35-7,2921.19.99,NAO,N,N,N,N,-,-,6 - ANO,99,"1,73",Compostos Orgânicos,Diversos
T04749RA,TAURINA 99% PA 500G," R$  896,55 ","0,00%",107-35-7,2921.19.99,NAO,N,N,N,N,-,-,6 - ANO,99,"1,73",Compostos Orgânicos,Diversos
TP07803SO,TELURITO DE POTASSIO SOL.1% AQUOSA 100ML," R$  36,26 ","0,00%",123333-66-4,2804.50.00,NAO,N,N,N,N,3287,6.1,4 - ANO,1,1,Metais,Metais Alcalinos e Alcalino-Terrosos
TP03632SO,TELURITO DE POTASSIO SOL.1% AQUOSA 1L," R$  248,15 ","0,00%",123333-66-4,2804.50.00,NAO,N,N,N,N,3287,6.1,4 - ANO,1,1,Metais,Metais Alcalinos e Alcalino-Terrosos
TP08613SO,TELURITO DE POTASSIO SOL.1% AQUOSA 500ML," R$  127,89 ","0,00%",123333-66-4,2804.50.00,NAO,N,N,N,N,3287,6.1,4 - ANO,1,1,Metais,Metais Alcalinos e Alcalino-Terrosos
TP07966RA,TELURITO DE POTASSIO XH2O 25G," R$  319,89 ","0,00%",123333-66-4,2804.50.00,NAO,N,N,N,N,3284,6.1,6 - ANO,48,"1,08",Metais,Metais Alcalinos e Alcalino-Terrosos
T05647RA,"TEMED (N,N,N’,N’ - TETRAMETILETILENODIAMINA) 100ML"," R$  266,19 ","0,00%",110-18-9,2921.29.90,NAO,N,N,N,N,2372,3,6 - ANO,99,"0,77",Compostos Orgânicos,Diversos
ET08995RA,TEREBENTINA PA 1L," R$  52,16 ","0,00%",8006-64-2,3805.10.00,NAO,N,N,N,N,1299,3,6 - ANO,0,"0,85",Compostos Orgânicos,Diversos
TA04844RA,TETRABORATO DE AMONIO TETRAHIDRATADO PA 500G," R$  386,76 ","0,00%",12228-87-4,2840.20.00,NAO,N,N,N,N,-,-,6 - ANO,"98,9","2,36",Sais Inorgânicos,Boratos e Silicatos
TL05646RA,TETRABORATO DE LITIO PA 100G," R$  173,10 ","0,00%",12007-60-2,2840.20.00,NAO,N,N,N,N,-,-,6 - ANO,98,"2,47",Sais Inorgânicos,Boratos e Silicatos
TL05645RA,TETRABORATO DE LITIO PA 250G," R$  396,45 ","0,00%",12007-60-2,2840.20.00,NAO,N,N,N,N,-,-,6 - ANO,98,"2,4",Sais Inorgânicos,Boratos e Silicatos
TP04744RA,TETRABORATO DE POTASSIO 4H2O PA 100G," R$  126,66 ","0,00%",12045-78-2,2840.20.00,NAO,N,N,N,N,-,-,6 - ANO,98,"1,9",Sais Inorgânicos,Boratos e Silicatos
TP04743RA,TETRABORATO DE POTASSIO 4H2O PA 250G," R$  201,08 ","0,00%",12045-78-2,2840.20.00,NAO,N,N,N,N,-,-,6 - ANO,98,"1,9",Sais Inorgânicos,Boratos e Silicatos
TP04742RA,TETRABORATO DE POTASSIO 4H2O PA 500G," R$  311,55 ","0,00%",12045-78-2,2840.20.00,NAO,N,N,N,N,-,-,6 - ANO,98,"1,9",Sais Inorgânicos,Boratos e Silicatos
TS09283RA,TETRABORATO DE SODIO 10H2O BORAX PA 1KG," R$  36,59 ","0,00%",1303-96-4,2840.19.00,NAO,N,N,N,N,-,-,6 - ANO,"99,5","1,73",Sais Inorgânicos,Boratos e Silicatos
TS09731RA,TETRABORATO DE SODIO 10H2O BORAX PA 500G," R$  27,29 ","0,00%",1303-96-4,2840.19.00,NAO,N,N,N,N,-,-,6 - ANO,"99,5","1,73",Sais Inorgânicos,Boratos e Silicatos
TS06610RA,TETRABORATO DE SODIO ANIDRO PA 500G," R$  65,25 ","0,00%",1330-43-4,2840.19.00,NAO,N,N,N,N,-,-,6 - ANO,99,"2,36",Sais Inorgânicos,Boratos e Silicatos
TH04722RA,TETRACICLINA CLORIDRATO (HIDROCLORETO) PA  100G," R$  919,66 ","0,00%",64-75-5,2941.30.90,NAO,N,N,N,N,3077,9,6 - ANO,0,1,Sais Inorgânicos,Cloretos
TH04723RA,TETRACICLINA CLORIDRATO (HIDROCLORETO) PA  250G," R$  1.839,31 ","0,00%",64-75-5,2941.30.90,NAO,N,N,N,N,3077,9,6 - ANO,0,1,Sais Inorgânicos,Cloretos
TC06591RA,TETRACICLINA CLORIDRATO (HIDROCLORETO) PA  25G," R$  205,05 ","0,00%",64-75-5,2941.30.10,NAO,N,N,N,N,3077,9,6 - ANO,0,1,Sais Inorgânicos,Cloretos
T06401RA,TETRACLOROETANO 98% PA 1L," R$  755,36 ","0,00%",79-34-5,2903.19.90,NAO,N,N,N,N,1702,6.1,6 - ANO,98,"1,59",Compostos Orgânicos,Diversos
T03915RA,TETRACLOROETANO 98% PA 500ML," R$  384,89 ","0,00%",79-34-5,2903.19.90,NAO,N,N,N,N,1702,6.1,6 - ANO,98,"1,59",Compostos Orgânicos,Diversos
T05640RA,TETRADECANO-N 99% PA 100ML," R$  1.212,97 ","0,00%",629-59-4,2901.10.00,NAO,N,N,N,N,-,-,6 - ANO,99,"0,76",Compostos Orgânicos,Diversos
T03226RA,TETRAETILENOPENTAMINA GRAU TECNICO 1KG," R$  560,22 ","0,00%",112-57-2,2921.29.90,NAO,N,N,N,N,2320,8,6 - ANO,99,"0,99",Compostos Orgânicos,Diversos
TF06111RA,TETRAFENILBORATO DE POTASSIO 5G," R$  333,54 ","0,00%",3244-41-5,2931.90.90,NAO,N,N,N,N,-,-,6 - ANO,"96,5","1,174",Sais Inorgânicos,Boratos e Silicatos
TF04947SO,"TETRAFENILBORATO DE SODIO 0,02M 1L"," R$  195,12 ","0,00%",143-66-8,2931.90.90,NAO,N,N,N,N,2810,6.1,2 - ANO,"0,68",1,Sais Inorgânicos,Boratos e Silicatos
TF03559RA,TETRAFENILBORATO DE SODIO PA 25G," R$  209,15 ","0,00%",143-66-8,2931.90.90,NAO,N,N,N,N,2811,6.1,6 - ANO,"99,5","1,15",Sais Inorgânicos,Boratos e Silicatos
TF06820SO,"TETRAFENILBORATO DE SODIO SOL.0,0112M (STPB) 500ML"," R$  145,25 ","0,00%",143-66-8,2931.90.90,NAO,N,N,N,N,2810,6.1,2 - ANO,"0,38",1,Sais Inorgânicos,Boratos e Silicatos
TP04620RA,"TETRAMETIL-N,N,N,N - P-FENILENODIAMINA DIHIDROCLORETO PA 100G"," R$  7.024,55 ","0,00%",637-01-4,2921.51.19,NAO,N,N,N,N,-,-,6 - ANO,98,"1,19",Sais Inorgânicos,Cloretos
TP04621RA,"TETRAMETIL-N,N,N,N - P-FENILENODIAMINA DIHIDROCLORETO PA 25G"," R$  1.643,92 ","0,00%",637-01-4,2921.51.19,NAO,N,N,N,N,-,-,6 - ANO,98,"1,19",Sais Inorgânicos,Cloretos
TP04623RA,"TETRAMETIL-N,N,N,N - P-FENILENODIAMINA DIHIDROCLORETO PA 5G"," R$  375,64 ","0,00%",637-01-4,2921.51.19,NAO,N,N,N,N,-,-,6 - ANO,98,"1,19",Sais Inorgânicos,Cloretos
TP04990RA,TETRAOXALATO DE POTASSIO DIHIDRATADO PA 100G," R$  201,15 ","0,00%",6100-20-5,2917.11.10,NAO,N,N,N,N,-,-,6 - ANO,99,"1,84",Sais Inorgânicos,Outros Sais
T02111RA,TIMEROSAL 97-101% 100G," R$  2.472,55 ","0,00%",54-64-8,2852.10.22,NAO,N,N,N,N,2025,6.1,4 - ANO,97,"2,5",Indicadores,Indicadores e Corantes
T09342RA,TIMOL PURO 100G," R$  56,99 ","0,00%",89-83-8,2907.19.90,NAO,N,N,N,N,2430,8,4 - ANO,99,"0,97",Compostos Orgânicos,Diversos
T05622RA,TIMOL PURO 1KG," R$  524,22 ","0,00%",89-83-8,2907.19.90,NAO,N,N,N,N,2430,8,4 - ANO,99,"0,97",Compostos Orgânicos,Diversos
T03987RA,TIMOL PURO 250G," R$  135,44 ","0,00%",89-83-8,2907.19.90,NAO,N,N,N,N,2430,8,4 - ANO,99,"0,96",Compostos Orgânicos,Diversos
T03986RA,TIMOL PURO 500G," R$  266,78 ","0,00%",89-83-8,2907.19.90,NAO,N,N,N,N,2430,8,4 - ANO,99,"0,96",Compostos Orgânicos,Diversos
T08612SO,"TIMOLFTALEINA EM ETANOl (PH 9,3- 10,5) 1L"," R$  32,25 ","0,00%",125-20-2,2932.20.00,NAO,N,N,N,N,1993,3,2 - ANO,"0,01","0,87",Solventes e Água,Solventes
T06272RA,TIMOLFTALEINA PA ACS 25G," R$  44,90 ","0,00%",125-20-2,2932.20.00,NAO,N,N,N,N,-,-,6 - ANO,0,"1,2",Compostos Orgânicos,Diversos
T07541RA,TIMOLFTALEINA PA ACS 5G," R$  14,85 ","0,00%",125-20-2,2932.20.00,NAO,N,N,N,N,-,-,6 - ANO,0,"1,2",Compostos Orgânicos,Diversos
T08070RA,"TIOACETAMIDA 98,5% PA 100G"," R$  227,29 ","0,00%",62-55-5,2930.90.99,NAO,N,N,N,N,3077,9,6 - ANO,"98,5","1,37",Compostos Orgânicos,Ésteres e Amidas
T07359RA,"TIOACETAMIDA 98,5% PA 25G"," R$  65,30 ","0,00%",62-55-5,2930.90.99,NAO,N,N,N,N,3077,9,6 - ANO,"98,5","1,37",Compostos Orgânicos,Ésteres e Amidas
T06984RA,"TIOACETAMIDA 98,5% PA 50G"," R$  126,05 ","0,00%",62-55-5,2930.90.99,NAO,N,N,N,N,3077,9,6 - ANO,"98,5","1,37",Compostos Orgânicos,Ésteres e Amidas
T03875RA,TIOACETAMIDA PA 250G," R$  561,43 ","0,00%",62-55-5,2930.90.99,NAO,N,N,N,N,3077,9,6 - ANO,"98,5","1,37",Compostos Orgânicos,Ésteres e Amidas
T07998SO,TIOACETAMIDA SOL.4% AQUOSA 1L," R$  252,19 ","0,00%",62-55-5,2930.90.99,NAO,N,N,N,N,-,-,4 - ANO,4,1,Compostos Orgânicos,Ésteres e Amidas
T03368SO,TIOACETAMIDA TS 1L," R$  150,12 ","0,00%",62-55-5,2930.90.19,NAO,N,N,N,N,-,-,4 - ANO,0,1,Compostos Orgânicos,Ésteres e Amidas
TA04042RA,TIOCIANATO DE AMONIO INDUSTRIAL 500G," R$  22,12 ","0,00%",1762-95-4,2842.90.00,NAO,N,N,N,N,-,-,6 - ANO,95,"1,3",Sais Inorgânicos,Outros Sais
TA04496RA,TIOCIANATO DE AMONIO PA 500G," R$  40,95 ","0,00%",1762-95-4,2842.90.00,NAO,N,N,N,N,-,-,6 - ANO,98,"1,3",Sais Inorgânicos,Outros Sais
TA05639RA,TIOCIANATO DE AMONIO PA ACS ISO 500G," R$  310,77 ","0,00%",1762-95-4,2842.90.00,NAO,N,N,N,N,-,-,6 - ANO,99,"1,3",Sais Inorgânicos,Outros Sais
TA08608SO,"TIOCIANATO DE AMONIO SOL.0,1N(M) 1L"," R$  22,14 ","0,00%",1762-95-4,2842.90.00,NAO,N,N,N,N,-,-,2 - ANO,"0,712",1,Sais Inorgânicos,Outros Sais
TA07030SO,TIOCIANATO DE AMONIO SOL.10% 1L," R$  23,77 ","0,00%",1762-95-4,2842.90.00,NAO,N,N,N,N,-,-,4 - ANO,10,1,Sais Inorgânicos,Outros Sais
TA08607SO,TIOCIANATO DE AMONIO SOL.1N(M) 1L," R$  22,14 ","0,00%",1762-95-4,2842.90.00,NAO,N,N,N,N,-,-,2 - ANO,"7,12",1,Sais Inorgânicos,Outros Sais
TP07543RA,TIOCIANATO DE POTASSIO PA 500G," R$  91,16 ","0,00%",333-20-0,2842.90.00,NAO,N,N,N,N,-,-,6 - ANO,99,"1,95",Sais Inorgânicos,Outros Sais
TP06961SO,"TIOCIANATO DE POTASSIO SOL.0,01N(M) 1L"," R$  22,15 ","0,00%",333-20-0,2842.90.00,NAO,N,N,N,N,-,-,2 - ANO,"0,097","1,95",Sais Inorgânicos,Outros Sais
TP03267SO,"TIOCIANATO DE POTASSIO SOL.0,1% (P/V) RS 1L	"," R$  18,73 ","0,00%",333-20-0,2842.90.00,NAO,N,N,N,N,-,-,4 - ANO,"0,1",1,Sais Inorgânicos,Outros Sais
TP08606SO,"TIOCIANATO DE POTASSIO SOL.0,1N(M) 1L"," R$  15,25 ","0,00%",333-20-0,2842.90.00,NAO,N,N,N,N,-,-,2 - ANO,"0,97","1,95",Sais Inorgânicos,Outros Sais
TP08604SO,TIOCIANATO DE POTASSIO SOL.1N(M) 1L," R$  30,38 ","0,00%",333-20-0,2842.90.00,NAO,N,N,N,N,-,-,2 - ANO,"9,7","1,95",Sais Inorgânicos,Outros Sais
TP08603SO,TIOCIANATO DE POTASSIO SOL.25% 1L," R$  71,75 ","0,00%",333-20-0,2842.90.00,NAO,N,N,N,N,-,-,4 - ANO,25,"1,95",Sais Inorgânicos,Outros Sais
TP05091SO,TIOCIANATO DE POTASSIO SOL.2N(M) 1L," R$  83,76 ","0,00%",333-20-0,2842.90.00,NAO,N,N,N,N,-,-,2 - ANO,"19,4","1,95",Sais Inorgânicos,Outros Sais
TS09088SO,"TIOCIANATO DE SODIO SOL.0,025N 1L"," R$  21,90 ","0,00%",540-72-7,2842.90.00,NAO,N,N,N,N,-,-,2 - ANO,"0,0203",1,Sais Inorgânicos,Outros Sais
TS08596SO,"TIOCIANATO DE SODIO SOL.0,1N 1L"," R$  19,84 ","0,00%",540-72-7,2842.90.00,NAO,N,N,N,N,-,-,2 - ANO,"0,81",1,Sais Inorgânicos,Outros Sais
TA03937RA,TIOGLICOLATO DE AMONIO 58-62% AQUOSA 1L," R$  166,32 ","0,00%",5421-46-5,2930.90.11,NAO,N,N,N,N,2922,8(6.1),4 - ANO,58,"1,19",Compostos Orgânicos,Açúcares e Carboidratos
TS07475RA,TIOGLICOLATO DE SODIO PUREX 100G," R$  168,25 ","0,00%",367-51-1,2930.90.11,NAO,N,N,N,N,2811,6.1,6 - ANO,97,"1,2",Metais,Metais Alcalinos e Alcalino-Terrosos
TS05937RA,TIOGLICOLATO DE SODIO PUREX 25G," R$  66,15 ","0,00%",367-51-1,2930.90.11,NAO,N,N,N,N,2811,6.1,6 - ANO,97,"1,2",Metais,Metais Alcalinos e Alcalino-Terrosos
T07826RA,TIOSEMICARBAZIDA PA 25G," R$  295,56 ","0,00%",79-19-6,2930.90.23,NAO,N,N,N,N,2811,6.1,6 - ANO,"98,5","1,45",Compostos Orgânicos,Diversos
TA05599RA,TIOSSULFATO DE AMONIO PURO 100G," R$  188,56 ","0,00%",7783-18-8,2832.30.10,NAO,N,N,N,N,-,-,6 - ANO,98,"1,67",Sais Inorgânicos,Sulfatos e Sulfitos
TA05782RA,TIOSSULFATO DE AMONIO PURO 500G," R$  862,23 ","0,00%",7783-18-8,2832.30.10,NAO,N,N,N,N,-,-,6 - ANO,0,0,Sais Inorgânicos,Sulfatos e Sulfitos
TS09673RA,TIOSSULFATO DE SODIO 5H2O PA 1KG," R$  46,28 ","0,00%",10102-17-7,2832.30.20,NAO,N,N,N,N,-,-,6 - ANO,98,"1,7",Sais Inorgânicos,Sulfatos e Sulfitos
TS09672RA,TIOSSULFATO DE SODIO 5H2O PA 500G," R$  30,14 ","0,00%",10102-17-7,2832.30.20,NAO,N,N,N,N,-,-,6 - ANO,98,"1,7",Sais Inorgânicos,Sulfatos e Sulfitos
TS05817SO,"TIOSSULFATO DE SODIO SOL.0,001N(M) 1L"," R$  14,99 ","0,00%",7772-98-7,2832.30.20,NAO,N,N,N,N,-,-,2 - ANO,"0,0158",1,Sais Inorgânicos,Sulfatos e Sulfitos
TS08601SO,"TIOSSULFATO DE SODIO SOL.0,005N(M) 1L"," R$  14,99 ","0,00%",7772-98-7,2832.30.20,NAO,N,N,N,N,-,-,2 - ANO,"0,079",1,Sais Inorgânicos,Sulfatos e Sulfitos
TS08600SO,"TIOSSULFATO DE SODIO SOL.0,0125N(M) 1L"," R$  14,99 ","0,00%",7772-98-7,2832.30.20,NAO,N,N,N,N,-,-,2 - ANO,"0,2",1,Sais Inorgânicos,Sulfatos e Sulfitos
TS09488SO,"TIOSSULFATO DE SODIO SOL.0,01N(M) 1L"," R$  14,99 ","0,00%",7772-98-7,2832.30.20,NAO,N,N,N,N,-,-,2 - ANO,"0,16",1,Sais Inorgânicos,Sulfatos e Sulfitos
TS08599SO,"TIOSSULFATO DE SODIO SOL.0,025N(M) 1L"," R$  14,99 ","0,00%",7772-98-7,2832.30.20,NAO,N,N,N,N,-,-,2 - ANO,"3,95",1,Sais Inorgânicos,Sulfatos e Sulfitos
TS08598SO,"TIOSSULFATO DE SODIO SOL.0,05N(M) 1L"," R$  14,99 ","0,00%",7772-98-7,2832.30.20,NAO,N,N,N,N,-,-,2 - ANO,"0,79",1,Sais Inorgânicos,Sulfatos e Sulfitos
TS08597SO,"TIOSSULFATO DE SODIO SOL.0,125N(M) 1L"," R$  14,99 ","0,00%",7772-98-7,2832.30.20,NAO,N,N,N,N,-,-,2 - ANO,"1,97",1,Sais Inorgânicos,Sulfatos e Sulfitos
TS09749SO,"TIOSSULFATO DE SODIO SOL.0,1N (M) 1L"," R$  14,99 ","0,00%",7772-98-7,2832.30.20,NAO,N,N,N,N,-,-,2 - ANO,"1,56",1,Sais Inorgânicos,Sulfatos e Sulfitos
TS05252SO,"TIOSSULFATO DE SODIO SOL.0,25N 1L"," R$  15,82 ","0,00%",7772-98-7,2832.30.20,NAO,N,N,N,N,-,-,2 - ANO,"3,95",1,Sais Inorgânicos,Sulfatos e Sulfitos
TS08595SO,"TIOSSULFATO DE SODIO SOL.0,2N 1L"," R$  14,99 ","0,00%",7772-98-7,2832.30.20,NAO,N,N,N,N,-,-,2 - ANO,"3,16",1,Sais Inorgânicos,Sulfatos e Sulfitos
TS08594SO,"TIOSSULFATO DE SODIO SOL.0,5N 1L"," R$  14,99 ","0,00%",7772-98-7,2832.30.20,NAO,N,N,N,N,-,-,2 - ANO,"7,9",1,Sais Inorgânicos,Sulfatos e Sulfitos
TS08591SO,TIOSSULFATO DE SODIO SOL.1% 1L," R$  15,82 ","0,00%",7772-98-7,2832.30.20,NAO,N,N,N,N,-,-,4 - ANO,1,1,Sais Inorgânicos,Sulfatos e Sulfitos
TS08589SO,TIOSSULFATO DE SODIO SOL.10% 1L," R$  15,82 ","0,00%",7772-98-7,2832.30.20,NAO,N,N,N,N,-,-,4 - ANO,10,"1,065",Sais Inorgânicos,Sulfatos e Sulfitos
TS08593SO,TIOSSULFATO DE SODIO SOL.1N 1L," R$  14,99 ","0,00%",7772-98-7,2832.30.20,NAO,N,N,N,N,-,-,2 - ANO,"15,8","1,1",Sais Inorgânicos,Sulfatos e Sulfitos
TS08590SO,TIOSSULFATO DE SODIO SOL.2% 1L," R$  15,82 ","0,00%",7772-98-7,2832.30.20,NAO,N,N,N,N,-,-,4 - ANO,2,1,Sais Inorgânicos,Sulfatos e Sulfitos
TS08592SO,TIOSSULFATO DE SODIO SOL.2N 1L," R$  14,99 ","0,00%",7772-98-7,2832.30.20,NAO,N,N,N,N,-,-,2 - ANO,"31,6","1,2",Sais Inorgânicos,Sulfatos e Sulfitos
TS05569SO,TIOSSULFATO DE SODIO SOL.3% 1L," R$  15,82 ","0,00%",7772-98-7,2832.30.20,NAO,N,N,N,N,-,-,4 - ANO,3,1,Sais Inorgânicos,Sulfatos e Sulfitos
TE08155SO,TIOUREIA P/ ELETRODO 250ML," R$  11,89 ","0,00%",62-56-6,2930.90.21,NAO,N,N,N,N,3082,9,2 - ANO,5,1,Compostos Orgânicos,Diversos
TE09046SO,TIOUREIA P/ ELETRODO 500ML," R$  14,99 ","0,00%",62-56-6,2930.90.21,NAO,N,N,N,N,3082,9,2 - ANO,5,1,Compostos Orgânicos,Diversos
T03938RA,TIOUREIA PA 250G," R$  24,77 ","0,00%",62-56-6,2930.90.21,NAO,N,N,N,N,3077,9,6 - ANO,98,"1,4",Compostos Orgânicos,Diversos
T03939RA,TIOUREIA PA 500G," R$  38,14 ","0,00%",62-56-6,2930.90.21,NAO,N,N,N,N,3077,9,6 - ANO,98,"1,4",Compostos Orgânicos,Diversos
T07355SO,"TIOUREIA SOL.7% AC. CLORIDRICO 0,1M/L 1L"," R$  19,17 ","0,00%",62-56-6,2930.90.21,NAO,N,N,N,N,3082,9,4 - ANO,7,1,Compostos Orgânicos,Diversos
T05684RA,"TIRON (4,5 DIHIDROXI: 1,3 BENZENOSULFONATO DISODICO MONOHIDRATADO) 25G"," R$  197,00 ","0,00%",270573-71-2,2908.99.90,NAO,N,N,N,N,-,-,6 - ANO,0,1,Solventes e Água,Solventes
TL09573RA,TIROSINA-L 100G," R$  35,97 ","0,00%",60-18-4,2922.50.39,NAO,N,N,N,N,-,-,6 - ANO,98,"1,46",Compostos Orgânicos,Aminoácidos
TL09574RA,TIROSINA-L 25G," R$  11,88 ","0,00%",60-18-4,2922.50.39,NAO,N,N,N,N,-,-,6 - ANO,98,"1,46",Compostos Orgânicos,Aminoácidos
T05160RA,TIROSINA-L PA 1KG," R$  425,70 ","0,00%",60-18-4,2922.50.39,NAO,N,N,N,N,-,-,6 - ANO,98,"1,46",Compostos Orgânicos,Aminoácidos
T08587SO,TISAB II DETERMINAÇÃO DE FLUORETO C/ CDTA 500ML," R$  45,12 ","0,00%",-,2924.21.19,NAO,N,N,N,N,-,-,2 - ANO,0,1,Sais Inorgânicos,"Brometos, Iodetos e Fluoretos"
T07401SO,TISAB III DETERMINAÇÃO DE FLUORETO 500ML," R$  37,35 ","0,00%",-,2924.21.19,NAO,N,N,N,N,-,-,2 - ANO,0,1,Sais Inorgânicos,"Brometos, Iodetos e Fluoretos"
TC05638RA,TOLIDINA CLORIDRATO-ORTO 25G," R$  495,70 ","0,00%",612-82-8,2921.59.90,NAO,N,N,N,N,3077,9,6 - ANO,0,1,Compostos Orgânicos,Cloridratos e Aminas
TO03997RA,TOLIDINA-ORTO PURO 100G," R$  95,58 ","0,00%",119-93-7,2921.43.11,NAO,N,N,N,N,3077,9,4 - ANO,95,"1,23",Compostos Orgânicos,Diversos
TO03995RA,TOLIDINA-ORTO PURO 1KG," R$  895,56 ","0,00%",119-93-7,2921.43.11,NAO,N,N,N,N,3077,9,4 - ANO,97,"1,23",Compostos Orgânicos,Diversos
TO03996RA,TOLIDINA-ORTO PURO 500G," R$  465,89 ","0,00%",119-93-7,2921.43.11,NAO,N,N,N,N,3077,9,4 - ANO,97,"1,23",Compostos Orgânicos,Diversos
TO07914RA,TOLIDINA-ORTO PURO 50G," R$  46,77 ","0,00%",119-93-7,2921.43.11,NAO,N,N,N,N,3077,9,4 - ANO,95,"1,23",Compostos Orgânicos,Diversos
TO06354SO,"TOLIDINA-ORTO SOL.0,01% 1L"," R$  28,79 ","0,00%",119-93-7,2921.43.11,NAO,N,N,N,N,3082,8,4 - ANO,"0,01",1,Compostos Orgânicos,Diversos
TO06718SO,"TOLIDINA-ORTO SOL.0,05% 1L"," R$  28,79 ","0,00%",119-93-7,2921.43.11,NAO,N,N,N,N,3082,8,4 - ANO,"0,05",1,Compostos Orgânicos,Diversos
TO06481SO,"TOLIDINA-ORTO SOL.0,1% 1L"," R$  32,10 ","0,00%",119-93-7,2921.43.11,NAO,N,N,N,N,3082,8,4 - ANO,"0,1",1,Compostos Orgânicos,Diversos
OT09761SO,TOLIDINA-ORTO SOL.P/DET.CLORO RESIDUAL 1L," R$  19,76 ","0,00%",119-93-7,2921.43.11,NAO,N,N,N,N,3082,8,4 - ANO,"0,1","1,015",Compostos Orgânicos,Diversos
OT09149SO,TOLIDINA-ORTO SOL.SAT.EM AC.ACETICO 1L," R$  89,36 ","0,00%",119-93-7,2921.43.11,NAO,N,N,N,N,3082,8,4 - ANO,"0,75","1,04",Compostos Orgânicos,Diversos
T04654RA,TOLUENOSULFONAMIDA-O 50G," R$  385,46 ","0,00%",88-19-7,2904.10.30,NAO,N,N,N,N,-,-,6 - ANO,"97,5",1,Solventes e Água,Solventes
T07333RA,TOLUIDINA-PARA PS 100G," R$  158,38 ","0,00%",106-49-0,2921.43.11,NAO,N,N,N,N,1708,6.1,6 - ANO,98,"1,046",Compostos Orgânicos,Diversos
T08125RA,TOLUIDINA-PARA PS 250G," R$  182,25 ","0,00%",106-49-0,2921.43.11,NAO,N,N,N,N,1708,6.1,6 - ANO,98,"1,046",Compostos Orgânicos,Diversos
T03032RA,TORNASSOL (LITMUS) 100G," R$  4.652,12 ","0,00%",1393-92-6,3204.90.00,NAO,N,N,N,N,-,-,6 - ANO,0,"0,98",Compostos Orgânicos,Diversos
T03031RA,TORNASSOL (LITMUS) 25G," R$  1.406,48 ","0,00%",1393-92-6,3204.90.00,NAO,N,N,N,N,-,-,6 - ANO,0,"0,98",Compostos Orgânicos,Diversos
T03030RA,TORNASSOL (LITMUS) 5G," R$  308,61 ","0,00%",1393-92-6,3204.90.00,NAO,N,N,N,N,-,-,6 - ANO,0,"0,98",Compostos Orgânicos,Diversos
TH04870RA,TRANS-4-HIDROXI-L-PROLINA PA 10G," R$  212,18 ","0,00%",51-35-4,2933.99.99,NAO,N,N,N,N,-,-,6 - ANO,99,1,Compostos Orgânicos,Diversos
TH04869RA,TRANS-4-HIDROXI-L-PROLINA PA 25G," R$  400,75 ","0,00%",51-35-4,2933.99.99,NAO,N,N,N,N,-,-,6 - ANO,99,1,Compostos Orgânicos,Diversos
T06496RA,TREALOSE-D (+) PA 10G," R$  107,01 ","0,00%",6138-23-4,2940.00.99,NAO,N,N,N,N,-,-,6 - ANO,98,"1,53",Compostos Orgânicos,Diversos
T08987RA,TREALOSE-D (+) PA 25G," R$  236,00 ","0,00%",6138-23-4,2940.00.99,NAO,N,N,N,N,-,-,6 - ANO,98,"1,53",Compostos Orgânicos,Diversos
TL04747RA,"TREONINA-L 98,5% PA 100G"," R$  63,55 ","0,00%",72-19-5,2922.50.99,NAO,N,N,N,N,-,-,6 - ANO,"98,5","1,07",Compostos Orgânicos,Aminoácidos
TL04745RA,"TREONINA-L 98,5% PA 1KG"," R$  511,76 ","0,00%",72-19-5,2922.50.99,NAO,N,N,N,N,-,-,6 - ANO,"98,5","1,07",Compostos Orgânicos,Aminoácidos
TL09579RA,"TREONINA-L 98,5% PA 25G"," R$  17,82 ","0,00%",72-19-5,2922.50.99,NAO,N,N,N,N,-,-,6 - ANO,"98,5","1,07",Compostos Orgânicos,Aminoácidos
TL04746RA,"TREONINA-L 98,5% PA 500G"," R$  99,50 ","0,00%",72-19-5,2922.50.99,NAO,N,N,N,N,-,-,6 - ANO,"98,5","1,07",Compostos Orgânicos,Aminoácidos
TA08047RA,TRICLORETO DE ANTIMONIO PA 100G," R$  121,34 ","0,00%",10025-91-9,2827.39.50,NAO,N,N,N,N,1733,8,6 - ANO,99,"3,14",Sais Inorgânicos,Cloretos
TT05364SO,TRICLORETO DE TITANIO III 10-22% EM HCl 100ML," R$  241,12 ","0,00%",7705-07-9,2827.39.20,NAO,N,N,N,N,3264,8,4 - ANO,10,1,Sais Inorgânicos,Cloretos
TT06257SO,TRICLORETO DE TITANIO III 10-22% EM HCl 250ML," R$  425,15 ","0,00%",7705-07-9,2827.39.20,NAO,N,N,N,N,3264,8,4 - ANO,10,1,Sais Inorgânicos,Cloretos
TT05057SO,TRICLORETO DE TITANIO III 10-22% EM HCl 500ML," R$  713,25 ","0,00%",7705-07-9,2827.39.20,NAO,N,N,N,N,3264,8,4 - ANO,10,1,Sais Inorgânicos,Cloretos
T05637RA,TRIDECANO-N 99% PA 100ML," R$  643,55 ","0,00%",629-50-5,2901.10.00,NAO,N,N,N,N,-,-,6 - ANO,99,"0,75",Compostos Orgânicos,Diversos
T07545RA,TRIETILAMINA PS 1L," R$  79,50 ","0,00%",121-44-8,2921.19.12,NAO,N,N,N,N,1296,3(8),6 - ANO,99,"0,72",Compostos Orgânicos,Diversos
T06361RA,TRIETILENOGLICOL PURO 99% 1L," R$  85,00 ","0,00%",112-27-6,2909.49.21,NAO,N,N,N,N,-,-,4 - ANO,99,"1,12",Compostos Orgânicos,Açúcares e Carboidratos
T05361RA,TRIFENILFOSFINA PA 25G," R$  98,26 ","0,00%",603-35-0,2931.59.99,NAO,N,N,N,N,-,-,6 - ANO,0,"1,19",Compostos Orgânicos,Diversos
TS04039RA,TRIMETAFOSFATO DE SODIO PA 1KG," R$  285,15 ","0,00%",7785-84-4,2835.39.10,NAO,N,N,N,N,-,-,6 - ANO,99,"2,49",Sais Inorgânicos,Fosfatos
TS04040RA,TRIMETAFOSFATO DE SODIO PA 500G," R$  149,36 ","0,00%",7785-84-4,2835.39.10,NAO,N,N,N,N,-,-,6 - ANO,99,"2,49",Sais Inorgânicos,Fosfatos
TS06886RA,TRIPOLIFOSFATO DE SODIO 1KG," R$  42,60 ","0,00%",7758-29-4,2835.31.10,NAO,N,N,N,N,-,-,6 - ANO,85,"2,52",Sais Inorgânicos,Fosfatos
T03517RA,TRIPTOFANO-L PA 1KG," R$  381,00 ","0,00%",73-22-3,3822.90.00,NAO,N,N,N,N,-,-,6 - ANO,"98,5","1,4",Compostos Orgânicos,Aminoácidos
T07732RA,TRIPTOFANO-L PA 25G," R$  23,53 ","0,00%",73-22-3,3822.90.00,NAO,N,N,N,N,-,-,6 - ANO,"98,5","1,4",Compostos Orgânicos,Aminoácidos
TA06516RA,TRIS HIDROXIMETIL AMINOMETANO CLORIDRATO (HCL) PA 100G," R$  88,40 ","0,00%",1185-53-1,2922.19.99,NAO,N,N,N,N,-,-,6 - ANO,99,"1,05",Reagentes Especiais,EDTA e Complexantes
TA03369RA,TRIS HIDROXIMETIL AMINOMETANO CLORIDRATO (HCL) PA 1KG," R$  762,36 ","0,00%",1185-53-1,2922.19.99,NAO,N,N,N,N,-,-,6 - ANO,99,"1,28",Reagentes Especiais,EDTA e Complexantes
TA06515RA,TRIS HIDROXIMETIL AMINOMETANO CLORIDRATO (HCL) PA 250G," R$  214,27 ","0,00%",1185-53-1,2922.19.99,NAO,N,N,N,N,-,-,6 - ANO,99,"1,05",Reagentes Especiais,EDTA e Complexantes
TA06514RA,TRIS HIDROXIMETIL AMINOMETANO CLORIDRATO (HCL) PA 500G," R$  385,97 ","0,00%",1185-53-1,2922.19.99,NAO,N,N,N,N,-,-,6 - ANO,99,"1,05",Reagentes Especiais,EDTA e Complexantes
TA09508RA,TRIS HIDROXIMETIL AMINOMETANO PA 100G," R$  49,58 ","0,00%",77-86-1,2922.19.99,NAO,N,N,N,N,-,-,6 - ANO,99,"0,61",Reagentes Especiais,EDTA e Complexantes
TA07912RA,TRIS HIDROXIMETIL AMINOMETANO PA 1KG," R$  439,99 ","0,00%",77-86-1,2922.19.99,NAO,N,N,N,N,-,-,6 - ANO,99,"0,61",Reagentes Especiais,EDTA e Complexantes
TA09509RA,TRIS HIDROXIMETIL AMINOMETANO PA 250G," R$  118,78 ","0,00%",77-86-1,2922.19.99,NAO,N,N,N,N,-,-,6 - ANO,99,"0,61",Reagentes Especiais,EDTA e Complexantes
TA09507RA,TRIS HIDROXIMETIL AMINOMETANO PA 500G," R$  229,99 ","0,00%",77-86-1,2922.19.99,NAO,N,N,N,N,-,-,6 - ANO,99,"1,32",Reagentes Especiais,EDTA e Complexantes
T06392SO,TRIS HIDROXIMETIL AMINOMETANO SOL.1N 1L," R$  91,15 ","0,00%",77-86-1,2922.19.99,NAO,N,N,N,N,-,-,2 - ANO,4,"0,61",Reagentes Especiais,EDTA e Complexantes
T09365RA,TRITON X-100 1L," R$  143,45 ","3,25%",9002-93-1,3402.42.00,SIM,N,N,N,N,3082,9,6 - ANO,99,"1,07",Compostos Orgânicos,Diversos
T07278SO,TRITON X-100 SOL. 1% 1L," R$  42,15 ","3,25%",9002-93-1,3402.42.00,SIM,N,N,N,N,3082,9,4 - ANO,0,1,Compostos Orgânicos,Diversos
T08585SO,"TROPAEOLINA 0 (PH 11,0-13,0) 500ML"," R$  32,25 ","0,00%",547-57-9,3822.90.00,NAO,N,N,N,N,-,-,2 - ANO,0,1,Compostos Orgânicos,Diversos
TR05862RA,TROPAEOLINA 0 CI.14270 25G," R$  53,36 ","0,00%",547-57-9,3822.90.00,NAO,N,N,N,N,-,-,4 - ANO,0,"1,52",Compostos Orgânicos,Diversos
TR05863RA,TROPAEOLINA 00 CI.13080 5G," R$  68,25 ","0,00%",554-73-4,3822.90.00,NAO,N,N,N,N,-,-,4 - ANO,0,"1,52",Compostos Orgânicos,Diversos
TR05285RA,TROPAEOLINA 000 N°2 (ALARANJADO II) (C.I. 15510) 25G," R$  117,09 ","0,00%",633-96-5,3822.90.00,NAO,N,N,N,N,-,-,4 - ANO,0,"1,52",Indicadores,Indicadores e Corantes
T08584SO,"TROPAEOLINA 000 Nº2 (PH 10,0-12,0) 500ML"," R$  19,67 ","0,00%",633-96-5,3822.90.00,NAO,N,N,N,N,-,-,2 - ANO,0,1,Compostos Orgânicos,Diversos
TS07187RA,TUNGSTATO DE SODIO 2H2O PA 100G," R$  232,12 ","0,00%",10213-10-2,2841.90.43,NAO,N,N,N,N,-,-,6 - ANO,98,"4,18",Metais,Metais Alcalinos e Alcalino-Terrosos
TS09929RA,TUNGSTATO DE SODIO 2H2O PA 250G," R$  479,40 ","0,00%",10213-10-2,2841.80.90,NAO,N,N,N,N,-,-,6 - ANO,98,"4,18",Metais,Metais Alcalinos e Alcalino-Terrosos
T07372RA,TWEEN 20 P.S (POLISSORBATO) 1L," R$  106,14 ","3,25%",9005-64-5,3402.42.00,SIM,N,N,N,N,-,-,6 - ANO,0,"1,1",Compostos Orgânicos,Diversos
T04522RA,TWEEN 60 (POLISSORBATO) PS 1L," R$  85,62 ","3,25%",9005-67-8,3402.42.00,SIM,N,N,N,N,-,-,6 - ANO,0,"1,07",Compostos Orgânicos,Diversos
T04528RA,TWEEN 60 (POLISSORBATO) PS 500ML," R$  75,48 ","3,25%",9005-67-8,3402.42.00,SIM,N,N,N,N,-,-,6 - ANO,0,"1,07",Compostos Orgânicos,Diversos
T09799RA,TWEEN 80 (POLISSORBATO) PS 1L," R$  69,41 ","3,25%",9005-65-6,3402.42.00,SIM,N,N,N,N,-,-,6 - ANO,0,"1,06",Compostos Orgânicos,Diversos
U05636RA,UNDECANO-N 99% PA 100ML," R$  346,55 ","0,00%",1120-21-4,2905.19.99,NAO,N,N,N,N,2330,3,6 - ANO,99,"0,74",Compostos Orgânicos,Diversos
U05635RA,"URACIL 99% (2,4 DIHIDROXIPIRIMIDINA) PUREX 10G"," R$  119,75 ","0,00%",1193-24-4,2933.59.99,NAO,N,N,N,N,-,-,6 - ANO,99,"1,47",Compostos Orgânicos,Diversos
U04338RA,UREIA (CARBAMIDA) PA 1KG," R$  18,20 ","0,00%",57-13-6,3102.10.10,NAO,N,N,N,N,-,-,6 - ANO,0,"1,32",Compostos Orgânicos,Diversos
U04339RA,UREIA (CARBAMIDA) PA 500G," R$  14,10 ","0,00%",57-13-6,3102.10.10,NAO,N,N,N,N,-,-,6 - ANO,0,"1,32",Compostos Orgânicos,Diversos
U04337RA,UREIA (CARBAMIDA) PA 5KG," R$  64,06 ","0,00%",57-13-6,3102.10.10,NAO,N,N,N,N,-,-,6 - ANO,0,"1,32",Compostos Orgânicos,Diversos
U03079SO,UREIA SOL. 40% AQUOSA 1L," R$  75,63 ","0,00%",57-13-6,3102.10.10,NAO,N,N,N,N,-,-,2 - ANO,40,1,Compostos Orgânicos,Diversos
LV09750RA,VALINA- L PA 25G," R$  14,87 ","0,00%",72-18-4,2922.49.90,NAO,N,N,N,N,-,-,6 - ANO,98,"1,32",Compostos Orgânicos,Diversos
LV09575RA,VALINA-L PA 100G," R$  29,48 ","0,00%",72-18-4,2922.49.90,NAO,N,N,N,N,-,-,6 - ANO,98,"1,32",Compostos Orgânicos,Aminoácidos
V09834RA,VANILINA PA 100G," R$  55,14 ","0,00%",121-33-5,2912.41.00,NAO,N,N,N,N,-,-,6 - ANO,97,"1,06",Compostos Orgânicos,Cloridratos e Aminas
V06922RA,VANILINA PA 1KG," R$  514,36 ","0,00%",121-33-5,2912.41.00,NAO,N,N,N,N,-,-,6 - ANO,97,"1,06",Compostos Orgânicos,Cloridratos e Aminas
VL09876RA,VASELINA LIQUIDA 1L," R$  39,75 ","0,00%",8009-03-8,2710.19.91,NAO,N,N,N,N,-,-,6 - ANO,0,"0,9",Compostos Orgânicos,Diversos
VS09875RA,VASELINA SOLIDA 1KG," R$  49,99 ","0,00%",8009-03-8,2710.19.91,NAO,N,N,N,N,-,-,6 - ANO,0,"0,9",Compostos Orgânicos,Diversos
VS08378RA,VASELINA SOLIDA 500G," R$  28,88 ","0,00%",8009-03-8,2710.19.91,NAO,N,N,N,N,-,-,6 - ANO,0,"0,9",Compostos Orgânicos,Diversos
VS05581RA,VASELINA SOLIDA 5KG," R$  240,15 ","0,00%",8009-03-8,2710.19.91,NAO,N,N,N,N,-,-,6 - ANO,0,"0,9",Compostos Orgânicos,Diversos
VB07618RA,VERDE BRILHANTE (CI.42040) PA 100G," R$  67,85 ","0,00%",633-03-4,3822.90.00,NAO,N,N,N,N,-,-,6 - ANO,0,"1,1",Indicadores,Indicadores e Corantes
VB08165RA,VERDE BRILHANTE (CI.42040) PA 25G," R$  26,33 ","0,00%",633-03-4,3822.90.00,NAO,N,N,N,N,-,-,6 - ANO,0,"1,1",Indicadores,Indicadores e Corantes
VB07251SO,"VERDE BRILHANTE SOL.0,1% 250ML"," R$  29,56 ","0,00%",633-03-4,3822.90.00,NAO,N,N,N,N,-,-,4 - ANO,0,"1,1",Indicadores,Indicadores e Corantes
VB04120SO,VERDE BRILHANTE SOL.1% 1L," R$  40,25 ","0,00%",633-03-4,3822.90.00,NAO,N,N,N,N,-,-,4 - ANO,0,1,Indicadores,Indicadores e Corantes
VB03942SO,VERDE BRILHANTE SOL.2% AQUOSA 1L," R$  64,50 ","0,00%",633-03-4,3822.90.00,NAO,N,N,N,N,-,-,2 - ANO,2,1,Indicadores,Indicadores e Corantes
VB08661SO,VERDE BROMOCRESOL + VERM.METILA SOL 500ML," R$  31,17 ","0,00%",-,3822.90.00,NAO,N,N,N,N,1993,3,4 - ANO,0,"0,867",Indicadores,Indicadores e Corantes
VB08525RA,VERDE BROMOCRESOL PA 25G," R$  232,22 ","0,00%",76-60-8,2934.99.99,NAO,N,N,N,N,-,-,6 - ANO,0,"0,79",Indicadores,Indicadores e Corantes
VB08006RA,VERDE BROMOCRESOL PA 5G," R$  50,50 ","0,00%",76-60-8,2934.99.99,NAO,N,N,N,N,-,-,6 - ANO,0,"0,79",Indicadores,Indicadores e Corantes
VB08582SO,"VERDE BROMOCRESOL PH 3,8- 5,4 500ML"," R$  26,45 ","0,00%",76-60-8,3822.90.00,NAO,N,N,N,N,1170,3,4 - ANO,"0,1","0,85",Indicadores,Indicadores e Corantes
VB09345SO,"VERDE BROMOCRESOL SOL.0,1% 500ML"," R$  26,45 ","0,00%",76-60-8,3822.90.00,NAO,N,N,N,N,1170,3,4 - ANO,"0,1","0,85",Indicadores,Indicadores e Corantes
VN06384RA,VERDE DE NAFTOL B (CI 10020) 100G," R$  155,80 ","0,00%",19381-50-1,3822.90.00,NAO,N,N,N,N,-,-,4 - ANO,0,"0,68",Indicadores,Indicadores e Corantes
VN06138RA,VERDE DE NAFTOL B (CI 10020) 25G," R$  52,80 ","0,00%",19381-50-1,3822.90.00,NAO,N,N,N,N,-,-,4 - ANO,0,"0,68",Indicadores,Indicadores e Corantes
VJ07987RA,VERDE JANUS (CI.11050) 5G," R$  46,38 ","0,00%",2869-83-2,3204.19.30,NAO,N,N,N,N,-,-,4 - ANO,0,1,Indicadores,Indicadores e Corantes
VJ08580SO,VERDE JANUS SOL.3% 250ML," R$  49,50 ","0,00%",2869-83-2,3822.90.00,NAO,N,N,N,N,-,-,4 - ANO,3,1,Indicadores,Indicadores e Corantes
VL07327RA,VERDE LUZ/LIGHT GREEN(CI.42095)PA 25G," R$  109,17 ","0,00%",5141-20-8,3822.90.00,NAO,N,N,N,N,-,-,6 - ANO,80,1,Indicadores,Indicadores e Corantes
VM09842RA,VERDE MALAQUITA (CI.42000) PA 100G," R$  35,63 ","0,00%",569-64-2,3822.90.00,NAO,N,N,N,N,3077,9,6 - ANO,0,"1,04",Indicadores,Indicadores e Corantes
VM08581RA,VERDE MALAQUITA (CI.42000) PA 1KG," R$  255,60 ","0,00%",569-64-2,3822.90.00,NAO,N,N,N,N,3077,9,6 - ANO,0,"1,04",Indicadores,Indicadores e Corantes
VM09659RA,VERDE MALAQUITA (CI.42000) PA 25G," R$  18,38 ","0,00%",569-64-2,3822.90.00,NAO,N,N,N,N,3077,9,6 - ANO,0,"1,04",Indicadores,Indicadores e Corantes
VM07289RA,VERDE MALAQUITA (CI.42000) PA 500G," R$  138,13 ","0,00%",569-64-2,3822.90.00,NAO,N,N,N,N,3077,9,6 - ANO,0,"1,04",Indicadores,Indicadores e Corantes
VM05206RA,VERDE MALAQUITA OXALATO 25G," R$  48,25 ","0,00%",2437-29-8,3822.90.00,NAO,N,N,N,N,2811,6.1,6 - ANO,0,"1,04",Indicadores,Indicadores e Corantes
VM05258SO,VERDE MALAQUITA OXALATO SOL.1% 1L," R$  95,25 ","0,00%",2437-29-8,3822.90.00,NAO,N,N,N,N,-,-,4 - ANO,1,1,Indicadores,Indicadores e Corantes
VM08142SO,VERDE MALAQUITA SOL. P/ MICROSCOPIA 5% 1L," R$  24,37 ","0,00%",2437-29-8,3822.90.00,NAO,N,N,N,N,-,-,4 - ANO,5,1,Indicadores,Indicadores e Corantes
VM05634RA,VERDE METILA (CI 42590) 5G," R$  116,15 ","0,00%",7114-03-6,3822.90.00,SIM,N,N,N,N,3261,8,4 - ANO,0,1,Indicadores,Indicadores e Corantes
VS07364RA,VERDE SOLIDO (FAST GREEN) PA 25G," R$  67,90 ","0,00%",2353-45-9,3822.90.00,NAO,N,N,N,N,-,-,4 - ANO,0,"0,35",Indicadores,Indicadores e Corantes
VN08423RA,VERMELHO ALFA-NAFTILA (CI.11350) 10G," R$  413,30 ","0,00%",83833-14-1,3822.90.00,NAO,N,N,N,N,-,-,2 - ANO,0,"1,1",Indicadores,Indicadores e Corantes
VA09254RA,VERMELHO BORDEAUX (CI.16185) 100G," R$  68,64 ","0,00%",915-67-3,3822.90.00,NAO,N,N,N,N,-,-,4 - ANO,0,"1,5",Indicadores,Indicadores e Corantes
VB08578SO,"VERMELHO BROMOFENOL (PH 5,2- 7,0) 1L"," R$  26,45 ","0,00%",2800-80-8,2934.99.99,NAO,N,N,N,N,1170,3,6 - ANO,70,"0,86",Indicadores,Indicadores e Corantes
VC06226RA,VERMELHO CLOROFENOL 10G," R$  99,50 ","0,00%",4430-20-0,3822.90.00,NAO,N,N,N,N,-,-,4 - ANO,0,1,Indicadores,Indicadores e Corantes
VC08577SO,"VERMELHO CLOROFENOL PH 5,0- 6,6 500ML"," R$  73,40 ","0,00%",4430-20-0,3822.90.00,NAO,N,N,N,N,1170,3,4 - ANO,1,"0,86",Indicadores,Indicadores e Corantes
VC07236RA,VERMELHO DE CONGO (CI.22120) 25G," R$  16,37 ","0,00%",573-58-0,3822.90.00,NAO,N,N,N,N,-,-,4 - ANO,0,1,Indicadores,Indicadores e Corantes
VC08579SO,"VERMELHO DE CONGO PH 3,0- 5,2 1L"," R$  17,14 ","0,00%",573-58-0,3822.90.00,NAO,N,N,N,N,-,-,4 - ANO,0,1,Indicadores,Indicadores e Corantes
VC06955SO,VERMELHO DE CONGO SOL.1% 1L," R$  47,80 ","0,00%",573-58-0,3822.90.00,NAO,N,N,N,N,-,-,4 - ANO,1,1,Indicadores,Indicadores e Corantes
VC08576SO,"VERMELHO DE CRESOL (PH 7,2-8,8) 1L"," R$  23,00 ","0,00%",1733-12-6,3822.90.00,NAO,N,N,N,N,1170,3,2 - ANO,0,1,Indicadores,Indicadores e Corantes
VC09256RA,VERMELHO DE CRESOL 5G," R$  20,24 ","0,00%",1733-12-6,3822.90.00,NAO,N,N,N,N,-,-,4 - ANO,0,"0,998",Indicadores,Indicadores e Corantes
VE05633RA,VERMELHO DE ETILA 1G," R$  322,66 ","0,00%",76058-33-8,3822.90.00,NAO,N,N,N,N,3276,6.1,4 - ANO,0,"1,13",Indicadores,Indicadores e Corantes
VF08575SO,"VERMELHO DE FENOL (PH 6,8-8,4) 1L"," R$  21,38 ","0,00%",143-74-8,2934.99.99,NAO,N,N,N,N,-,-,2 - ANO,0,1,Indicadores,Indicadores e Corantes
VF07999RA,VERMELHO DE FENOL PA ACS 100G," R$  130,82 ","0,00%",143-74-8,2934.99.99,NAO,N,N,N,N,-,-,6 - ANO,0,1,Indicadores,Indicadores e Corantes
VF09237RA,VERMELHO DE FENOL PA ACS 25G," R$  34,78 ","0,00%",143-74-8,2934.99.99,NAO,N,N,N,N,-,-,6 - ANO,0,1,Indicadores,Indicadores e Corantes
VF06623RA,VERMELHO DE FENOL PA ACS 5G," R$  17,23 ","0,00%",143-74-8,2934.99.99,NAO,N,N,N,N,-,-,6 - ANO,0,1,Indicadores,Indicadores e Corantes
VM08437RA,VERMELHO DE METILA PA ACS 100G," R$  86,88 ","0,00%",493-52-7,3822.90.00,NAO,N,N,N,N,-,-,6 - ANO,0,"1,31",Indicadores,Indicadores e Corantes
VM09072RA,VERMELHO DE METILA PA ACS 25G," R$  29,06 ","0,00%",493-52-7,3822.90.00,NAO,N,N,N,N,-,-,6 - ANO,0,"1,31",Indicadores,Indicadores e Corantes
VM03251SO,"VERMELHO DE METILA SOL. 0,2% (AQUOSA) 1L"," R$  38,40 ","0,00%",493-52-7,3822.90.00,NAO,N,N,N,N,-,-,2 - ANO,"0,2",1,Indicadores,Indicadores e Corantes
VM04110SO,"VERMELHO DE METILA SOL. 0,3% AQUOSA 1L"," R$  49,60 ","0,00%",493-52-7,3822.90.00,NAO,N,N,N,N,-,-,4 - ANO,"0,3",1,Indicadores,Indicadores e Corantes
VM07252SO,"VERMELHO DE METILA SOL.0,02% 250ML"," R$  16,72 ","0,00%",493-52-7,3822.90.00,NAO,N,N,N,N,1170,3,4 - ANO,"0,02",1,Indicadores,Indicadores e Corantes
VM04437SO,"VERMELHO DE METILA SOL.0,05% AQUOSA 1L"," R$  16,80 ","0,00%",493-52-7,3822.90.00,NAO,N,N,N,N,-,-,4 - ANO,"0,05",1,Indicadores,Indicadores e Corantes
VM05930SO,"VERMELHO DE METILA SOL.0,1% EM ETANOL 1L"," R$  31,60 ","0,00%",493-52-7,3822.90.00,NAO,N,N,N,N,1170,3,4 - ANO,"0,1","0,86",Indicadores,Indicadores e Corantes
VM07421SO,"VERMELHO DE METILA SOL.0,2% EM ETANOL 1L"," R$  50,40 ","0,00%",493-52-7,3822.90.00,NAO,N,N,N,N,1170,3,4 - ANO,"0,2","0,86",Indicadores,Indicadores e Corantes
VM05033SO,VERMELHO DE METILA SOL.1% AQUOSA 1L," R$  26,80 ","0,00%",493-52-7,3822.90.00,NAO,N,N,N,N,-,-,2 - ANO,1,1,Indicadores,Indicadores e Corantes
VM08522SO,"VERMELHO DE METILA SOL.1% PH 4,2-6,2 250ML"," R$  18,72 ","0,00%",493-52-7,3822.90.00,NAO,N,N,N,N,1170,3,4 - ANO,1,"0,86",Indicadores,Indicadores e Corantes
VM09372SO,"VERMELHO DE METILA SOL.PH 4,2-6,2 1L"," R$  30,40 ","0,00%",493-52-7,3822.90.00,NAO,N,N,N,N,1170,3,2 - ANO,"0,1","0,86",Indicadores,Indicadores e Corantes
VN06452RA,VERMELHO DE NILO (NILO RED) 1G," R$  996,16 ","0,00%",7385-67-3,3822.90.00,NAO,N,N,N,N,-,-,4 - ANO,0,"1,2",Indicadores,Indicadores e Corantes
VN07713RA,VERMELHO NEUTRO 60% (C.I. 50040) 25G," R$  75,85 ","0,00%",553-24-2,3822.90.00,NAO,N,N,N,N,-,-,4 - ANO,60,1,Indicadores,Indicadores e Corantes
VN08574SO,"VERMELHO NEUTRO SOL.PH 6,8- 8,0 1L"," R$  26,29 ","0,00%",553-24-2,3822.90.00,NAO,N,N,N,N,-,-,4 - ANO,1,1,Indicadores,Indicadores e Corantes
VP08431RA,VERMELHO PONCEAU (CI.16255) 100G," R$  203,28 ","0,00%",2611-82-7,3822.90.00,NAO,N,N,N,N,-,-,4 - ANO,82,"1,772",Indicadores,Indicadores e Corantes
VP09531RA,VERMELHO PONCEAU (CI.16255) 25G," R$  56,31 ","0,00%",2611-82-7,3822.90.00,NAO,N,N,N,N,-,-,4 - ANO,82,"1,772",Indicadores,Indicadores e Corantes
SR07371RA,VERMELHO SIRIUS (SIRIUS RED) 5G," R$  115,14 ","0,00%",2610-10-8,3822.90.00,NAO,N,N,N,N,-,-,4 - ANO,0,1,Indicadores,Indicadores e Corantes
V09538RA,VESUVINA (P.DE BISMARCK-IC.21010) 25G," R$  12,43 ","0,00%",10114-58-6,3822.90.00,NAO,N,N,N,N,-,-,4 - ANO,0,1,Compostos Orgânicos,Diversos
V08441RA,VESUVINA(P.DE BISMARCK-IC.21010) 100G," R$  39,73 ","0,00%",10114-58-6,3822.90.00,NAO,N,N,N,N,-,-,4 - ANO,0,1,Compostos Orgânicos,Diversos
VC09720RA,VIOLETA CRISTAL (IC 42555) PA 100G," R$  55,10 ","0,00%",548-62-9,3204.13.00,SIM,N,N,N,N,3077,9,6 - ANO,96,"1,19",Indicadores,Indicadores e Corantes
VC06028RA,VIOLETA CRISTAL (IC 42555) PA 1KG," R$  461,00 ","0,00%",548-62-9,3204.13.00,SIM,N,N,N,N,3077,9,6 - ANO,96,"1,19",Indicadores,Indicadores e Corantes
VC08488RA,VIOLETA CRISTAL (IC 42555) PA 25G," R$  21,28 ","0,00%",548-62-9,3204.13.00,SIM,N,N,N,N,3077,9,6 - ANO,96,"1,19",Indicadores,Indicadores e Corantes
VC04358RA,VIOLETA DE CRESIL ACETATO 10G," R$  1.059,78 ","0,00%",10510-54-0,3212.90.90,NAO,N,N,N,N,-,-,6 - ANO,0,1,Indicadores,Indicadores e Corantes
VM07042RA,VIOLETA DE METILA GENCIANA CI42535 100G," R$  35,50 ","0,00%",8004-87-3,3822.90.00,NAO,N,N,N,N,3077,9,4 - ANO,96,1,Indicadores,Indicadores e Corantes
VM07207RA,VIOLETA DE METILA GENCIANA CI42535 25G," R$  11,54 ","0,00%",8004-87-3,3822.90.00,NAO,N,N,N,N,3077,9,4 - ANO,96,1,Indicadores,Indicadores e Corantes
VP05621RA,VIOLETA DE PIROCATECOL PA 25G," R$  766,55 ","0,00%",115-41-3,3822.90.00,NAO,N,N,N,N,-,-,6 - ANO,0,1,Indicadores,Indicadores e Corantes
VP05093RA,VIOLETA DE PIROCATECOL PA 5G," R$  226,82 ","0,00%",115-41-3,3822.90.00,NAO,N,N,N,N,-,-,6 - ANO,0,1,Indicadores,Indicadores e Corantes
VB09952RA,VITAMINA B12 (CIANOCOBALAMINA) 1G," R$  451,40 ","0,00%",68-19-9,2936.26.10,NAO,N,N,N,N,-,-,6 - ANO,96,"1,35",Compostos Orgânicos,Vitaminas
R06556RA,VITAMINA B2 (RIBOFLAVINA) 100G," R$  268,59 ","0,00%",83-88-5,2936.23.10,NAO,N,N,N,N,-,-,6 - ANO,98,"1,35",Compostos Orgânicos,Vitaminas
R06712RA,VITAMINA B2 (RIBOFLAVINA) 25G," R$  82,60 ","0,00%",83-88-5,2936.23.10,NAO,N,N,N,N,-,-,6 - ANO,98,"1,35",Compostos Orgânicos,Vitaminas
VE05736RA,VITAMINA E 1KG," R$  534,28 ","0,00%",59-02-9,2936.28.11,NAO,N,N,N,N,-,-,6 - ANO,"48,5","0,95",Compostos Orgânicos,Vitaminas
VE09951RA,VITAMINA E EM PO 100G," R$  65,87 ","0,00%",59-02-9,2936.21.90,NAO,N,N,N,N,-,-,6 - ANO,"48,5","0,95",Compostos Orgânicos,Vitaminas
XP03781RA,XANTOGENATO DE POTASSIO PA 100G," R$  132,55 ","0,00%",140-89-6,2930.90.99,NAO,N,N,N,N,3342,4.2,6 - ANO,97,1,Metais,Metais Alcalinos e Alcalino-Terrosos
XP03782RA,XANTOGENATO DE POTASSIO PA 250G," R$  265,10 ","0,00%",140-89-6,2930.90.99,NAO,N,N,N,N,3342,4.2,6 - ANO,97,1,Metais,Metais Alcalinos e Alcalino-Terrosos
XP09950RA,XANTOGENATO DE POTASSIO PA 25G," R$  36,82 ","0,00%",140-89-6,2930.90.99,NAO,N,N,N,N,3342,4.2,6 - ANO,97,1,Metais,Metais Alcalinos e Alcalino-Terrosos
X06137RA,XILOSE-D EXTRA PURO 100G," R$  49,86 ","0,00%",58-86-6,2940.00.99,NAO,N,N,N,N,-,-,4 - ANO,"98,5","1,53",Compostos Orgânicos,Açúcares e Carboidratos
X06125RA,XILOSE-D EXTRA PURO 1KG," R$  389,79 ","0,00%",58-86-6,2940.00.99,NAO,N,N,N,N,-,-,4 - ANO,"98,5","1,53",Compostos Orgânicos,Açúcares e Carboidratos
X06558RA,XILOSE-D EXTRA PURO 25G," R$  15,61 ","0,00%",58-86-6,2940.00.99,NAO,N,N,N,N,-,-,4 - ANO,"98,5","1,53",Compostos Orgânicos,Açúcares e Carboidratos
X05810RA,XYLITOL 99% 100G," R$  99,50 ","0,00%",87-99-0,2905.49.00,NAO,N,N,N,N,-,-,6 - ANO,99,"1,52",Compostos Orgânicos,Diversos
X05485RA,XYLITOL 99% 10G," R$  23,59 ","0,00%",87-99-0,2905.49.00,NAO,N,N,N,N,-,-,2 - ANO,99,"1,52",Compostos Orgânicos,Diversos
X05811RA,XYLITOL 99% 25G," R$  52,93 ","0,00%",87-99-0,2905.49.00,NAO,N,N,N,N,-,-,2 - ANO,99,"1,52",Compostos Orgânicos,Diversos
X06574RA,XYLITOL 99% 500G," R$  348,25 ","0,00%",87-99-0,2905.49.00,NAO,N,N,N,N,-,-,2 - ANO,99,"1,52",Compostos Orgânicos,Diversos
ZG08158RA,ZINCO GRANULADO (20 MESH) PA 500G," R$  119,70 ","0,00%",7440-66-6,7901.11.99,NAO,N,N,N,N,3077,9,6 - ANO,"99,8","7,133",Metais,Metais de Transição e Outros
ZG05024RA,ZINCO GRANULADO (3-8MM) PA 1KG," R$  196,28 ","0,00%",7440-66-6,7903.90.00,NAO,N,N,N,N,3077,9,6 - ANO,"99,8","7,133",Metais,Metais de Transição e Outros
ZG07241RA,ZINCO GRANULADO (3-8MM) PA 250G," R$  55,56 ","0,00%",7440-66-6,7903.90.00,NAO,N,N,N,N,3077,9,6 - ANO,"99,8","7,133",Metais,Metais de Transição e Outros
ZG05025RA,ZINCO GRANULADO (3-8MM) PA 500G," R$  103,79 ","0,00%",7440-66-6,7903.90.00,NAO,N,N,N,N,3077,9,6 - ANO,"99,8","7,133",Metais,Metais de Transição e Outros
ZM08499RA,ZINCO METALICO EM PO PA 1KG," R$  104,60 ","0,00%",7440-66-6,7903.10.00,NAO,N,N,N,N,3077,9,6 - ANO,"99,8","7,133",Metais,Metais de Transição e Outros
ZM09652RA,ZINCO METALICO EM PO PA 250G," R$  35,68 ","0,00%",7440-66-6,7903.10.00,NAO,N,N,N,N,3077,9,6 - ANO,"99,8","7,133",Metais,Metais de Transição e Outros
ZM09931RA,ZINCO METALICO EM PO PA 500G," R$  57,30 ","0,00%",7440-66-6,7903.10.00,NAO,N,N,N,N,3077,9,6 - ANO,"99,8","7,133",Metais,Metais de Transição e Outros
Z05202RA,ZINCO METALICO FOLHAS 250G," R$  411,55 ","0,00%",7440-66-6,7903.90.00,NAO,N,N,N,N,3077,9,6 - ANO,"99,8","7,13",Metais,Metais de Transição e Outros